((-69, 49, 15, 8, 3, 10, 17, 35), 3, 5.701810153669486e-07)
((3, -41, -11, 17, -14, -12, -13, -11), 1, 0.0764510109024312)
((103, 16, -12, -11, -4, -10, -10, -15), 1, 0.0970818705814535)
((9, 29, -47, -3, 7, 5, 1, -4), 1, 0.11911309483421702)
((16, 5, 70, -4, 0, 5, 2, 2), 1, 0.1405724275285675)
((-37, -23, 45, -1, 7, 2, -2, -8), 1, 0.15993634499144443)
((15, -25, -30, 4, 9, 6, -1, -11), 1, 0.181442432529055)
((-28, -12, -21, -20, -11, -4, -8, -13), 1, 0.20181842129420827)
((14, -7, 4, -8, 1, -2, -2, 0), 1, 0.22551001266372034)
((13, -3, -3, -11, 0, 0, 1, 6), 1, 0.24364747076254298)
((-16, -27, -2, -6, -11, -8, -5, -5), 1, 0.2631738898147995)
((2, 0, 0, 17, 8, 5, -1, 9), 1, 0.2852832288666683)
((26, 21, 1, 10, -3, 1, 4, 9), 1, 0.305575971203578)
((13, 13, 1, 17, 5, -2, -7, 2), 1, 0.3256845450725242)
((4, 5, -1, -2, -3, 1, 0, -4), 1, 0.34819814246428815)
((-19, -21, -6, 12, -1, -5, -3, -7), 1, 0.36719543353428413)
((20, -5, -1, 3, -5, -1, 1, 9), 1, 0.385319207288738)
((0, -4, 12, -2, 3, 4, -1, -1), 1, 0.40591471574480753)
((7, -7, 7, -1, 3, 2, 4, 5), 1, 0.4352111864953767)
((-1, 8, -2, 14, 8, 1, -2, -4), 1, 0.45964686408994265)
((-1, -1, 1, -3, 0, -3, 1, -4), 1, 0.47927306481988835)
((-5, 4, 2, -5, -3, -2, 2, 1), 1, 0.5001200231037347)
((44, -6, -7, 12, 3, 5, 3, 1), 1, 0.5203990810962756)
((8, 5, 4, -10, -1, -4, -5, 1), 1, 0.5410327916803748)
((-2, 21, 3, -10, -3, -1, -3, -24), 1, 0.5625297563217395)
((3, 17, 8, 11, 0, 4, 7, 6), 1, 0.5834816279124133)
((-11, -3, 0, -25, -14, -9, -4, 5), 1, 0.6022793556270309)
((-23, -15, -4, 0, -4, -1, -1, -7), 1, 0.6222100330191827)
((6, 8, -2, -2, -4, -3, -5, -3), 1, 0.6438033582521443)
((16, 17, -2, -8, -2, 1, -2, 4), 1, 0.6626660866025137)
((20, 1, -4, 3, 5, 0, -2, -1), 1, 0.6834811147494996)
((26, 4, 2, 31, 11, 2, -1, 1), 1, 0.7055881730773068)
((5, 2, 3, -6, 1, 1, -3, 2), 1, 0.7249515203591684)
((-6, 4, 11, -9, 4, 2, 4, 1), 1, 0.7454706245591788)
((25, 7, -2, -1, 6, 1, -3, -9), 1, 0.7663067494037332)
((-23, 2, -6, 16, -1, -5, -3, 0), 1, 0.786933617815648)
((4, 3, 0, -16, -14, -2, 4, 5), 1, 0.8069914455742264)
((12, 1, -2, -1, -1, 0, 5, 37), 1, 1.127936075866005)
((18, -4, 4, -14, -2, -3, 0, -9), 1, 1.147767541761483)
((-3, -5, -3, -19, -7, 1, 5, 7), 1, 1.1682695405310324)
((-7, -15, -1, -9, -4, 2, 2, 1), 1, 1.1970129356966956)
((17, 4, -1, -1, 3, 0, 3, 3), 1, 1.2164766348372618)
((-3, 6, 0, 15, -2, -3, -3, 1), 1, 1.2365179273463947)
((18, -10, -4, 5, -8, -1, -3, -2), 1, 1.2547397722354916)
((33, -15, -1, -4, 0, 1, -1, -2), 1, 1.2757657673581633)
((0, 5, 1, -1, 4, 3, 1, 2), 1, 1.2960077635847052)
((23, 14, 1, 2, -2, -1, 4, 3), 1, 1.3154019006413966)
((-1, -3, 2, -2, 1, -1, 2, -3), 1, 1.3364683786161593)
((-27, -5, 3, -9, -3, -2, -3, -5), 1, 1.355903568705957)
((0, 3, 3, -7, -3, -3, 0, 1), 1, 1.3757624032901725)
((18, 7, -2, -5, -8, -4, -1, 1), 1, 1.398284553397167)
((0, -10, -3, 8, -15, -4, -1, 0), 1, 1.4205546834953693)
((6, 12, 0, -1, 5, -1, -1, 3), 1, 1.4440296060790418)
((7, -1, -3, 2, 10, 3, 3, -2), 1, 1.4645105081510228)
((-12, 6, 3, 1, -2, -2, 3, 1), 1, 1.4844206590266211)
((0, -4, -1, -4, -3, -1, -3, -2), 1, 1.5056593316680247)
((-63, -10, -3, -9, -6, -1, 3, -9), 1, 1.5251572416695127)
((-9, -10, 0, 0, 1, 4, -1, -9), 1, 1.5445907212162646)
((6, 2, -1, -8, -5, -4, -2, -1), 1, 1.5645003019108477)
((27, -2, -2, 16, -4, -3, -5, 2), 1, 1.5840774670734719)
((-6, -2, -1, -11, 1, 0, -1, -2), 1, 1.6070164195026995)
((7, 11, 1, 1, -3, -1, 2, 1), 1, 1.6274465754643126)
((-27, 3, -4, -11, -10, -5, -6, -2), 1, 1.987511895401433)
((14, 11, 0, 4, 3, 2, 1, 1), 1, 2.007225904007745)
((24, 5, 2, 4, 8, 4, 2, 2), 1, 2.026749472154925)
((-2, 4, -1, -4, 0, -2, 0, -1), 1, 2.046908792134239)
((-8, -9, 1, -13, -2, 0, -3, -4), 1, 2.064827300723161)
((12, 2, -3, 2, -3, -1, -3, 0), 1, 2.0853885983183083)
((11, -4, -3, -4, -2, -3, -4, -1), 1, 2.1047701913926615)
((0, -7, 0, -3, 2, 0, -1, 6), 1, 2.1249506080695437)
((-3, 8, -1, -4, -2, -1, 0, -2), 1, 2.144184524260917)
((-8, -11, -2, -1, -3, -4, -1, -4), 1, 2.16268746839059)
((-18, -2, 3, -2, -2, -2, -4, -3), 1, 2.185499840634406)
((3, 4, 0, -4, 0, 0, 2, 0), 1, 2.205656309708643)
((1, 0, -1, -10, 4, 2, 4, -1), 1, 2.2254809334319368)
((36, -16, -3, -9, -2, -1, -5, -2), 1, 2.245226301994094)
((0, 3, -1, 2, -3, -1, -4, -6), 1, 2.2652795683045497)
((-17, 5, -4, -3, -1, -1, -1, -3), 1, 2.2879277284159403)
((3, -2, -1, 4, 3, 2, 0, 1), 1, 2.308676045384128)
((-42, 4, -3, 7, -7, 0, 0, 4), 1, 2.3272896046307823)
((19, -3, 3, 2, 4, 2, 3, 2), 1, 2.3468684803364526)
((-17, -3, 4, 3, 1, -1, 1, 3), 1, 2.366200467662469)
((-18, -13, -3, 4, 4, -1, -2, -3), 1, 2.386630623624082)
((9, 5, -1, 2, -2, -2, -2, -1), 1, 2.4067146797093675)
((15, -5, 2, 20, 9, 0, 0, 0), 1, 2.4337794619657904)
((-64, -8, 0, 7, 4, -3, 0, -8), 1, 2.4562497256003866)
((17, 16, 0, -2, 1, 2, 2, 0), 1, 2.4798078946123026)
((12, -3, -1, -10, -6, -2, -1, 1), 1, 2.502247368472069)
((0, -5, 2, -4, 1, 0, -2, -1), 1, 2.522058878032009)
((-2, -2, -2, 1, -4, -2, -2, -2), 1, 2.5421058723512955)
((1, -12, -1, -13, -3, -1, 1, 0), 1, 2.5630007258404324)
((-11, 0, -2, -8, -4, 1, 2, -3), 1, 2.5845706736517644)
((2, -18, -5, 3, -3, -1, 0, 1), 1, 2.605671362487449)
((1, 8, -2, -15, -6, 0, -1, -4), 1, 2.6268809558970685)
((6, 9, 1, 0, 3, -2, -1, 0), 1, 2.64620496068887)
((2, 0, 0, 13, -1, 0, -1, -3), 1, 2.666615160314945)
((-7, 1, 0, 10, -2, -2, 0, 2), 1, 2.6885682697686035)
((7, 15, 2, 1, 1, 2, 2, -1), 1, 2.7084231130857113)
((-7, 2, 0, -20, -5, 1, -1, -4), 1, 2.7287164256036363)
((4, -1, 1, 3, 6, 2, 3, 23), 1, 2.748125957547743)
((-35, -38, -6, -7, -2, -2, -7, -17), 1, 2.7684779987102504)
((-17, 0, -5, -5, -5, -2, -6, -7), 1, 2.7887085913164853)
((2, 4, 2, 3, 4, -1, 1, 0), 1, 2.808167158827913)
((17, 3, -2, 1, -5, -1, 0, -2), 1, 2.829973161579607)
((-50, -2, -2, 7, -4, -1, -2, -1), 1, 2.851761488719824)
((2, -1, 3, 3, 8, 7, 4, -1), 1, 2.8726130084517933)
((-5, -1, -3, -4, 4, 0, -2, -5), 1, 2.8929935586650695)
((-3, -3, -3, -1, 2, 0, 1, -3), 1, 2.914021264330787)
((-13, -1, -2, 7, -2, -2, -4, -2), 1, 2.9382818963536352)
((-16, -11, 2, 1, 2, -2, 3, 2), 1, 2.9578664738694593)
((51, 9, 0, -13, -5, -1, -4, -3), 1, 2.9771613994294768)
((-24, -3, 1, -14, -5, 2, 0, -2), 1, 2.9966553181638576)
((-13, -16, -2, 24, 6, -2, 0, 2), 1, 3.0183039509553096)
((-23, -12, -1, 2, 2, 0, -1, -7), 1, 3.039542053415698)
((-29, -24, -4, -9, -6, -6, -2, -3), 1, 3.0598079972448855)
((11, 2, -1, -2, -4, 2, 0, -2), 1, 3.0786918222928232)
((10, -6, 1, 4, 0, -3, 3, -3), 1, 3.097716482051557)
((26, 15, 2, -1, -2, -1, -1, 2), 1, 3.1182869025429505)
((-2, -9, -3, -15, -14, -2, -1, -3), 1, 3.1370447175864924)
((17, 13, 0, 12, 7, 4, 4, 1), 1, 3.155727838917021)
((27, -13, -3, -8, -2, -2, -3, -3), 1, 3.178609773244712)
((6, 3, 0, -8, -5, -3, -3, -5), 1, 3.199887788376176)
((-15, -24, -2, -1, -4, -3, -4, -8), 1, 3.2190988973269343)
((18, -3, -7, 5, -7, -4, -3, -3), 1, 3.240285113314924)
((16, 6, -3, -14, -5, -3, -3, -2), 1, 3.2595378454798043)
((15, 2, 2, -5, 2, -3, 1, 0), 1, 3.279895018271451)
((-1, -6, 1, -5, -1, -3, -1, -2), 1, 3.3010692604581178)
((-13, 0, 1, -12, -2, 0, -1, -1), 1, 3.3207325229540623)
((25, 2, 1, 8, 12, 3, -1, 2), 1, 3.3393745912514845)
((-15, 3, 2, -13, -5, 0, -1, 1), 1, 3.3612148048641)
((-3, -3, -4, -1, -3, -3, -1, -4), 1, 3.3810137704417023)
((12, 18, 4, 1, -2, 3, 4, 2), 1, 3.400639971171648)
((-21, 9, 1, -9, 1, 2, -1, -4), 1, 3.4222190418792255)
((-3, 7, 0, 7, 1, 5, 2, 3), 1, 3.4465914293810855)
((9, -6, -6, 21, -5, -1, 2, -2), 1, 3.4681089205390037)
((8, 1, -2, -24, -5, 0, -1, -1), 1, 3.4877961306375935)
((-8, -6, -2, -3, 1, 0, -1, -1), 1, 3.5071309688686867)
((27, 16, 1, -4, -1, 1, 2, 3), 1, 3.525746238658387)
((-7, 2, 2, 6, 3, 0, 0, -2), 1, 3.5454551156355607)
((21, 4, -2, 0, 6, -4, -1, -4), 1, 3.5661344407008895)
((-16, -10, -2, -8, -2, 0, -2, -2), 1, 3.5862401636647587)
((-10, -11, 0, -2, -3, 1, -2, -2), 1, 3.6060203132688535)
((-1, -7, -2, -23, -9, -2, 1, 3), 1, 3.6274465754643126)
((-13, 8, 2, 7, -5, 1, 3, -2), 1, 3.646629175364303)
((-15, -10, -1, 3, 3, -1, -2, 0), 1, 3.6666807311317124)
((19, 4, -1, 9, 3, -1, -1, 0), 1, 3.686784743552536)
((-3, -11, 0, -1, -3, -2, 0, -7), 1, 3.7067057278674262)
((5, 6, 0, -14, -1, 1, 1, 1), 1, 3.7276912401380065)
((-10, -6, 3, 2, 7, -1, 0, 1), 1, 3.7481385015300805)
((16, 2, 3, -3, 0, 0, -2, -5), 1, 3.771196051610505)
((3, 2, -1, 5, -2, -3, -5, 3), 1, 3.7911187464684413)
((-8, 6, -2, 3, 3, -1, -1, -6), 1, 3.8105345504037165)
((0, -5, 0, -9, -5, 0, 3, 6), 1, 3.8305393513278663)
((-11, -7, -3, -3, -2, -3, -2, -3), 1, 3.850982051271817)
((-17, 1, 0, -14, 1, 3, 3, 5), 1, 3.8711624679487)
((3, -1, -1, -3, -3, -1, -1, -1), 1, 3.8927620651728305)
((-2, 2, -3, -5, -9, -3, -2, -3), 1, 3.912196685081613)
((2, -3, -2, -14, 2, 1, -2, 6), 1, 3.9364310887777543)
((0, 6, 3, 5, -2, 2, 1, 2), 1, 3.957523795079224)
((9, 10, 1, 1, -2, -2, -2, 0), 1, 3.978488780833251)
((25, -7, 12, -3, 0, 0, 0, 2), 1, 3.9983863877265113)
((-18, -41, -12, 6, -12, -4, 0, -2), 1, 4.018039957145195)
((16, 7, 2, -10, -3, -3, -4, -3), 1, 4.043031561229744)
((-11, 13, 2, -3, 3, 3, 5, -4), 1, 4.062485567293049)
((-8, 1, -1, 0, -1, 1, -2, -4), 1, 4.081305532067265)
((-4, 11, 2, 0, 1, -1, -2, 2), 1, 4.102889164222966)
((-1, -2, 2, 17, 10, 1, -3, -2), 1, 4.124452840043128)
((0, -1, 1, -1, -4, -1, -2, -2), 1, 4.145515326750783)
((0, 3, 7, -1, 3, 5, 1, 3), 1, 4.165779560036925)
((1, -1, -1, 4, -6, -2, -2, -1), 1, 4.186400156457671)
((-1, -4, -37, -35, -12, -5, -3, -1), 1, 4.206718556940272)
((3, 4, 5, 10, 5, 2, 0, 1), 1, 4.227692095409529)
((-2, 0, 4, -2, -2, -1, -1, -1), 1, 4.249547703909561)
((-2, 3, -1, -9, -2, -2, -4, 0), 1, 4.270009790008034)
((3, 10, 28, 7, 1, 2, -2, 0), 1, 4.289955292106585)
((38, -8, -50, -6, -9, -4, -1, 13), 1, 4.310136849145498)
((16, 6, -14, 9, -3, -2, 7, 2), 1, 4.334026293327343)
((-6, 4, 24, 8, 0, 0, -1, -4), 1, 4.354351535982128)
((-7, 7, -17, 1, 3, 0, -1, -1), 1, 4.37324106284022)
((-17, -4, 3, 9, -6, 0, -5, -5), 1, 4.394066354245482)
((31, 21, 8, 14, -1, -3, 2, -1), 1, 4.410847921889762)
((-2, -1, -8, 15, -9, -3, -2, 8), 1, 4.443645304074685)
((-1, 3, 6, 4, 3, 3, 0, 3), 2, 6.036876457168858)
((0, -4, 3, -2, -2, -3, 1, -13), 2, 6.055257952742257)
((-2, 0, 1, -2, 4, 2, -3, -2), 2, 6.0762012716177)
((-1, 2, -6, 29, 2, 0, -4, -13), 3, 6.140015360676554)
((24, 7, 0, -32, 3, 9, 19, 2), 3, 6.158757780832681)
((23, -16, 66, 76, -9, -5, -8, 113), 1, 6.225055008213458)
((-67, -18, -2, 112, 6, -9, -12, -101), 1, 6.248883443026657)
((-26, -19, 28, 22, -3, 0, 18, 24), 1, 6.269711015155981)
((9, -3, -41, -33, 1, 1, 23, -24), 3, 6.329939235809192)
((4, 4, 9, -15, 0, 4, -7, 16), 3, 6.348616085148552)
((-1, 2, -13, -14, 4, 0, -2, -9), 2, 8.20864976003932)
((-1, -1, 0, 9, -7, -1, -1, 0), 3, 8.455795291331139)
((5, 3, 3, -2, -1, 2, 2, 7), 3, 8.479401925729361)
((-2, 0, -2, 20, 17, 3, 1, -8), 3, 8.500319016278098)
((-2, -3, 5, -10, -19, -5, -3, -8), 3, 8.519546090297286)
((-1, 0, 0, 7, 15, 6, 1, -5), 3, 8.539329090806458)
((0, -1, 6, -5, -12, -4, -2, -6), 3, 8.558871474927145)
((-3, -19, -28, 5, 3, 0, 0, 1), 3, 8.579245753149252)
((4, 11, 0, -1, -3, 0, 1, -1), 3, 8.600289994064415)
((-39, -29, 12, -8, 1, 4, 5, 18), 3, 8.622479158458436)
((20, 18, -40, -2, -4, -2, -1, 13), 3, 8.64413007197395)
((31, -9, 11, 11, -6, -4, -8, -13), 3, 8.664769484368202)
((-15, 6, 34, 9, -6, -3, -2, -10), 3, 8.685669469486477)
((-7, -14, -3, 16, 2, 2, -3, -16), 3, 8.70957031728863)
((9, 8, 9, -5, 1, 3, 4, 9), 3, 8.72957739893684)
((-6, 2, -1, -10, 0, 1, 1, 3), 3, 8.752156567145372)
((11, -5, 16, -10, 2, -1, 1, -2), 3, 8.777937871936203)
((-16, -6, -13, -8, 1, -1, -7, 21), 3, 8.800247914705482)
((10, -3, -5, -14, -1, 0, 3, 9), 3, 8.822141155152526)
((-5, -5, 29, 1, -11, -6, -3, -9), 3, 8.844068606460493)
((-7, -1, 8, 7, 5, 0, 1, -10), 3, 8.869299116390481)
((0, -3, -17, -5, -3, -1, 0, -10), 3, 8.900380253719149)
((-3, 2, -6, -8, 2, 0, 11, -2), 3, 8.924009695357986)
((11, -4, 9, 19, 1, -1, -4, -3), 3, 8.943656992785499)
((2, -7, 15, 12, 1, 0, -3, -5), 3, 8.964394476314396)
((-31, -5, -10, -7, -2, 0, -3, -8), 3, 8.983651769927398)
((10, 4, -1, -17, -3, 0, -1, 6), 3, 9.003703895875823)
((1, 2, -22, -22, 3, -1, -3, 2), 3, 9.023746898928003)
((4, 0, 8, 0, -2, -4, -1, -3), 3, 9.044884649529687)
((-2, -2, 1, 23, -1, -2, -1, -17), 3, 9.066995128943585)
((-1, 2, 24, 12, 0, 0, 2, -8), 3, 9.086522688357872)
((-2, -6, -1, 5, -4, 0, 0, -7), 3, 9.10730920745409)
((4, 3, 10, 14, -4, -1, -2, -8), 3, 9.130285791830332)
((2, -3, -12, -27, 1, 1, 3, 5), 3, 9.151452051482785)
((7, 4, 4, 13, 5, 3, 1, -3), 3, 9.174913859903103)
((11, 4, -4, -6, -1, 0, -1, 13), 3, 9.19798851541399)
((1, 3, 45, 13, -2, -2, 0, -1), 3, 9.217364976859203)
((2, 1, 2, -2, 0, 1, -1, 3), 3, 9.24091573351792)
((-1, -2, 2, -28, 0, 0, -5, -9), 3, 9.26207971244631)
((8, -1, -21, -3, -1, 0, -2, 13), 3, 9.281034239940153)
((-6, 5, -10, 3, 2, 2, 1, -3), 3, 9.300679826824622)
((3, -5, -10, 19, -5, -4, -2, 13), 3, 9.321157877991526)
((-3, 2, -10, 8, 3, 2, 3, 6), 3, 9.341903914235653)
((-6, -4, 18, 36, -5, -4, 1, 13), 3, 9.361352218488804)
((-7, -10, -44, -13, -2, -2, -2, -10), 3, 9.381381537196614)
((9, 3, 15, -10, -2, -2, 4, 10), 3, 9.399056578491974)
((-13, 0, -8, 41, 3, 3, 0, -2), 3, 9.41886979859496)
((-4, 0, -26, -43, 2, 0, 0, -6), 3, 9.443509030812011)
((2, 2, 18, -5, 2, 1, -1, -4), 3, 9.468152254296172)
((1, -4, 15, 5, -4, -2, -4, 5), 3, 9.48899636167494)
((-4, 4, -9, -10, 3, 2, 1, -3), 3, 9.510867365062387)
((4, 0, 22, 17, -2, -4, -3, 2), 3, 9.52962004847679)
((-4, -6, 7, -8, -5, -5, -8, 0), 3, 9.551013810354373)
((8, 10, 19, 0, 8, 4, 4, 14), 3, 9.570443868815033)
((-5, -4, -1, 7, -3, 0, -1, -3), 3, 9.589881339628892)
((-12, 2, -16, -23, -1, 0, -5, -23), 3, 9.610544699625791)
((1, 2, 6, 0, 1, 2, 6, 18), 3, 9.63051357914597)
((3, 7, 2, 3, 1, -1, -2, -2), 3, 9.64980964506802)
((-8, -1, 32, 13, -3, -4, 0, -6), 3, 9.67381882726309)
((0, 0, 4, 2, -1, -1, 0, -1), 3, 9.693804812213733)
((-6, 2, 9, 26, 3, 4, 1, -19), 3, 9.71531375065642)
((-9, -5, 24, 20, -10, -6, -8, -4), 3, 9.735390394388507)
((6, 2, 4, 6, 1, -3, 3, 11), 3, 9.755707084328062)
((6, 2, 4, 6, 1, -3, 3, 11), 3, 9.774524768378217)
((14, 5, 4, -19, 3, 2, 2, -9), 3, 9.79701270762429)
((3, -4, -15, -30, -2, -4, -6, 5), 3, 9.81730031833206)
((3, -4, -15, -30, -2, -4, -6, 5), 3, 9.8341360531728)
((-1, 1, -16, -36, 2, 1, 3, 4), 3, 9.857395447332665)
((-1, 3, 1, -5, 0, 1, 3, 4), 3, 9.880839580141508)
((-3, -4, -18, -21, -4, -2, 0, -11), 3, 9.89987792424461)
((1, -6, 6, 25, -1, 0, 1, 5), 3, 9.921641733601167)
((2, -6, -18, 26, -4, -3, -12, -42), 3, 9.940396127558616)
((4, 4, 2, 5, 2, 3, 1, 11), 3, 9.961962654283855)
((-5, -5, 15, 9, -7, -4, 1, 11), 3, 9.98187223497844)
((-8, -4, -5, -6, -4, -5, -5, -22), 3, 10.001311416335344)
((4, 3, -3, -4, 3, 1, 2, 17), 3, 10.02369045100748)
((-5, -6, -10, -14, -5, -1, 0, -3), 3, 10.043134763993525)
((4, 2, 3, 40, 4, 2, 2, 6), 3, 10.062955966630726)
((2, 3, -29, -1, 2, 0, 1, 5), 3, 10.082414534142154)
((6, 7, -4, -1, 2, 1, -2, 1), 3, 10.101931830298165)
((2, -4, 8, -20, -3, -3, 0, 9), 3, 10.121818033571119)
((-4, -2, 6, -5, -1, -1, -1, -1), 3, 10.143283638256637)
((-3, -10, -14, 25, -9, -3, 6, -19), 3, 10.1633853699534)
((-10, 2, 12, -5, 3, -1, -1, 13), 3, 10.185020888581498)
((-5, -3, -2, -10, 0, -2, -3, 0), 3, 10.205078716340077)
((-1, -2, 9, -5, 1, 0, -1, -2), 3, 10.225013955180351)
((-5, 2, 3, 7, 3, 0, -1, -5), 3, 10.253633050884664)
((2, -3, 9, 46, 1, 1, -3, -9), 3, 10.273180566634489)
((1, 0, -17, 25, -1, -3, -2, 1), 3, 10.293819408847726)
((-2, 0, 25, 39, 0, -2, -2, -7), 3, 10.31407622978067)
((12, 3, -2, -14, 2, 2, 3, 2), 3, 10.331431969707422)
((-11, -7, 9, 5, -7, -4, -4, -1), 3, 10.35212497911712)
((-4, -1, -12, -17, -1, -1, -1, -19), 3, 10.371276219061265)
((3, 3, -13, 14, 2, 1, 2, 13), 3, 10.39153132945116)
((2, -2, -25, -61, -1, -4, -4, -11), 3, 10.416947718392159)
((-2, 0, 5, -1, -1, -2, -1, 4), 3, 10.443635610997424)
((-2, -3, -1, 2, -1, 1, -1, -7), 3, 10.464718624221632)
((3, -1, 6, -3, 1, -1, -4, -5), 3, 10.486068482161032)
((-4, 1, -28, -55, 0, 0, 0, -7), 3, 10.507156056833363)
((9, -1, 2, 11, 1, 0, 1, -2), 3, 10.52686835489663)
((-2, -3, -1, -3, -1, 1, 0, 4), 3, 10.546366835079132)
((-1, -1, -3, 4, 3, 0, -5, -2), 3, 10.563978016100771)
((0, -2, 2, 16, -4, -1, 5, 25), 3, 10.584287863868143)
((-23, -3, 16, 14, -4, -5, -5, -7), 3, 10.605462676235824)
((3, -2, -46, -27, 1, 1, 4, 1), 3, 10.625652215808953)
((7, 5, -6, -11, 4, 1, -6, -9), 3, 10.645573770304859)
((1, 6, 7, -6, 5, 2, 5, 6), 3, 10.663979783661919)
((-5, -4, -3, 10, -2, -1, -5, -10), 3, 10.681910266052164)
((1, -3, -3, -14, -5, -3, -1, -4), 3, 10.70064299313103)
((2, -10, -5, -13, -11, -5, -1, -4), 3, 10.720544591291397)
((-3, -6, 19, 26, -4, -4, -2, -22), 3, 10.741225626899771)
((4, 5, 10, 31, 3, 2, 2, 1), 3, 10.76082445894098)
((5, -1, -13, 12, 1, 1, 0, -3), 3, 10.780088024545153)
((6, -2, -2, -12, 1, 3, 3, -14), 3, 10.80029866081585)
((0, -1, -2, -28, 1, 0, -4, 0), 3, 10.823726828556262)
((3, 2, -2, -7, -3, 0, 2, 5), 3, 10.84480984178047)
((5, 5, 0, 16, 3, 1, 0, 1), 3, 10.863862440408957)
((-4, -3, 6, 18, 1, 1, -2, -8), 3, 10.88667766355785)
((-3, -1, -6, -15, -2, -1, 2, -3), 3, 10.90767914089686)
((-25, -3, -15, -7, 1, -1, -2, -13), 3, 10.927344684116866)
((9, 3, 0, -6, 3, 1, 0, -15), 3, 10.947124833720961)
((1, -5, 4, 32, -3, -4, -2, -1), 3, 10.966199669409047)
((4, -1, -5, -10, -1, -2, 0, 9), 3, 10.98583841412133)
((-8, -3, 21, -20, -5, -2, 0, 4), 3, 11.007885603442524)
((-2, 0, -19, 3, -1, 1, 1, 4), 3, 11.02864646439305)
((0, 0, -8, -8, 0, 1, 0, 5), 3, 11.04858968576754)
((-14, -1, 4, -19, 2, -1, -7, -9), 3, 11.070019369049092)
((9, 2, 13, -18, -2, 0, 2, 1), 3, 11.090138206176315)
((7, -2, 0, -6, 1, -1, 3, 6), 3, 11.110948102694163)
((6, 6, -4, -5, -1, -2, 0, 7), 3, 11.132941694999912)
((-6, 0, -3, -15, 0, 1, 2, 0), 3, 11.155768891950128)
((2, 1, -2, -4, 3, 2, 1, 24), 3, 11.18114650858208)
((-2, -4, -2, -1, 1, 0, 0, -8), 3, 11.203750764755286)
((1, -2, 24, 13, -2, -2, -1, 2), 3, 11.22311867348527)
((16, 2, 1, 27, -3, -1, -1, -6), 3, 11.243383476952427)
((0, 5, 0, 4, 4, 2, 4, 1), 3, 11.261817999360257)
((-7, -11, 7, 17, -6, -5, -3, -3), 3, 11.281640912540505)
((-6, -2, 10, -10, -2, -3, -2, -3), 3, 11.301476939884106)
((6, 3, -30, -33, 6, 3, 4, 6), 3, 11.321167571068788)
((4, 5, -28, -9, 5, 1, 1, 1), 3, 11.341671850562397)
((11, 0, 2, -14, -4, -4, -4, -7), 3, 11.361824328369527)
((-7, -2, 2, 4, 1, -2, -2, -2), 3, 11.379307788843724)
((3, -1, -3, -11, 1, -1, -4, -6), 3, 11.399777287295398)
((0, 7, -9, -13, 0, 3, -1, -4), 3, 11.422176278303073)
((15, -2, 14, -3, 1, -1, -2, -3), 3, 11.445451637531367)
((-1, 1, -22, -3, 4, 1, -1, 0), 3, 11.467189788742232)
((-5, -6, 4, -6, -3, -4, -3, -9), 3, 11.488119423273307)
((1, 1, -10, 6, 3, 1, 1, 1), 3, 11.506815088586173)
((-1, 2, 5, 13, 3, 2, 1, -2), 3, 11.526043873148408)
((-1, -3, -4, 0, -5, -1, 0, -2), 3, 11.545093620871818)
((0, -5, -10, 12, 2, -1, 0, -1), 3, 11.56375792622884)
((-17, -9, 3, -14, 0, 0, -1, 0), 3, 11.582267712530697)
((1, -2, -9, -41, -2, -1, -1, 3), 3, 11.60220808300011)
((1, -2, -9, -41, -2, -1, -1, 3), 3, 11.62136502475441)
((-4, -5, -27, -3, -1, 0, -1, 4), 3, 11.643807919700267)
((2, -1, -14, -21, 3, 2, -2, -3), 3, 11.662929510231614)
((-2, -4, 10, -63, -7, -6, 0, 6), 3, 11.683314621893013)
((1, 1, 0, -9, 2, 3, 2, 1), 3, 11.702701346596504)
((1, 3, 4, 15, 1, 4, 0, 0), 3, 11.72337097858457)
((-1, 2, 18, 14, 1, 1, 0, -2), 3, 11.74313231221516)
((3, 2, 17, 25, -1, 1, 1, 0), 3, 11.764818006772611)
((0, 2, -5, 12, 0, 2, 0, 0), 3, 11.784382627952896)
((-1, -2, 20, 2, 0, -3, -2, -4), 3, 11.807233772505757)
((-1, 0, -16, -22, 0, 1, -3, -1), 3, 11.828161696493785)
((0, 1, -16, -24, 0, 1, 0, 0), 3, 11.8482913670603)
((-4, -2, -5, -37, -7, -6, -4, -2), 3, 11.869539732778966)
((0, -1, -12, 9, 2, 1, -1, -2), 3, 11.892005434965439)
((2, 1, -4, 11, 2, 0, -1, 0), 3, 11.91244699454736)
((1, 2, 2, 6, 1, 0, -1, 1), 3, 11.93256241058849)
((-1, -1, -8, -16, -7, -2, -2, 0), 3, 11.955081709790408)
((2, 3, -13, 18, 7, 4, 0, 2), 3, 11.97454711947402)
((-1, 3, -6, 5, -1, -1, 2, 0), 3, 11.996034961219138)
((2, 3, 0, 4, 4, 1, 1, 0), 3, 12.016563188315395)
((8, 17, -7, 34, -1, 1, 2, 0), 3, 12.037126766634604)
((-7, -13, -34, -12, -7, -3, -2, -1), 3, 12.05546321790779)
((-8, -42, -16, 8, 12, 7, 2, 2), 3, 12.075461176659754)
((5, 0, 4, 1, -3, -1, 0, -1), 3, 12.094828515208723)
((1, 6, -13, 17, -1, -1, -1, -2), 3, 12.115206784697937)
((-4, -3, 14, -6, -2, -2, 0, -2), 3, 12.141143178724949)
((0, 0, -20, 4, -1, -1, 2, 1), 3, 12.161299077618171)
((-2, -10, -7, -1, 1, -2, -1, -3), 3, 12.180137858365896)
((-1, -6, -6, -1, 1, -1, 0, -1), 3, 12.202653736481722)
((-1, -23, 21, 4, -3, 0, -1, -1), 3, 12.225718698915344)
((-3, -4, -38, -22, -6, -3, -2, -1), 3, 12.244115019195144)
((-3, -2, -3, 1, -2, -1, -1, -1), 3, 12.2633928393247)
((3, 9, 5, 11, -5, -1, 3, 1), 3, 12.283054391277599)
((-2, -4, -39, -26, -8, -2, -2, -1), 3, 12.302730767936897)
((2, 2, 8, 13, 6, -7, -4, 0), 3, 12.322574207633698)
((0, -3, 5, 6, 3, -1, -2, 0), 3, 12.343382393608499)
((-1, -3, 1, 5, 2, 1, 2, 0), 3, 12.363014296148599)
((3, 21, 14, 28, 12, 2, -1, 3), 1, 15.364624487335995)
((12, -14, 54, 8, 4, 10, 17, 8), 1, 15.385656754449835)
((39, -63, -21, -2, 4, 29, 47, 53), 1, 15.407104113342863)
((-51, -11, 74, -1, -17, -14, 88, -13), 1, 15.433058182981352)
((-78, -48, -57, -36, -38, -48, -119, -43), 1, 15.458891944425597)
((-6, 32, 80, 70, 12, 8, 53, -19), 1, 15.479558155327572)
((-10, 28, 2, 13, -1, 32, 34, 20), 3, 15.500308182838806)
((-43, -37, 26, -11, -2, -4, -15, -62), 2, 15.520577547754085)
((4, 1, -51, 48, 25, 8, 17, -14), 2, 15.540456338673838)
((-19, -31, -24, -19, 1, 0, -3, -8), 2, 15.560160654202889)
((3, 20, -14, 20, 4, 7, 11, -9), 2, 15.58470295564733)
((19, -1, -23, -19, -8, -6, 2, 12), 2, 15.604580606205053)
((-24, 43, -7, -81, 2, 16, 5, -9), 2, 15.624142376480261)
((1, 26, -11, -23, 9, 7, -2, 20), 2, 15.64411524726755)
((-13, 4, -15, 9, 1, -3, -1, 5), 2, 15.663411313189599)
((-2, 22, -16, 14, -5, 3, -1, -1), 2, 15.683403570131409)
((-26, -34, -38, -37, -6, -2, -6, -38), 2, 15.705031106225293)
((-48, -47, -34, -2, -1, -3, 0, -12), 2, 15.724977748685875)
((6, 4, -29, -52, -9, -10, -6, -1), 2, 15.747145816382327)
((-9, -16, -7, -8, 2, -1, -2, 10), 2, 15.767887861359347)
((15, 7, -36, -31, -15, -8, -6, 11), 2, 15.78883460132088)
((15, -25, -39, -24, -4, -8, -4, 20), 2, 15.805741608788543)
((-6, -21, -12, -19, 2, -2, -2, -4), 2, 15.828057353367974)
((4, -43, -33, -39, -11, -3, -1, -4), 2, 15.849154621117567)
((-6, 15, 20, -8, -7, -4, 2, 20), 2, 15.869141176249224)
((6, -13, 28, 10, 6, -1, 0, 3), 2, 15.89829282102189)
((-30, -12, 13, 9, -7, -4, -3, -1), 2, 15.922466215349386)
((6, 44, 20, -8, -3, -1, 0, -5), 2, 15.945783197791803)
((12, -2, 0, 18, -2, 0, 3, 39), 2, 15.96646765448627)
((-6, -27, -4, 11, -8, -1, 0, 12), 2, 15.986858467957823)
((30, -16, -16, -43, -5, -9, -5, -9), 2, 16.007628451804596)
((6, 9, 27, -5, 2, 1, -2, 8), 2, 16.02842238325401)
((5, -7, 6, 10, -5, -2, -3, -8), 2, 16.048282928381273)
((-10, -26, -12, 43, 0, 3, 0, -7), 2, 16.067792812184084)
((-6, 6, 22, 16, -9, -3, -2, -11), 2, 16.088049633117027)
((8, 19, 9, 10, 6, 0, 0, 1), 2, 16.106825123772044)
((-5, -35, 17, -40, 0, 4, 3, -2), 2, 16.128538187018233)
((3, 5, -16, -18, 3, -12, -2, 3), 2, 16.147809164975605)
((-48, 5, 5, -11, -3, -1, 1, 20), 2, 16.166211187065556)
((4, -8, 1, 21, -1, -1, -2, 0), 2, 16.187228629472997)
((-4, 16, 4, 16, 4, 3, 0, 10), 2, 16.2069831209314)
((12, -16, 11, -5, -6, -2, -2, -9), 2, 16.22562689977187)
((4, -33, -13, -72, -10, -9, -3, 4), 2, 16.24615626723016)
((-10, 0, 16, -5, 4, 0, -3, -13), 2, 16.265142724860862)
((5, 2, -11, 0, -4, -3, -1, 2), 2, 16.28443137842971)
((3, 15, 21, 13, 0, -1, 1, -2), 2, 16.303074587089164)
((-7, -43, -5, -10, -3, -3, -4, -4), 2, 16.321097438803896)
((4, 3, -11, 1, 0, -2, -1, 3), 2, 16.34043968938819)
((-2, 6, -5, -6, 2, 4, 2, -9), 2, 16.35998321387091)
((4, -26, -2, -18, -2, 0, 0, 8), 2, 16.37956893174876)
((-17, 4, -37, -21, -12, -6, 0, 20), 2, 16.398798286492013)
((3, 18, -5, 7, 2, -2, -1, -4), 2, 16.41934589974279)
((11, -10, 6, 11, 1, -2, -3, -12), 2, 16.443449731986412)
((-7, 2, 5, 9, 0, 0, 1, 0), 2, 16.465453017369423)
((-6, -50, -7, -6, -1, 2, -3, -9), 2, 16.484303201737454)
((7, -5, -18, 10, 3, 0, -2, 0), 2, 16.503555933902337)
((4, 24, 3, 11, 1, 0, -2, -1), 2, 16.523722096053834)
((-1, 7, -4, -19, 0, -2, 0, -2), 2, 16.54424576170197)
((-15, 8, 3, 69, -1, -1, -2, -7), 2, 16.563371913681436)
((-8, 2, 10, -6, 0, -1, 0, 2), 2, 16.584536462790844)
((21, -3, 6, -5, 1, 3, 2, -1), 2, 16.603517218611394)
((0, 43, 2, 22, 5, 0, 1, 5), 2, 16.622405605107453)
((11, -3, 8, -22, -3, 2, 0, -7), 2, 16.64044043062351)
((-3, -5, 6, -4, 0, 0, 0, 5), 2, 16.6594114933668)
((2, 0, 8, 5, -3, 0, 2, 2), 2, 16.679063352242437)
((-11, -12, -21, -11, 3, -3, -13, -29), 2, 16.69880644008053)
((10, -5, 11, 6, -3, -3, 4, 18), 2, 16.718908171777294)
((5, -1, 1, -7, -1, -2, 1, -6), 2, 16.738950034467443)
((-5, -5, -5, -5, -2, -2, 0, 5), 2, 16.757903421599256)
((-9, -4, 18, -14, -4, -2, -2, -12), 2, 16.776307724413268)
((8, -4, 16, 29, -3, -3, -1, 4), 2, 16.79476163297562)
((1, -1, -16, 10, 2, 0, -1, 11), 2, 16.815093147621575)
((0, -1, -10, 5, 0, -2, 1, -2), 2, 16.834970227998284)
((-6, -8, 5, -10, -10, -5, -1, 0), 2, 16.851904033973664)
((3, -17, -7, 5, -3, -3, -2, 7), 2, 16.87231309323771)
((1, 9, 13, 5, -5, -1, 0, -2), 2, 16.893891023583258)
((-3, -5, 5, -5, 0, 0, -2, -4), 2, 16.913152878644382)
((-3, -1, -7, 6, 2, 0, 2, -2), 2, 16.9336833864647)
((32, 7, 12, 20, 4, 1, 2, 2), 2, 16.953495466205656)
((-4, -2, 3, 5, -4, 0, -1, -8), 2, 16.97233538731541)
((-20, -2, 3, 6, -2, -4, -1, 7), 2, 16.990672408769612)
((2, -4, -1, -25, 3, 1, -1, -4), 2, 17.01106379242218)
((9, 2, -6, 11, -3, -3, -2, 2), 2, 17.029041029655684)
((11, -4, -1, 16, 0, -1, 1, -2), 2, 17.048363894085455)
((4, 2, 9, 3, 2, 2, -2, 2), 2, 17.069185764404626)
((3, 11, 13, 22, 0, -2, -1, -2), 2, 17.088437356207475)
((2, 8, -7, -2, -6, -5, -3, 3), 2, 17.10855505297267)
((-1, 2, -4, -12, -2, -1, 0, 7), 2, 17.128419589367038)
((3, 7, -9, -7, -9, -4, 1, -1), 2, 17.14711582486092)
((-2, 8, 4, -2, 1, -2, -2, -4), 2, 17.1675744898733)
((24, -30, -35, -57, -14, -7, -6, -10), 2, 17.188000654567805)
((3, -3, 4, 12, 5, 5, 6, 3), 2, 17.20659083639283)
((-2, 10, 25, 13, 8, 1, 0, 1), 2, 17.22746402300338)
((-7, 0, 7, 0, 0, -2, -1, -2), 2, 17.246298242302984)
((-5, 4, 6, 3, 0, 1, -2, -1), 2, 17.26537022708599)
((12, -10, -29, 28, 3, 1, 0, -2), 2, 17.284333307295068)
((-1, 4, 8, 3, 3, 1, 2, 4), 2, 17.30329752786617)
((0, 4, 7, 2, -1, 1, 2, 1), 2, 17.32145665284358)
((-4, 0, 5, -4, 3, 0, -3, -2), 2, 17.3408445179091)
((-12, -4, -1, -3, -6, -3, -2, 0), 2, 17.36078773928359)
((-21, 9, -7, 4, 8, 7, 4, -5), 2, 17.379709196278544)
((2, -3, 1, -3, -2, -1, 1, 6), 2, 17.39920824664206)
((46, -9, -5, 32, 1, -4, -1, -4), 2, 17.420215425791227)
((17, -3, 12, 18, -3, -5, -2, 0), 2, 17.444295310432203)
((6, 4, 0, 8, -3, -2, -3, 1), 2, 17.464453490049486)
((5, 8, 6, 7, -5, -3, -1, -1), 2, 17.484463992783787)
((4, -8, -1, 2, 0, -1, 0, 4), 2, 17.50333128258228)
((-1, 2, 5, 8, -1, 1, 0, 5), 2, 17.521174527277175)
((9, 13, 17, 64, 5, -1, 0, 3), 2, 17.539891859468625)
((3, 3, 2, 6, 0, 0, -1, -3), 2, 17.559833940481084)
((0, -4, 6, -6, 2, 1, 0, -3), 2, 17.578249646915406)
((2, 0, -11, -17, 0, -1, -1, -4), 2, 17.598948358135257)
((17, 1, -25, -15, -3, 0, 0, -4), 2, 17.61353529905139)
((-7, 5, 4, 7, 6, 4, 2, 3), 2, 17.632569081706368)
((52, -1, -5, -8, -4, -3, 2, 7), 2, 17.651109657783056)
((-6, 0, 5, -5, -1, -1, 0, 3), 2, 17.670541426786762)
((10, 2, 11, -10, -1, -2, 0, -1), 2, 17.691199084973505)
((0, -4, 7, -60, -2, -2, 0, 1), 2, 17.70987308340779)
((-3, -1, 5, -11, -2, 0, -2, 0), 2, 17.72972279509576)
((-14, -2, -1, 12, -5, -2, 0, -5), 2, 17.74819152836451)
((-1, -2, -3, 11, 1, 1, 0, 3), 2, 17.76926598887349)
((-5, 1, 5, -3, -2, -3, -2, -3), 2, 17.78625909367447)
((-6, 1, -5, 0, -5, -1, -2, -3), 2, 17.8043708936276)
((-3, -4, 12, 15, 2, 1, -1, 0), 2, 17.826494487204855)
((-1, -3, 7, 55, -4, -3, -3, -1), 2, 17.848092373885937)
((-1, -3, -2, 30, 2, -1, 0, 0), 2, 17.867160937582856)
((-2, -3, -5, 4, -1, 1, -2, -1), 2, 17.886131430145127)
((-3, -1, -9, 8, -1, -1, 0, 0), 2, 17.903437564323546)
((-3, 2, -2, -9, -1, 0, 2, 0), 2, 17.924551937503598)
((2, -1, 3, -9, -4, -2, 1, -2), 2, 17.94301439878118)
((0, 3, -30, -6, 6, -1, 0, 2), 2, 17.96256761634116)
((-2, -10, 8, 10, 4, 4, 2, 1), 2, 17.983184791675814)
((1, 6, -18, 44, 1, 3, -1, 0), 2, 18.002924458427817)
((4, -2, 3, -15, -3, -1, 0, -2), 2, 18.02209907579359)
((-6, -5, 8, -5, -4, -4, -2, -2), 2, 18.042528661574188)
((4, 0, -13, 0, -4, -1, -3, -4), 2, 18.06212635325337)
((-3, -1, 12, -5, 0, -3, -2, 2), 2, 18.07969020925073)
((-4, -2, -4, -10, -1, 0, -3, 8), 2, 18.10007874199822)
((-2, -2, 7, -4, -2, 1, 0, -2), 2, 18.11794992556287)
((-3, 0, -7, -6, -1, 0, 0, 0), 2, 18.13610448909215)
((-5, 0, -14, -4, -2, 0, -3, 0), 2, 18.155970736029566)
((-1, 3, -3, -6, 0, -2, -1, 0), 2, 18.177106776088205)
((-1, 0, -2, -1, -3, 0, -1, -1), 2, 18.19844237950222)
((-2, -1, -4, -6, 0, 1, -1, -1), 2, 18.216934490192603)
((-1, -1, -7, -2, -2, -1, 0, -1), 2, 18.236734596132234)
((-4, -1, 1, 11, -2, -1, -2, 0), 2, 18.25562355280931)
((1, -3, -3, 2, 0, -1, -1, 1), 2, 18.271870290661177)
((-2, -2, -5, 3, -2, 0, -1, -1), 2, 18.29345734390297)
((-2, -4, -17, 3, 4, 2, 1, 0), 2, 18.310898040801014)
((3, 4, 7, -1, 2, 1, -1, 0), 2, 18.330480337592775)
((9, 2, -1, 11, 1, -1, 0, 1), 2, 18.350060923841493)
((0, 0, 4, -3, -3, -1, -2, -2), 2, 18.367643595812364)
((-4, 2, 2, 6, 4, -1, -1, 2), 2, 18.385465743809686)
((-5, 0, 11, -3, 0, 0, -1, -6), 2, 18.404748695568383)
((-1, -2, -4, -4, -3, -1, 1, -2), 2, 18.42816374914544)
((-4, 0, -3, -36, -6, -1, -1, -2), 2, 18.449643038175328)
((0, -1, -3, 2, -1, 0, -1, 0), 2, 18.468640329245325)
((0, 1, -33, -3, -1, -2, -1, 0), 2, 18.489272899467394)
((0, 2, 10, 3, 1, 0, 0, 2), 2, 18.51006854145986)
((-1, 1, 9, 12, 0, -1, 0, 0), 2, 18.529007674066285)
((1, 1, -1, -4, -2, -1, 1, 1), 2, 18.54759557516725)
((-3, -4, -4, 1, -2, -2, -2, 0), 2, 18.566241634731778)
((-3, -2, 4, 7, -4, -1, -2, -2), 2, 18.58485291325437)
((-3, -17, -19, -6, -1, -3, 1, -1), 2, 18.601851719865504)
((-3, 0, 17, 5, -3, 1, -2, -3), 2, 18.621346778961918)
((3, 5, 7, 7, 0, 0, 1, 3), 2, 18.639613097970212)
((-1, 2, -5, 0, 0, 1, 0, 2), 2, 18.660549004492456)
((-1, -15, -19, -4, -2, -2, 0, 0), 2, 18.679315942432243)
((0, 2, 1, -11, -2, -1, 1, 0), 2, 18.697960861634744)
((-4, -9, 13, -4, -12, -7, -6, -3), 2, 18.717678861508162)
((0, -1, 6, -8, 0, -1, 0, 0), 2, 18.736787337876155)
((1, 5, 0, 12, 5, 2, 1, 0), 2, 18.75785381585092)
((1, 1, -3, -9, 2, 0, 2, 0), 2, 18.778221822081857)
((1, 1, -3, -9, 2, 0, 2, 0), 2, 18.794544964189782)
((0, -5, 3, 1, -2, -1, -1, 0), 2, 18.81436160537886)
((-2, -5, 2, -3, -2, 0, -1, -1), 2, 18.835640760872355)
((0, -7, 2, 4, 1, 0, 1, -1), 2, 18.855944336648555)
((-1, 0, -6, -4, -4, -3, -1, 1), 2, 18.875532335250472)
((0, 6, -2, -12, 10, 6, 0, 0), 2, 18.89613924732685)
((-1, 5, -42, -16, -6, 1, -2, 0), 2, 18.917282699738685)
((1, 4, -7, -4, 4, -1, -2, 1), 2, 18.937887331091)
((-5, -4, -29, -1, -6, -4, -5, -4), 2, 18.962565905798115)
((0, 7, 0, -23, -6, 3, 0, -1), 2, 18.983422557159223)
((-3, 0, -2, 7, -2, 0, 0, -1), 2, 19.003145688661778)
((-5, -2, 4, 0, 1, 0, 1, -1), 2, 19.024329053744694)
((-2, 1, 1, 5, 3, 0, 0, 0), 2, 19.05026943903881)
((-30, -16, 6, -7, -24, -12, -2, -6), 2, 19.07046296987905)
((9, -1, -14, -24, 0, 2, -1, 1), 2, 19.091255760966433)
((0, 3, 5, -24, -20, -5, -5, -2), 2, 19.111448151444637)
((-36, 10, 25, -17, -4, -1, 4, 9), 2, 19.132865860924866)
((97, 50, 3, 5, -11, -6, 9, 27), 3, 19.171439176795456)
((-13, -4, 2, -18, 0, 7, 0, 1), 1, 19.24016138403459)
((-13, -4, 2, -18, 0, 7, 0, 1), 1, 19.256738826875367)
((8, -3, 3, 1, 13, 0, -5, -6), 1, 19.277625697830292)
((-5, -2, 5, -3, -8, 0, -2, -7), 1, 19.297843176273172)
((10, 7, -1, -4, 5, 0, 2, 5), 1, 19.31394166706104)
((7, 2, -3, -8, -3, -7, -5, 1), 1, 19.337662337662337)
((-1, -1, 6, -4, -2, 5, 3, 3), 1, 19.357148273862503)
((6, 4, -1, -5, -4, 0, 0, 2), 1, 19.3766575874843)
((2, 5, 7, 14, 2, -3, -1, -3), 2, 21.848359788782144)
((4, -4, -14, 21, -4, -9, -1, 14), 2, 21.86803502507941)
((-11, 32, 17, -18, -8, -2, -7, -29), 2, 22.15058765706349)
((37, 1, -47, 4, 1, 21, -3, -24), 1, 22.172725505166124)
((-2, -10, -32, 20, -11, -30, -75, -70), 1, 22.194822300235657)
((1, 38, -103, 10, -5, -26, -11, 29), 1, 22.23829803247637)
((-19, -10, -39, -30, -16, -15, -29, -43), 1, 22.25885533880441)
((-13, -48, -16, -4, 1, 2, -2, -12), 1, 22.278377196408545)
((9, 19, 13, -5, 10, 8, 12, 25), 1, 22.299670036246408)
((-56, -11, -6, -30, -10, -1, -1, -20), 1, 22.321606040269604)
((-34, 10, -8, 9, 3, 5, -7, -1), 1, 22.344527317087355)
((15, 11, 9, -6, -8, -2, 29, 10), 1, 22.363930006859277)
((-86, 24, -9, -4, 2, 6, -6, -7), 1, 22.380539950017933)
((-3, 14, -2, -25, -14, 34, 8, 6), 1, 22.40096212344533)
((16, 7, -11, 37, 14, 9, 10, 18), 1, 22.422667204157303)
((9, 25, 4, -6, -9, 2, -5, -4), 1, 22.445908352524675)
((-30, -6, -1, 4, -3, -8, -4, -6), 1, 22.46468555372274)
((26, 9, 1, -6, -3, 2, 1, 19), 1, 22.484923558682176)
((-3, -9, -9, -12, -3, -1, -5, -13), 1, 22.64477038525421)
((12, 36, -1, -6, -5, 3, 6, -6), 1, 22.66508593483173)
((5, -26, -8, -4, -7, -10, -6, -10), 1, 22.68695864876222)
((8, 25, 0, 16, 10, 1, -2, -25), 1, 22.710097164546827)
((-50, -5, 1, -34, -15, 0, 4, 8), 1, 22.728372036270354)
((21, 33, -1, -5, -6, -1, 0, 12), 1, 22.748436136020104)
((-8, -4, -1, 0, -1, 2, 3, 9), 1, 22.769871521111806)
((-16, 11, 8, -20, 1, 1, -8, -18), 1, 22.79377350927599)
((25, -10, 7, -3, -5, 1, 3, 2), 1, 22.81327769126865)
((-17, -63, -10, 15, -11, -3, 1, 11), 1, 22.832756215115612)
((34, 31, -7, -25, -3, -2, -4, 8), 1, 22.856097145160675)
((19, 6, 4, -7, 3, -3, -2, -7), 1, 22.87762375921484)
((40, -6, -2, -1, -13, -3, -7, -17), 1, 22.907148302371553)
((9, -4, -1, -1, -4, -1, -1, -8), 1, 22.942196759205146)
((-40, -46, -6, -21, -10, -3, -5, -10), 1, 22.966123265152987)
((11, 19, -2, -3, -4, -3, -1, -5), 1, 22.988103743295383)
((-8, -17, -3, 1, -5, 4, -2, -8), 1, 23.006059313650304)
((4, 1, 2, -2, -1, -5, -6, -32), 1, 23.032969006670548)
((4, -19, -3, 2, 11, 0, -1, 0), 1, 23.053994431612203)
((15, 4, 0, -9, -3, 0, -2, -16), 1, 23.07290220426279)
((-23, -15, 0, 5, -5, 1, 2, 3), 1, 23.093125954696838)
((29, -65, -2, 10, -17, -7, -3, 16), 1, 23.11304921973579)
((34, -24, 2, 9, 4, 0, 3, 8), 1, 23.13129273150347)
((6, 19, 0, -8, -5, -2, -4, -12), 1, 23.154613705212995)
((2, 53, -2, -3, 2, -2, 0, -7), 1, 23.174599690163635)
((-37, 10, 4, 30, 22, 4, -1, -34), 1, 23.200465381744742)
((24, 2, 0, -12, -4, 2, 1, 0), 1, 23.220557420364244)
((-5, 82, 5, -4, -2, -4, -2, -8), 1, 23.240902049173553)
((1, -18, -5, -5, -2, 1, 1, 3), 1, 23.260318423289842)
((-2, -43, -3, -11, -4, -6, -5, 1), 1, 23.28197275789145)
((5, -12, -1, -3, -1, -2, 1, 3), 1, 23.30299761265209)
((-5, 3, -1, 24, 4, 4, 1, -3), 1, 23.322789736057505)
((17, -9, -1, -6, 2, -1, 0, 0), 1, 23.34211830229743)
((-15, -2, -4, -6, -1, 0, -7, 8), 1, 23.36099186408709)
((0, -4, -1, 4, 2, -1, 0, 14), 1, 23.380012532578718)
((-6, 1, 1, 3, -4, -6, -1, -14), 1, 23.4025974025974)
((51, -7, -2, -7, -5, -1, 1, -2), 1, 23.425176570805935)
((1, 17, -2, 17, 0, -1, 0, 2), 1, 23.45552217462478)
((-29, -15, 0, -7, 0, 1, 0, -12), 1, 23.476276763584135)
((11, -43, 0, -8, -13, -1, -3, -19), 1, 23.495310546239114)
((-20, -24, -2, -2, 6, 0, -4, -7), 1, 23.51796896960878)
((6, 1, -1, -5, -2, -1, 1, 10), 1, 23.537422975672087)
((-1, 0, 4, 3, 4, 1, 1, 4), 1, 23.557141545726523)
((-2, 1, 1, -4, -2, -3, 1, 4), 1, 23.576179889829625)
((-1, -7, 0, 5, 1, 3, 3, 32), 1, 23.5963711399458)
((11, -9, 0, 8, 0, 0, 2, -8), 1, 23.61796332481673)
((-8, -11, 0, -7, -5, -2, -6, -4), 1, 23.637492594774063)
((-35, 2, 1, -14, -6, -1, -2, -2), 1, 23.657589765022703)
((-25, -32, -2, -4, -3, 5, 2, -6), 1, 23.676329334273753)
((-17, -4, -3, 0, -1, -5, -2, -3), 1, 23.6956105754894)
((28, 12, -1, 4, 4, 2, 3, 20), 1, 23.714757824166437)
((2, 10, 1, 7, 8, 0, -3, -8), 1, 23.735501579686503)
((20, 17, 3, 14, 5, -2, -1, 2), 1, 23.75409518259762)
((1, -3, -3, 8, -3, -1, -1, 4), 1, 23.772083823451432)
((10, 8, -1, -5, 0, -1, -5, -4), 1, 23.788023233736013)
((26, -2, -1, -7, -4, -1, -2, 1), 1, 23.806971489238688)
((-11, -17, -3, -5, -3, 1, 1, 3), 1, 23.823615643258265)
((-14, 7, 2, -1, 4, 4, 1, -3), 1, 23.84401957089317)
((23, 21, 2, 15, 13, 4, 0, -1), 1, 23.864574026316134)
((-13, 9, 0, -4, -1, -5, -3, -6), 1, 23.88275538835314)
((-7, 0, -1, 5, -4, -1, 0, 5), 1, 23.900325516341674)
((-16, -16, -2, 6, -2, -3, -5, -5), 1, 23.919886716435865)
((2, -1, -4, 6, -3, -2, -1, 3), 1, 23.937614784565657)
((-5, -3, 2, -10, 7, -1, -1, -6), 1, 23.956815630258138)
((5, 2, 2, 4, 0, 0, 1, -1), 1, 23.974733568666043)
((10, 1, -1, -13, 0, 0, 1, 6), 1, 23.993138441661074)
((-12, 12, 1, 8, 5, 4, -3, 1), 1, 24.01302578529606)
((30, 10, 3, -9, -2, 1, 0, 3), 1, 24.030603895818807)
((-1, -9, -3, 4, -3, -4, -1, -1), 1, 24.04922087615155)
((-35, -18, 2, 1, 1, 0, 1, 2), 1, 24.0692849759013)
((7, 7, 0, -6, -3, -1, 1, 7), 1, 24.08977100960242)
((12, 5, -3, 18, -3, -4, 2, 3), 1, 24.107886230641643)
((-23, 8, 1, 5, 3, 0, 3, -6), 1, 24.129139157808428)
((-11, -2, -1, -3, -2, -1, 1, -3), 1, 24.14576563621653)
((15, -10, 1, -27, -10, -2, -4, -3), 1, 24.165834867595414)
((9, -14, 1, 3, -3, 0, -2, -7), 1, 24.186681825879262)
((20, 5, -1, -1, 0, 0, 1, 3), 1, 24.205756091386334)
((8, -9, -3, 9, 5, -2, 1, 1), 1, 24.225568741308305)
((0, 3, 1, -3, 6, 1, 2, 3), 1, 24.246372936015998)
((-2, 0, -4, 20, 8, 1, -1, 1), 1, 24.264758422856506)
((-5, -31, -4, -15, -8, -4, -5, -6), 1, 24.283199787436516)
((14, -1, -2, -1, 3, 4, 1, -2), 1, 24.302875023733783)
((-11, 4, 3, -1, 2, 1, 1, 0), 1, 24.32169783941308)
((-5, 6, 0, 3, -2, 0, -1, 3), 1, 24.3405588572204)
((-8, 2, -5, -8, -7, -6, -2, -5), 1, 24.359637684175595)
((5, 2, -1, -7, -1, -1, -1, 1), 1, 24.37836927089243)
((-9, 3, 3, 5, 4, 2, 2, -1), 1, 24.397970953838716)
((-20, -16, -1, 1, -1, -4, -1, -7), 1, 24.41923642498784)
((-5, -11, -4, 23, 2, -1, 1, 3), 1, 24.442456476657643)
((-13, 5, 3, 0, 10, 2, 4, -1), 1, 24.67321500556782)
((8, -11, -4, -3, -3, -6, -4, 1), 1, 24.690930529715267)
((22, -19, 0, 9, 7, 1, 1, -1), 1, 24.70694064244576)
((12, -1, -5, 8, -4, -1, -2, 2), 1, 24.725270251546757)
((-7, 9, -4, 4, -11, -1, -1, 1), 1, 24.742798756321168)
((16, 9, 0, -9, -5, 0, 0, -1), 1, 24.764395502640223)
((12, 5, 3, 7, 10, 2, 1, 2), 1, 24.782988535370325)
((38, -10, -4, 2, -6, -1, -1, 3), 1, 24.80103476450669)
((-42, -14, 0, 6, -8, -4, 0, -1), 1, 24.81880331548857)
((-4, -2, 2, -14, -13, -2, 0, 9), 1, 24.836216643697874)
((7, 4, 1, 1, 7, 1, 0, 1), 1, 24.85276215640179)
((-36, -12, -1, 5, 1, -2, -2, 3), 1, 24.873267006076418)
((19, -8, -5, 1, -4, -4, -1, -8), 1, 24.889317031477983)
((-7, 0, -6, -9, -1, -1, -4, -5), 1, 24.907701948137476)
((-19, 2, 5, 4, 11, 2, -3, -2), 1, 24.92675853803307)
((-5, -21, -2, -2, -7, -2, -3, 0), 1, 24.94880116590614)
((16, -1, -2, 8, 1, 0, 3, 6), 1, 24.9685465344683)
((-4, 9, 1, -6, -2, -1, -2, 0), 1, 24.98616113657603)
((-5, 5, 0, -7, -7, -2, 1, 1), 1, 25.002736298692746)
((-6, 1, -3, 5, -5, -1, -2, -3), 1, 25.020278487811524)
((-11, 0, -2, 7, -2, -1, 0, -1), 1, 25.038308181698444)
((14, -9, 1, 0, 4, 4, 1, -2), 1, 25.056806564379993)
((-26, -2, 1, 0, 5, 2, 1, -1), 1, 25.07324146196693)
((3, 6, 3, -4, -2, 0, 2, 2), 1, 25.090241408940095)
((14, 7, -2, -7, -3, -2, -3, -1), 1, 25.106546875436546)
((2, -11, 2, 2, 0, -1, -1, 0), 1, 25.126308209067133)
((-5, -13, -5, -1, 0, -1, -1, -1), 1, 25.144807732110714)
((10, 17, 2, -2, 2, -1, 0, -4), 1, 25.164408274694967)
((7, 9, -2, 4, 3, -1, 0, 3), 1, 25.184837860475564)
((-36, -21, 0, 18, 7, 1, -1, 0), 1, 25.20857620668834)
((3, 1, -2, -13, -11, -4, 0, 0), 1, 25.22689555253106)
((46, -9, -4, -2, 0, 0, 0, 2), 1, 25.245515383768886)
((4, 4, 2, 0, -2, -1, 1, 0), 1, 25.265472289487743)
((-3, -11, 2, -4, 1, -1, -3, -2), 1, 25.283719222341517)
((-12, -59, -7, 7, 3, -2, -1, 0), 1, 25.302481028652167)
((10, 4, 45, 15, 13, 2, -5, -5), 1, 25.32102046436682)
((6, 19, -24, -8, -1, -3, -4, -5), 1, 25.339809069185193)
((-11, 11, -1, -15, -2, 1, -1, -5), 1, 25.35953847267892)
((-9, 5, -28, -30, -8, -5, -4, -6), 1, 25.381894129929428)
((0, 5, 24, -74, -10, -1, 1, -1), 1, 25.402656701423002)
((-11, 17, 18, 67, 16, 6, 5, -5), 1, 25.426207458081716)
((35, 29, 0, -14, 4, 9, 18, -9), 1, 25.453974133168057)
((9, -16, -46, 6, -3, -1, -2, 16), 1, 25.479474338718312)
((-14, -7, 58, 73, -8, -4, 1, 24), 1, 25.504752173672575)
((-6, -3, -64, -45, 1, 3, -5, 0), 1, 25.5270194528657)
((-11, -18, -41, -5, -10, -17, -15, -2), 1, 25.55025147833683)
((-9, -6, 59, -59, 2, 6, 1, -5), 1, 25.573726971101514)
((0, 5, -2, 8, 9, 8, 6, 5), 2, 25.624802646096057)
((0, -2, 2, -8, 1, -4, 1, -1), 2, 25.68157728033919)
((-86, -9, 4, 8, 4, 15, 39, -5), 1, 29.596391666462353)
((-40, -34, 17, -9, -1, -9, 11, 12), 1, 29.625115105292476)
((-80, -61, 6, -1, -10, -16, -43, -93), 1, 29.65004798073244)
((1, 0, 5, 1, 1, 1, 2, -3), 3, 29.697953449281542)
((3, 8, 16, 15, 4, 4, 34, 16), 3, 29.717307103486142)
((15, 19, -22, -34, 17, 8, 0, -6), 3, 29.746298527393492)
((-35, -15, 1, 55, -4, 2, 4, -17), 3, 29.768887388679286)
((38, -2, -9, -1, -5, 1, -6, 28), 3, 29.800015280851213)
((-5, 0, 1, 18, -2, -3, 8, -10), 3, 29.82882595737669)
((-1, 15, 9, 4, 7, 4, 0, -3), 3, 29.856549868886876)
((2, -4, -10, -6, -5, -1, -1, -2), 3, 29.88341736851198)
((10, 5, -15, -16, 2, 2, 4, 10), 3, 29.903908533842237)
((1, -1, 34, 18, -5, -5, -3, -2), 3, 29.935950996362816)
((-4, 8, -14, -41, 5, 5, 2, 2), 3, 29.968981012402008)
((11, -1, 16, -8, 1, -1, -3, 11), 3, 29.99444244564322)
((-2, 6, 12, -7, 5, 2, 0, -2), 3, 30.02263561612905)
((-2, 3, 7, 25, -3, -2, -1, 16), 3, 30.04942043950693)
((-1, 6, 9, -6, -2, -2, -1, -5), 3, 30.072683254752885)
((9, 8, 15, 29, 2, -2, 1, -5), 3, 30.098221662431172)
((10, 8, 34, 31, 6, 1, 3, 12), 3, 30.119051515284557)
((0, 6, 5, 7, -1, 1, 0, 4), 3, 30.14719222911698)
((26, 3, -16, 9, -1, 0, 3, 29), 3, 30.173621829722283)
((6, -6, -3, -8, -2, -2, 1, 10), 3, 30.198062068764973)
((-14, 0, -16, -24, 1, 1, 2, 3), 3, 30.220729044849868)
((-15, -1, 15, -10, 3, 2, 0, -5), 3, 30.24593047554807)
((8, 4, 3, 17, 1, -2, 0, 9), 3, 30.26813731555357)
((-5, -6, 13, 2, -5, -3, -1, 7), 3, 30.289624016936656)
((8, -4, 8, 6, -5, -5, -3, 2), 3, 30.312359984924413)
((-7, -1, -1, 7, 0, -2, -3, -8), 3, 30.333286198369397)
((5, 1, -4, -20, -4, -2, -2, -5), 3, 30.356030719072383)
((-7, -8, -7, -15, -1, -1, -5, -21), 3, 30.377638869011744)
((19, 1, 9, 13, 0, -1, 1, 3), 3, 30.39881311119841)
((6, -2, 6, 23, -6, -4, -1, 8), 3, 30.423176375804026)
((16, 5, 13, 36, 6, 4, 0, 4), 3, 30.45134844959229)
((-5, 2, 5, 5, 3, 4, -1, 2), 3, 30.48018364390143)
((0, -2, 4, -19, -1, 0, 1, 6), 3, 30.50811510130121)
((-10, -2, 4, -47, 0, -1, 0, 4), 3, 30.539584531901344)
((3, -1, -2, -6, 1, 0, -1, -10), 3, 30.56657861171186)
((-41, -8, -12, -35, -5, -4, -4, -25), 3, 30.59760045021493)
((-8, 0, -6, 6, -1, 0, 0, -2), 3, 30.642922428583404)
((4, -2, -18, -6, -1, 1, 0, 10), 3, 30.68370975733666)
((1, -3, -2, 19, -5, -3, -2, -9), 3, 30.70922820867941)
((-1, -3, 0, -13, -4, -1, -2, -9), 3, 30.730041526283348)
((-11, 0, 0, 1, -1, 0, -1, -3), 3, 30.74928798645706)
((1, 3, 20, 1, -1, -2, -1, 4), 3, 30.769241471089828)
((3, -1, 2, 3, -2, 0, 0, -2), 3, 30.78868350335181)
((1, -5, -11, 8, -5, -2, -1, -3), 3, 30.807085525441764)
((-1, -1, 7, -27, -4, 2, -4, -4), 3, 30.829136135849048)
((2, 3, -26, -49, -1, -1, -1, -11), 3, 30.849895856437545)
((-8, -6, -11, -1, 2, 0, -1, -4), 3, 30.87177655290225)
((8, 2, 16, 25, 2, -1, 1, 2), 3, 30.893611634885726)
((-5, -4, 3, -6, 1, 1, 1, 0), 3, 30.913613014723783)
((2, 4, -3, -2, 3, 1, 1, 8), 3, 30.935250814075946)
((-4, -2, -6, -8, -3, 0, -2, -7), 3, 30.958211433383756)
((-12, 0, -31, -42, 1, -1, 3, -1), 3, 30.980243227817535)
((-2, 3, 1, -10, -5, -2, -1, -2), 3, 31.00165523548761)
((7, 1, 22, 31, -1, -2, -3, -7), 3, 31.025195158707035)
((1, -1, 1, 10, -1, 0, -1, -4), 3, 31.04874591536575)
((-5, -4, 15, 7, -8, -3, -2, 2), 3, 31.06794733123925)
((6, 3, -4, -17, 4, 1, 0, 15), 3, 31.08924530270625)
((6, -4, 0, 20, -4, -3, -2, -3), 3, 31.111416221307778)
((-3, -2, 9, 28, -1, -3, 0, -7), 3, 31.133408103070483)
((2, 5, 3, 42, 1, 1, 2, -2), 3, 31.154015585327873)
((-3, 6, -17, -6, 4, 3, 0, 7), 3, 31.173644066781883)
((-3, -1, -3, -6, -2, -3, 0, 1), 3, 31.198267904111518)
((4, -4, -2, -22, -1, 0, -1, -7), 3, 31.219199819366654)
((-3, 1, -7, -13, 1, -2, 1, 1), 3, 31.240123752087577)
((4, 0, -3, -10, 1, 1, -2, -3), 3, 31.259873682097854)
((3, -3, 16, 7, -4, -3, -2, -2), 3, 31.280391645935836)
((0, 5, -3, -7, 6, 3, 0, 3), 3, 31.301443299204198)
((7, 0, -14, -2, -3, -3, -3, 17), 3, 31.322691664922864)
((-28, -5, -16, -21, -2, -3, -8, -28), 3, 31.343651519047754)
((2, 2, -3, 3, 5, 1, -1, -3), 3, 31.364746506073285)
((0, -3, 19, 22, -3, -2, -1, -2), 3, 31.38511337194219)
((2, 0, 10, 7, 3, 0, -1, 9), 3, 31.406344062049378)
((2, -1, -4, 5, 0, 0, 0, 1), 3, 31.432632257762872)
((0, -4, 1, -3, 0, 0, 1, 1), 3, 31.456320428046293)
((1, 0, -5, 15, 2, 0, -1, 0), 3, 31.48242958692096)
((-8, -9, 3, -9, -8, -1, -2, 3), 3, 31.50307299058232)
((3, 1, 12, 19, 1, 1, 2, 1), 3, 31.523617182747007)
((-8, -1, 2, 9, -2, -2, -1, -5), 3, 31.5450001111853)
((0, -1, -8, -6, 0, 0, -2, 0), 3, 31.564259685522362)
((2, -3, -1, -5, -3, -3, -1, -3), 3, 31.582923990879383)
((3, -3, 20, 26, -6, -5, -2, 4), 3, 31.601710314973694)
((5, -2, -26, -6, 0, -1, -1, -3), 3, 31.6224295527101)
((9, 5, -2, -9, -1, 2, 1, 2), 3, 31.64174386442464)
((0, 2, -13, -14, 2, 1, 0, 0), 3, 31.661025105640288)
((-1, 0, -9, -23, 1, 1, 0, -2), 3, 31.68066784161968)
((-2, -2, -1, -4, -1, -4, -2, -4), 3, 31.699981583153203)
((-2, -7, 35, 13, -7, -3, -2, 4), 3, 31.718313472978267)
((-3, 3, -3, -12, 2, 2, 1, 2), 3, 31.73749322197318)
((-9, -4, 1, 10, 0, 0, 0, -6), 3, 31.756736831241813)
((-6, -3, -19, -18, -2, -2, -3, -9), 3, 31.77584587779082)
((4, 2, -6, -2, 0, 1, 1, 4), 3, 31.796140900851793)
((0, 0, 3, -3, 0, -1, -2, -3), 3, 31.81526078084009)
((0, -6, 9, 2, -6, -3, -2, 0), 3, 31.833697013790967)
((-1, -2, 2, 30, -4, -2, -1, 0), 3, 31.854973318379386)
((21, 6, -5, -3, -1, -3, 1, 3), 3, 31.875301982120263)
((-4, 0, -7, 5, 4, 2, -1, 1), 3, 31.894741163477168)
((0, -8, 17, 23, -8, -5, -3, -5), 3, 31.912789673337596)
((3, 1, 6, 24, 1, -1, -2, -3), 3, 31.933868695294695)
((2, -1, -6, -2, 1, -1, 0, 0), 3, 31.956365187255997)
((-4, 2, -17, 3, -2, -5, -2, 5), 3, 31.977732150625858)
((0, 4, -7, -18, 2, -1, 3, 8), 3, 31.99798041884357)
((5, -4, -3, 3, -3, -2, -2, -5), 3, 32.019702604986)
((4, 0, 0, -1, -2, -1, -1, 2), 3, 32.04601474830214)
((-4, -2, 11, 24, -3, -1, 0, -4), 3, 32.06538037630806)
((-5, -7, 17, -3, -2, 0, -1, -2), 3, 32.08598785856546)
((-2, 2, 7, 18, 3, 1, -1, -1), 3, 32.10728183876535)
((-20, -6, 1, -19, -1, 1, 0, 7), 3, 32.12632645485962)
((6, 1, -10, 0, 1, 0, 1, 2), 3, 32.14677770751881)
((-3, -1, -16, 5, 1, 0, 1, -2), 3, 32.166717507807206)
((-2, 1, -7, 8, -1, 0, 1, -1), 3, 32.1879447768283)
((-2, -2, 10, 15, -2, -3, -1, -3), 3, 32.20738680909028)
((-12, -1, 10, 12, 0, -1, -2, -10), 3, 32.22722625751997)
((-8, 1, 0, -7, -2, 0, -2, 0), 3, 32.24578507938915)
((-1, -1, 5, -3, -2, -2, -2, 1), 3, 32.26542097319636)
((0, -6, 12, 7, -9, -3, -3, -3), 3, 32.28279495891561)
((1, 2, -10, -2, 4, 1, -2, -2), 3, 32.30308941179556)
((0, -5, -6, -10, -2, -2, 0, 0), 3, 32.32198235973975)
((1, 0, 0, 3, -1, -1, 2, 0), 3, 32.34112903823577)
((-1, -12, -18, -4, 0, -1, -5, -2), 3, 32.361376166091446)
((4, 9, -7, -4, -1, 1, 0, 2), 3, 32.38016648145287)
((1, 4, 12, -2, 3, -1, 4, -10), 3, 32.398758944001955)
((2, -3, -13, 10, 0, -1, 1, 9), 3, 32.417497943071986)
((10, 4, 3, -3, 0, 1, 0, 9), 3, 32.44642721724866)
((-5, 4, 6, -31, 5, 2, 2, 1), 3, 32.46648162392115)
((-1, -5, -10, -1, -5, -1, -2, 6), 3, 32.48870727990015)
((-1, 10, 9, 7, -2, 0, 2, 3), 3, 32.507899002696384)
((1, -3, -17, -5, -9, -1, 0, 5), 3, 32.52657072040661)
((-1, 0, -1, 16, 0, -1, 0, 1), 3, 32.546029858099054)
((-5, -10, 2, 13, 0, 1, -1, -1), 3, 32.565247809221994)
((-4, -17, -13, -14, 1, -3, -1, 0), 3, 32.58567283355447)
((-1, -3, -1, -18, -12, -6, -2, -2), 3, 32.60482407349861)
((-1, -2, 4, 2, -6, -3, -3, 1), 3, 32.62544124883327)
((1, 5, 28, -1, 4, -2, -1, -1), 3, 32.645280127081946)
((4, 15, 92, 49, 15, 11, -3, 4), 3, 32.66435553295105)
((-3, -3, -22, 2, -13, -7, -5, -2), 3, 32.68500121733647)
((-2, 3, 80, 10, 5, 3, 1, -1), 3, 32.70414789583249)
((-1, -2, -25, -11, 0, 1, 1, 1), 3, 32.72418633743655)
((-2, -3, -45, -11, -2, -5, 0, -1), 3, 32.74471684525686)
((-3, -3, 35, -54, -20, -11, -3, -3), 3, 32.76399352502439)
((2, -5, -43, 11, 4, 10, -21, 2), 3, 32.78261734752932)
((-3, -4, -42, -7, 1, -5, 11, -1), 3, 32.80475120436485)
((3, 1, 10, 7, -1, 2, 3, -1), 3, 32.825243510057135)
((3, 1, 10, 7, -1, 2, 3, -1), 3, 32.84124792097747)
((28, -7, -13, 8, 10, 1, 1, -2), 2, 32.94343918363763)
((5, 0, -7, -5, 1, -2, 0, 1), 2, 32.96407859603188)
((13, 14, 5, 12, 23, 1, 2, 0), 2, 32.980976480603296)
((-8, 13, 127, 85, 25, -3, -128, -128), 1, 36.205439640922805)
((38, 8, 38, -5, 5, 4, 12, 31), 2, 36.28476892559081)
((-4, 4, -8, -15, -6, -6, 8, -4), 2, 36.30384832272701)
((-24, 9, 37, -48, -2, -1, 6, 3), 2, 36.323992247818914)
((-64, -24, -91, -41, -16, -3, -13, -78), 2, 36.347602303303226)
((-22, 13, 34, 26, -1, -5, -5, 10), 2, 36.3683164094105)
((0, 11, 5, 5, 4, 4, 1, -6), 2, 36.388848057592845)
((-25, -56, -11, -4, -2, 0, -2, -52), 2, 36.41002344014154)
((-19, -24, -23, 84, 0, -1, -6, -1), 2, 36.439344428675774)
((24, 10, -3, 37, 4, -1, -3, -22), 2, 36.46531218265863)
((16, -53, 5, -16, 2, 1, 0, 25), 2, 36.487666699547106)
((8, 19, 25, -51, 7, 8, -2, -15), 2, 36.50783172133657)
((-5, 9, 21, 31, 3, -2, -9, 11), 2, 36.5270006368922)
((-19, -24, 7, 6, -9, -6, -6, 6), 2, 36.54864812932161)
((13, 15, 74, 31, -6, -6, 0, 19), 2, 36.56867972875349)
((-29, -64, 11, 7, -7, -4, -2, -42), 2, 36.58765193185881)
((34, 9, 31, 40, 3, 0, 5, 45), 2, 36.607574056535725)
((65, 13, -8, -7, 2, 0, 1, -5), 2, 36.62894672171574)
((-54, -4, -23, -4, -12, -7, -4, -44), 2, 36.648267875602464)
((0, 6, -71, -19, -1, -1, 0, -5), 2, 36.66787183927281)
((-7, -29, 8, -50, 1, -2, -3, 0), 2, 36.68685259509336)
((-17, -12, 4, -31, -4, -3, -3, -3), 2, 36.70468956779709)
((15, 29, 9, 17, -1, 0, -1, 18), 2, 36.72444519961752)
((-41, 19, -7, -1, 4, -1, -3, -42), 2, 36.74758884703127)
((2, -4, -36, -14, -2, -1, 0, -10), 2, 36.76721048631309)
((27, 54, 16, 5, -1, -1, 0, 20), 2, 36.78725805081339)
((-27, -11, -18, 31, -7, -5, -1, 11), 2, 36.80641613292972)
((-25, -12, -16, 4, -2, 0, 0, 2), 2, 36.827707262224536)
((13, 6, 3, -12, 2, 0, 1, 6), 2, 36.84956629181066)
((6, 2, 13, 8, -5, -6, -6, -20), 2, 36.87022223945436)
((-37, -4, 30, -14, -4, -5, -1, -3), 2, 36.89552630273533)
((9, 7, -1, -13, 3, 2, 6, 9), 2, 36.91651409572997)
((-17, -4, -3, -7, -1, 0, -5, -74), 2, 36.94234557645016)
((2, 21, 36, 32, 2, -1, 1, 16), 2, 36.968753510176874)
((4, -10, 16, -12, 0, -2, 0, 19), 2, 36.98797260166185)
((1, -6, -12, -13, -4, -2, -2, 5), 2, 37.00774419855071)
((10, 14, 1, -9, 4, 3, 3, 14), 2, 37.02775242056096)
((9, 15, 49, 36, 4, 3, 4, 13), 2, 37.048280647657215)
((4, 7, -37, -27, 4, 3, 2, 8), 2, 37.06663306399883)
((58, 45, 24, 9, -7, -5, 0, 14), 2, 37.08603461340872)
((-29, -27, -1, 52, -4, -9, -11, -26), 2, 37.10647446244759)
((9, 0, -16, 15, -1, 0, 1, 18), 2, 37.12773081070047)
((-17, -5, 20, 20, 1, -1, -3, 8), 2, 37.146826172905115)
((12, 5, -1, -20, -1, 2, 1, 20), 2, 37.16739374249143)
((-5, 5, -3, 2, 0, -1, 1, -8), 2, 37.18778056469587)
((-5, 5, -3, 2, 0, -1, 1, -8), 2, 37.20567740640621)
((7, 1, 40, 4, -4, -4, -3, 4), 2, 37.225676505520205)
((7, 1, 40, 4, -4, -4, -3, 4), 2, 37.24438585517744)
((7, -2, -101, 4, 0, -1, -1, 1), 2, 37.26395902907296)
((-4, 1, -8, -3, 1, 3, 1, 6), 2, 37.28434585127741)
((-24, -8, -10, -5, -6, -4, -2, 2), 2, 37.301590976087176)
((23, 8, -55, -31, 1, 0, 0, -6), 2, 37.32073594404015)
((-22, -20, 33, -16, -3, -2, -5, -11), 2, 37.338911604267004)
((15, 3, 22, -3, 0, 0, 1, 6), 2, 37.361144102418194)
((-2, 3, 11, 44, 0, -1, 1, 14), 2, 37.38002564674207)
((-1, -2, 7, 7, 0, 1, 3, 4), 2, 37.39966325109233)
((-2, 3, -4, -17, -2, -1, -1, -9), 2, 37.41955914744254)
((-12, 0, -5, -10, -3, -4, -1, -9), 2, 37.44560387586247)
((6, 48, 22, -11, 4, 2, 0, -7), 2, 37.46998082481245)
((38, -10, -28, -1, 1, 2, -1, 10), 2, 37.48759257601511)
((19, 18, 13, 12, 0, 0, 2, 7), 2, 37.507388690687634)
((14, -16, 3, 13, -1, -1, -1, 14), 2, 37.52876192604866)
((-46, -6, 15, 1, -1, -5, -7, -42), 2, 37.547125746010586)
((-46, -6, 15, 1, -1, -5, -7, -42), 2, 37.5646394260786)
((29, 0, -6, -9, 0, -2, 0, 6), 2, 37.585395155399986)
((-13, 3, -13, 5, -2, -2, -1, -4), 2, 37.6041780584082)
((6, 1, 4, -3, -2, -2, -1, 7), 2, 37.62265990584031)
((-7, -2, 17, -45, -9, -8, -5, 13), 2, 37.64502069471995)
((15, 5, -13, 4, 3, 3, 2, 4), 2, 37.6640345210394)
((2, -2, -10, -2, 1, 0, -1, 31), 2, 37.68193250311176)
((6, -2, 7, -2, -1, -2, -1, -2), 2, 37.701340894693836)
((-4, -9, 47, 6, -7, -5, -3, -5), 2, 37.7189269877508)
((-2, -7, -57, 24, 3, 0, -2, -20), 2, 37.74043706655552)
((-19, 2, 2, -2, -2, -1, -1, -15), 2, 37.76012940828325)
((6, 2, 29, 0, 5, 2, 1, 2), 2, 37.779702582178764)
((4, 4, 18, 2, -1, 1, 3, -13), 2, 37.79964865445833)
((-7, -51, 14, -13, -2, -1, -2, -19), 2, 37.81912888884834)
((0, -3, -15, -8, -1, -1, 0, 28), 2, 37.83815012752098)
((5, 11, -22, 4, -10, -7, -3, 7), 2, 37.857640625169275)
((-7, 5, -39, -13, -3, -3, -3, -5), 2, 37.87794762203156)
((49, -5, -3, -2, -2, -3, -3, -3), 2, 37.8970464053223)
((-2, 13, 23, 7, 3, 3, 2, 7), 2, 37.91616457476755)
((-55, 0, 7, -26, -6, -4, -2, -10), 2, 37.935956698172966)
((4, 7, -53, -21, 2, 0, 2, -1), 2, 37.95518947400231)
((22, 6, -8, 24, 3, 0, -1, -13), 2, 37.97338908183181)
((-14, -11, 13, 16, -2, -1, -1, -7), 2, 37.99421095215098)
((2, 7, 2, 5, 2, 3, 2, 26), 2, 38.01394263636877)
((1, -3, -13, -13, 0, 1, 3, 10), 2, 38.032898304224645)
((-12, 4, 19, 5, 1, -2, -1, -12), 2, 38.05203757036747)
((3, -13, -65, -1, -4, -2, -2, -8), 2, 38.070851263150516)
((14, 10, 2, -4, 4, 0, 1, 7), 2, 38.0904643497171)
((-51, -10, 5, -6, -3, -6, -9, -61), 2, 38.10915260267677)
((1, 3, 17, 10, 1, -1, -1, -10), 2, 38.129057051742215)
((-14, 0, 13, 35, 1, -4, -1, -4), 2, 38.155653145204006)
((12, -1, 0, 9, -2, -2, -5, -17), 2, 38.1795705282556)
((-12, 4, 26, -89, 1, 1, -2, -12), 2, 38.20617802533771)
((-8, -2, -16, -4, 0, -2, 0, 5), 2, 38.229867906164166)
((12, 2, 2, -21, -2, -3, 0, 12), 2, 38.25422489877862)
((10, 3, -29, -8, 2, -1, 1, -1), 2, 38.276038884064526)
((8, 1, -14, -10, 1, 2, 1, -3), 2, 38.30062451926613)
((15, -2, -14, 1, 2, -1, 1, 0), 2, 38.33430796274894)
((10, -23, 2, 14, -8, -3, -3, -12), 2, 38.36233692110234)
((-1, 5, -6, -28, 0, 3, 1, 2), 2, 38.39418438171566)
((8, 5, 12, 0, -1, -1, -2, 3), 2, 38.43100096987791)
((-5, -5, -16, 15, 3, 3, 0, 14), 2, 38.461969211365535)
((3, 7, 27, 5, 4, 4, 1, -6), 2, 38.485419616165544)
((-2, -5, -1, 12, -2, -2, -1, 8), 2, 38.51180189174657)
((-3, 1, 4, 9, 0, 1, 0, 11), 2, 38.53853368829002)
((0, -5, -3, -11, -4, -1, -2, -1), 2, 38.569119338316334)
((5, -1, -27, -14, -2, -2, -1, 0), 2, 38.60136079401128)
((-9, 6, 8, 1, 1, -3, -2, -7), 2, 38.63255482718098)
((8, 7, 17, 55, 7, 1, 4, 8), 2, 38.65118036022896)
((-3, -1, -18, -52, 2, 3, 1, 5), 2, 38.670648050636636)
((5, 4, 11, 11, 1, 1, 1, 5), 2, 38.69196141699105)
((4, -1, 15, -8, 1, 0, 0, 4), 2, 38.71064852958869)
((27, -3, -4, 4, 0, -1, 1, 3), 2, 38.73024394054381)
((-35, 4, -33, -96, 2, 0, 2, -1), 2, 38.74947101456299)
((8, 0, -3, 20, 1, -1, -3, -3), 2, 38.76744882197751)
((-2, -10, -34, -23, -7, -4, -3, 2), 2, 38.78622146172746)
((-7, -2, -30, 14, -1, 0, 0, 0), 2, 38.80803772773743)
((32, 8, 4, -21, 0, -2, 1, 19), 2, 38.827931913544596)
((-16, 1, 9, -7, 0, 0, -2, -8), 2, 38.84635161124602)
((-5, -6, 14, 12, -5, -4, -2, -3), 2, 38.86619505094282)
((-37, -2, 25, -3, 0, 0, -3, -30), 2, 38.88561370578317)
((9, 0, 28, 15, 0, -1, 0, 3), 2, 38.904827095457996)
((3, -10, -1, -6, -6, -4, 0, 8), 2, 38.924650008638245)
((4, -1, -34, 2, -1, 0, 0, -4), 2, 38.943201418154224)
((0, -9, 15, 3, 0, -1, -1, 4), 2, 38.96378666335202)
((-15, -7, 9, 3, -3, -5, -8, -37), 2, 38.983702516037766)
((20, 6, 21, 24, 3, 2, 3, 34), 2, 39.00193975581428)
((-3, -1, 10, 1, -4, -1, -1, -5), 2, 39.02295548767867)
((-10, -10, -44, -19, -6, -2, -2, -5), 2, 39.04613733722045)
((-6, 5, -9, 44, 2, -2, -1, -6), 2, 39.065561693870954)
((-58, -6, 18, -17, -2, -1, -2, -20), 2, 39.08461144159436)
((14, -2, -15, -20, 1, -1, -2, -2), 2, 39.1048904995869)
((-7, 5, 6, 3, -3, -1, 0, 2), 2, 39.1263070687051)
((10, 5, 17, 9, 4, 0, 0, 5), 2, 39.14710328087858)
((-4, -7, 0, -11, -1, 1, 1, -4), 2, 39.16648259322887)
((-2, -6, -21, -8, -2, -2, -2, 1), 2, 39.185868177570335)
((4, 6, 6, -25, -1, -4, -1, -1), 2, 39.207692996295535)
((2, 23, -5, 2, -2, -2, 0, 0), 2, 39.228309031268154)
((2, -28, 3, -3, -3, 2, 0, 1), 2, 39.248083479062096)
((-12, -79, -10, -7, -9, -4, -2, -5), 2, 39.266058435571544)
((21, -1, 6, 9, 1, 1, -4, -4), 2, 39.285758759833485)
((5, -19, -4, -9, -5, 0, 0, -1), 2, 39.30691133514157)
((36, 8, -1, 5, 2, 7, 5, 6), 2, 39.32614240042786)
((-15, -4, -8, 46, -4, -11, -3, -1), 2, 39.34737936252622)
((-75, -23, 26, -17, -2, 1, -1, -8), 2, 39.37149117730406)
((23, 23, 18, 3, 1, 6, 8, 18), 2, 39.39111509730994)
((-18, 12, -27, -12, -3, -1, -4, 11), 2, 39.41036954001787)
((17, 2, 1, 10, 8, 4, 9, 39), 2, 39.428953449851726)
((15, 8, -8, -17, 3, -1, 0, 3), 3, 39.461529031621666)
((-8, -15, -1, 0, 0, -1, -2, -6), 1, 39.59546797321746)
((8, 2, 11, 1, 1, 0, 4, 4), 1, 39.61707042134667)
((-9, -10, -11, -10, -9, -3, -1, -2), 2, 39.69681707851792)
((1, -4, -3, 4, 8, 3, 3, 3), 2, 39.713732068519796)
((1, -6, 0, -7, -10, -3, -1, -1), 2, 39.73353046391638)
((49, -9, -3, 19, 0, -5, -8, -16), 2, 41.51307282522983)
((109, 38, 1, -25, -13, -12, -10, -3), 1, 41.55136618222187)
((53, -67, -9, 4, 0, -1, 6, -10), 1, 41.63123257740635)
((-22, 26, -11, 4, 12, 14, 7, -6), 1, 41.650506406268796)
((-13, 8, -31, -14, 3, -4, -3, -13), 1, 41.67160538456144)
((33, 6, 11, -21, 0, -10, -4, 1), 1, 41.69594926301253)
((-5, 0, -19, -32, 3, 9, -11, -13), 1, 41.715245899115594)
((-14, -16, -47, -38, -8, -5, -5, -12), 1, 41.737188745310974)
((44, 25, -31, -30, -14, -1, 6, 5), 1, 41.75800263309593)
((-1, -21, 23, 2, 2, -5, 9, 19), 1, 41.77896647848792)
((7, 10, 9, 20, -4, -7, 6, -8), 1, 41.79705946246755)
((-7, 3, 3, 4, -8, 0, 7, -2), 1, 41.81853419004931)
((-32, 6, 4, 20, 23, 3, 0, -7), 1, 41.83939825376362)
((10, 34, 2, 2, 7, -5, -3, -2), 1, 41.86019104485101)
((23, -8, 2, -7, -9, 3, 3, -1), 1, 41.879885097121786)
((6, -9, -2, 1, -7, -6, 1, 16), 1, 41.89920454046546)
((16, 1, 14, -11, 13, 16, 3, 1), 1, 41.915905142405556)
((-2, -6, 1, 8, -11, -3, -6, -1), 1, 41.93492238981109)
((24, -4, -9, 23, -12, 0, -2, -6), 1, 41.956705015141154)
((-1, -14, 2, 1, 1, -4, -5, -2), 1, 41.97504431731942)
((-4, -10, 0, 4, 2, -5, -3, -5), 1, 41.994299330208364)
((-42, 1, 3, 6, 8, 7, 6, 5), 1, 42.014398781181065)
((13, -4, -4, -40, -14, -6, -3, -1), 1, 42.03342230057776)
((5, -7, -4, 21, 14, 4, 3, 6), 1, 42.05133339681348)
((-1, 20, -1, -7, -1, -1, 4, 7), 1, 42.07096016772445)
((-11, -6, 0, 10, 0, -8, -6, -2), 1, 42.090785361628754)
((1, -8, 0, 24, 0, -2, -3, -1), 1, 42.11103248948444)
((-58, -4, 2, -14, 5, 2, -3, 5), 1, 42.13135146014805)
((-8, 30, -6, -17, 0, 0, 8, 36), 1, 43.820619912203526)
((30, 56, 11, 11, -3, -27, -14, 1), 1, 43.838638202470136)
((-7, 16, 12, 10, 12, -3, -1, 2), 1, 43.85878326792407)
((32, -11, 5, -9, 1, -1, 2, -11), 1, 43.87766538242896)
((0, -43, -2, -2, 1, 1, 3, 35), 1, 43.89738680338847)
((-5, 23, 1, 2, 20, 56, 24, -28), 1, 43.91787397745162)
((-3, 1, -16, -10, -11, -14, 36, -35), 1, 44.69079026518549)
((11, 13, 11, 0, -6, -17, -10, 15), 1, 44.70986795177865)
((37, 5, 13, 16, -7, -2, 0, 8), 1, 44.7298875774092)
((-9, -65, -7, -16, -3, -1, -23, -1), 1, 44.74968312190071)
((37, -8, 17, 2, 4, 21, 2, 2), 1, 44.76735360174795)
((24, 18, -19, -8, 6, 16, 21, 44), 1, 44.78814924374041)
((-6, 12, -6, -7, -5, 0, -3, -15), 1, 44.80757474075295)
((36, 12, -21, -1, 1, -6, -4, 2), 1, 44.827675902268695)
((20, 39, -6, -13, -6, -6, -8, 5), 1, 44.84981375037133)
((-3, -6, -4, 12, 13, 7, 11, -13), 1, 44.86892849873049)
((-4, 7, -5, -2, -4, 3, -10, -11), 1, 44.88866018294828)
((-2, -5, -1, 0, 0, 0, 2, 1), 1, 44.90938968394296)
((-5, 19, -11, 4, 1, -9, -1, -4), 1, 44.92960773256686)
((9, 11, 8, -7, -9, -2, -1, 2), 1, 44.94809813271419)
((-4, -14, -7, -2, -2, -4, -4, -2), 1, 44.96972167754097)
((-2, -1, 0, -3, 0, -2, -4, 1), 1, 44.98908616518486)
((-2, -27, 6, -5, 0, 1, 0, 2), 1, 45.007768716334375)
((-1, -3, -2, 11, 9, 2, 1, -2), 1, 45.02808825717901)
((6, 6, -11, -3, 1, -2, -2, 1), 1, 45.05160081170969)
((-4, -1, 7, -1, -3, -8, 0, -2), 1, 45.070325556254346)
((0, 5, -1, 5, 5, -9, -11, 1), 1, 45.091116066617666)
((1, -5, 8, -4, -5, 0, -2, -2), 1, 45.110872838800134)
((-3, 0, -9, -6, 0, 6, -2, -2), 1, 45.12949723148608)
((-2, 0, 3, -3, -4, 4, 0, -1), 1, 45.14993993143003)
((3, 2, 15, 15, 8, 20, 3, 1), 1, 45.17121509565642)
((0, 1, 29, -3, -6, -34, -18, 1), 1, 45.19161560220523)
((0, -2, -34, -18, -11, -3, -5, -1), 1, 45.21323230485982)
((-1, -1, -3, -8, -3, 0, 4, -1), 1, 45.23470475171753)
((-2, -2, -12, -1, -4, 4, 2, -4), 1, 45.25580201946712)
((1, -5, -8, -3, -2, -3, -2, 0), 1, 45.275476115402356)
((-2, 0, 1, 2, 6, 7, 4, 0), 1, 45.29853480584481)
((-2, -1, -7, -10, -6, 2, -1, -2), 1, 45.31944904548847)
((0, -1, -5, -5, -3, -5, 0, 0), 1, 45.337010620761774)
((0, 0, 2, -2, 3, 2, 1, 0), 1, 45.35714998440555)
((-1, 1, -3, 1, 2, 2, 2, 0), 1, 45.37678188694565)
((-18, 2, 33, -4, 4, 11, 5, -5), 1, 49.08888836939063)
((1, -7, -58, -48, -7, -2, 1, 54), 2, 49.1919890707703)
((-3, -19, 10, -23, -3, -4, -2, 48), 2, 49.21352936916883)
((-1, -18, 0, 44, 5, 1, -8, -86), 2, 49.234941376838904)
((0, -14, -62, -30, -1, -1, -4, -25), 2, 49.256199435634834)
((27, 4, 12, 11, 2, 2, 0, 23), 2, 49.27747631040426)
((-7, -9, 2, 43, 2, 0, 2, 15), 2, 49.297892782021506)
((-8, -15, -74, -45, -4, -1, -3, -36), 2, 49.31634155895472)
((-28, 16, 37, 13, 0, 0, 2, -7), 2, 49.339464679851915)
((30, 67, 33, 8, -3, -2, 2, -1), 2, 49.3596302718224)
((-21, -21, -18, -14, 1, -1, 0, -13), 2, 49.38026455258751)
((1, -27, 24, -22, -1, -1, 0, 10), 2, 49.40097238670361)
((25, 5, -44, 21, 7, 1, 1, -9), 2, 49.422263515998424)
((65, 23, 24, 17, 2, 2, 3, 6), 2, 49.450689320338526)
((-28, -58, 7, -47, -8, -3, -5, -16), 2, 49.47227295249423)
((-44, -8, 8, 18, -3, -4, -6, -20), 2, 49.494994665956604)
((-92, -3, -10, -49, 0, -2, -7, -37), 2, 49.518755249228974)
((3, 11, 15, 54, -2, -2, -3, -1), 2, 49.537821532201825)
((7, 33, 17, 36, 2, 0, 4, 6), 2, 49.557164352967135)
((-1, 6, -13, 3, -4, -4, -4, -24), 2, 49.57780091445631)
((5, 9, 15, 10, 1, -1, -2, -17), 2, 49.5985492314245)
((9, 9, 27, 43, -1, -2, -1, 4), 2, 49.61681840133787)
((13, -12, 5, 19, 1, 2, -2, 9), 2, 49.641868734067)
((12, -17, 18, 5, 1, -2, 1, 46), 2, 49.661187607229664)
((-15, -21, -11, 2, -2, -3, -3, 4), 2, 49.68080126397727)
((7, 1, -10, 13, 0, -2, -1, 10), 2, 49.697993932133635)
((-8, 2, 35, 6, -1, -2, -1, -3), 2, 49.76175385399603)
((0, 18, 11, 5, -2, -1, -1, 13), 2, 49.781084700960015)
((-13, -11, 30, 20, 2, -1, 0, -6), 2, 49.800184624612776)
((12, 23, 4, -8, 6, 4, 3, -2), 2, 49.82075960655229)
((-3, 14, 7, 12, 4, -1, 1, 0), 2, 49.842380870655006)
((12, -4, -19, -14, 0, 1, 2, 9), 2, 49.861679217301116)
((18, 4, 14, 50, -2, -2, 0, 25), 2, 49.883782284361814)
((12, -1, -8, -6, -5, -3, -2, 21), 2, 49.90328076454432)
((-2, 13, 11, -15, -1, -2, -1, 8), 2, 49.92101624502731)
((-19, 6, -6, -7, -5, -3, -1, 3), 2, 49.942098117889486)
((-72, -13, -13, -49, -3, -5, -11, -24), 2, 49.96182295993509)
((-7, 4, 3, 6, -4, -3, -3, -50), 2, 49.98066801267398)
((3, -2, -10, -10, 0, -3, -2, 19), 2, 50.00014881724501)
((29, -1, -11, -19, -2, 1, 1, 11), 2, 50.020500858407516)
((-58, -19, 21, 50, -4, -5, -8, -25), 2, 50.041249175375704)
((5, 5, -17, 0, 2, 1, 0, 32), 2, 50.061075509642045)
((2, -10, 10, 23, -2, -1, 1, 7), 2, 50.08202966195678)
((-1, 3, -1, -11, -3, -2, -1, -10), 2, 50.10150476471765)
((-4, -4, -3, -13, 2, 1, 0, -11), 2, 50.12089262978318)
((29, 37, 3, -26, -9, -5, -2, 11), 2, 50.144193076976144)
((-2, -14, 2, -2, -2, -3, -3, 4), 2, 50.16390081359129)
((-10, -17, -8, 36, 3, 1, 0, -14), 2, 50.18268086569443)
((-8, -24, -25, 4, 1, -1, 1, 1), 2, 50.20627495611031)
((-11, 6, 15, 50, 1, 2, 2, 11), 2, 50.225020797352535)
((-11, 3, 31, 11, 4, 3, 0, -5), 2, 50.244901298815336)
((3, -2, 6, -31, -5, -2, -2, 0), 2, 50.26449613958943)
((8, 1, -5, 1, -1, -4, 1, -2), 2, 50.28303443494206)
((6, 80, 1, 0, 4, 5, 1, -16), 2, 50.30236186081996)
((19, 20, 12, 17, -2, -1, -2, 1), 2, 50.32424198710365)
((-3, -11, 23, -12, -3, 1, 0, -6), 2, 50.342011678447555)
((-15, -15, 5, -3, 1, -1, -3, -6), 2, 50.3624948612436)
((-1, 6, 4, -76, 0, 0, 1, 11), 2, 50.381271492260645)
((12, 7, -5, 20, 0, -1, -2, -8), 2, 50.3992207906244)
((1, -2, -7, 14, 0, -2, -3, 0), 2, 50.418449575186635)
((-3, -7, -11, 0, -3, -2, 1, -4), 2, 50.44696603830818)
((1, -8, 1, 19, -1, -2, -3, -1), 2, 50.46744123857001)
((21, 18, 13, 0, -2, -1, -2, -7), 2, 50.48650410045677)
((6, -15, -20, 5, 0, -1, -1, 1), 2, 50.50612516955758)
((-7, 0, -9, 0, -2, -3, -1, 0), 2, 50.52527070769157)
((0, -3, 26, 6, 5, 2, 1, -2), 2, 50.5439908907881)
((-3, 1, 9, -6, 2, 1, 0, -1), 2, 50.56429674728836)
((1, -1, 16, 2, -5, -1, 0, -2), 2, 50.58323188862768)
((7, 6, 4, -24, 2, 2, 2, 0), 2, 50.60208378353876)
((1, -10, -6, 3, -3, 1, -1, -1), 2, 50.62285490774756)
((1, 0, -11, -20, -2, -1, -3, 9), 2, 50.64171421501184)
((-5, 11, -8, 1, -4, -1, -2, -1), 2, 50.662321697269235)
((2, 7, 3, -13, -3, -3, -2, -4), 2, 50.68215601406979)
((-3, -10, -20, -30, 1, 0, -1, -3), 2, 50.702846172574404)
((-2, -2, 27, -62, -4, -3, 0, 0), 2, 50.71781456458982)
((1, -9, -10, -6, -1, -1, 1, -1), 2, 50.73944837267487)
((1, -15, -2, -11, 1, -1, -3, -2), 2, 50.75828031125041)
((7, -4, 12, 5, -1, -1, 0, 1), 2, 50.77659395528298)
((-5, -17, 6, 0, 2, 2, -2, -2), 2, 50.79844101106779)
((-7, -31, -25, -27, -2, 0, -1, 2), 2, 50.81709733389059)
((1, -1, -12, -7, 1, 0, -1, 3), 2, 50.84254907405454)
((0, 0, 19, -84, 0, 0, 0, 0), 2, 50.86501876750812)
((1, -9, -9, 21, 3, 1, -1, -1), 2, 50.884620450454406)
((-2, -2, 13, 32, -1, 0, -1, -2), 2, 50.90833884033164)
((-6, 0, -29, 7, -4, -3, -2, -3), 2, 50.92956439880969)
((-1, -1, 1, 2, -1, -2, -2, -1), 2, 50.9494973569259)
((-3, -1, 0, 13, -2, 0, -2, -3), 2, 50.96990641618995)
((2, 5, -6, 6, -1, -2, 3, 2), 2, 50.99024420282707)
((4, 35, -13, 27, 0, 0, -1, -1), 2, 51.010066545826305)
((0, -9, 19, 13, 1, 1, 0, -1), 2, 51.030017179553994)
((-5, -13, 27, -2, -3, -2, -3, -4), 2, 51.050288825193334)
((3, -1, -16, -5, -1, 0, 0, 1), 2, 51.07055476902252)
((-2, -2, 2, 5, -3, -3, -2, 0), 2, 51.091107513902436)
((1, -1, 38, -4, -1, -2, -1, 1), 2, 51.11143275655722)
((-1, -5, -3, -12, 0, 0, 2, -2), 2, 51.13282765879684)
((0, -2, 4, -9, -1, 0, 1, -2), 2, 51.15738991657682)
((-2, -15, -4, -8, -2, 0, -2, -1), 2, 51.17632277719208)
((0, 0, -4, -2, 0, -1, 1, 0), 2, 51.19802785790405)
((-4, -1, -26, -2, -5, -2, -1, -3), 2, 51.22211629526026)
((-2, -11, -23, 6, -5, -2, -2, -3), 2, 51.24646872642658)
((0, -10, -21, -9, 0, 0, 0, -3), 2, 51.26399609083896)
((1, 4, -16, -17, -5, -1, 0, 0), 2, 51.28356698401041)
((-3, -22, -26, -6, -4, -3, -1, -1), 2, 51.304222361473094)
((-1, -5, 17, 12, 3, 0, -2, -2), 2, 51.323330267660076)
((-7, -21, -11, 2, -4, -5, -3, -2), 2, 51.342199268001615)
((-2, 4, -13, -8, 1, -1, -1, -2), 2, 51.36200279502734)
((1, 6, 16, 4, 1, 1, 1, 0), 2, 51.37900559290558)
((1, 0, -12, 6, 0, 1, 0, 0), 2, 51.39879828649201)
((-1, -1, -9, -3, -2, -1, 1, -1), 2, 51.41961958663017)
((-2, -10, -9, -10, -5, -3, -1, -2), 2, 51.44374052430425)
((-1, 3, 0, -1, -1, -1, -1, 0), 2, 51.46570047593009)
((2, 8, 8, -2, 0, 2, -1, 0), 2, 51.48545382702647)
((-1, -3, 6, -1, -1, -3, -1, -3), 2, 51.50286202360663)
((-2, -19, -18, 1, 0, -3, -4, -1), 2, 51.52183080562586)
((3, 19, 9, -7, -1, -2, 0, 1), 2, 51.54242346317685)
((-1, 9, -6, -3, 0, 2, -2, -1), 2, 51.56287186493096)
((-2, -6, -9, 14, 1, -1, -1, -1), 2, 51.57892987286674)
((-1, 2, -12, 21, -2, 0, 0, 0), 2, 51.6021704510531)
((0, 7, 49, 3, 3, 0, 0, -1), 2, 51.62443944078927)
((0, 4, -3, 10, 0, 1, 0, 0), 2, 51.645397014190095)
((0, 0, -8, -1, 3, 2, 1, -1), 2, 51.66661858140104)
((-2, -1, -12, -11, 0, -1, -2, -2), 2, 51.685638109530636)
((-3, -22, 2, -1, 0, -1, -1, -1), 2, 51.70747946350528)
((-3, -17, -17, -2, 0, 0, -1, 1), 2, 51.72927634336072)
((0, 8, -1, -3, -1, -2, -1, -1), 2, 51.748155606960545)
((2, 14, 9, 8, 2, 1, 1, 1), 2, 51.7682425139509)
((0, -2, -7, -6, -2, -1, -3, 0), 2, 51.78966592524129)
((0, 7, 10, 2, -1, -3, -1, 0), 2, 51.808488170739565)
((-1, 0, -13, 4, 0, 0, 0, 0), 2, 51.8260138246089)
((-1, -3, 0, -3, 3, 0, -1, -2), 2, 51.848137988367164)
((-1, 3, -20, 10, -2, -2, -1, -2), 2, 51.86785256715449)
((0, 1, -6, 13, 1, 0, -1, -1), 2, 51.88779749907203)
((0, 7, 3, 2, 3, 1, 0, 0), 2, 51.90820085652592)
((1, 4, 12, 2, -1, 0, 0, -1), 2, 51.92777745150753)
((-2, -6, -14, -4, -1, -2, 1, -1), 2, 51.94688991914263)
((-1, 5, 5, 6, 2, -1, 0, 0), 2, 51.96721972324554)
((-3, -15, 14, 8, -2, -2, -1, 0), 2, 51.98787224980315)
((0, -3, -11, -4, 3, -1, -1, -1), 2, 52.00474732713395)
((-2, -5, 0, 0, -12, -5, -3, -1), 2, 52.02339851832761)
((0, -2, 2, 5, 4, 4, -1, 0), 2, 52.04399972859384)
((-1, -5, 0, -4, 2, -2, -1, 0), 2, 52.064522253879936)
((-1, -1, -18, 4, -6, -2, 0, -1), 2, 52.08733690684782)
((9, 68, 12, 13, -2, 0, -1, 2), 2, 52.10854307917135)
((-2, -9, 16, 8, -4, -2, 0, -2), 2, 52.127187428192826)
((1, 13, 2, -4, 3, 1, -1, 1), 2, 52.14708218418101)
((-3, -12, 4, -6, -4, -1, -1, -1), 2, 52.16583087632831)
((-1, -4, 13, 1, -3, -1, 1, -2), 2, 52.187521132333885)
((-3, -12, 5, -6, -3, 0, 0, -2), 2, 52.20932599472354)
((-3, 3, -28, -8, 0, -2, -2, -4), 2, 52.231953058137364)
((4, 16, 27, 6, -2, -1, -3, 2), 2, 52.25382406152481)
((-7, -46, -60, -13, -6, -4, -4, -3), 2, 52.274745713521675)
((6, 6, 26, -2, 2, 1, 0, -1), 2, 52.295336090348606)
((-5, -18, 18, -5, 1, 2, 1, -2), 2, 52.315131634840114)
((-2, -5, -1, 3, 1, -1, -2, 0), 2, 52.33673294260729)
((8, 13, 6, -1, -7, -2, 0, 2), 2, 52.358829167495806)
((-1, -8, -25, -4, 1, -1, -2, -3), 2, 52.37938533346181)
((12, 3, -33, -4, -3, -2, -2, -4), 2, 52.5498757290477)
((-1, -1, -11, -21, 6, 3, -1, -1), 1, 55.12878336485484)
((0, 1, 10, 23, 4, 5, 6, 1), 1, 55.150535200410076)
((-2, -3, 12, -31, -6, -2, 4, 0), 1, 55.17201448943996)
((-2, 0, 8, -36, -4, 1, 27, 2), 1, 55.19062804868662)
((0, 2, -12, -16, -4, 1, -3, -2), 1, 55.21030784643201)
((0, 2, -12, -16, -4, 1, -3, -2), 1, 55.227637358032055)
((0, -1, 0, -23, 0, -1, -8, -3), 1, 55.249526037030975)
((-3, -10, 9, -1, -9, -20, -2, -3), 1, 55.268688110414416)
((-55, 2, -13, -32, 5, 5, 39, -43), 1, 55.29032876067165)
((-55, 2, -13, -32, 5, 5, 39, -43), 1, 55.30846849949454)
((0, -4, -9, -12, 5, 3, 1, 1), 3, 58.108642290668016)
((1, 8, 11, 5, 9, 2, 1, 0), 3, 58.13245533059381)
((41, 12, -13, -25, 5, -1, 13, 51), 1, 58.21414915593253)
((37, 20, 31, -26, -4, -4, -6, -49), 1, 58.23993787307656)
((1, 13, 15, 50, 62, 25, 7, 2), 3, 59.908497920834925)
((1, 2, 3, 7, 0, 0, 2, -3), 3, 59.934142382182074)
((-1, 0, 5, 3, 3, 2, -1, -2), 3, 59.958269591847326)
((17, -9, -5, -18, -11, -6, -3, -4), 1, 60.08807358071967)
((-15, -35, 13, 0, -2, -2, 2, 22), 1, 60.11373799840235)
((7, -13, 16, -18, -10, -5, 3, -18), 1, 60.13680068011192)
((-41, 30, -7, -7, 0, -1, 34, -18), 1, 60.16483477009446)
((38, -10, -24, -71, 11, 11, 11, 75), 3, 61.099170443640745)
((2, 8, 8, 8, 3, -2, 5, 31), 3, 61.12021297401286)
((-8, -11, -15, 20, -5, -5, -3, 15), 3, 61.14210678464092)
((-29, -49, 26, 89, -30, -20, -12, -14), 3, 61.16203974275713)
((25, -5, 26, 28, -1, 0, 12, 69), 3, 61.1826460846525)
((27, -22, 3, 17, 0, -4, 0, -39), 3, 61.20232075076875)
((-3, -17, -36, -6, 8, 3, -11, -51), 3, 61.22312893674355)
((23, 9, -5, -6, 6, 8, 8, 73), 3, 61.2437535244314)
((-52, 0, -4, -60, -3, -3, 3, 23), 3, 61.26415973279037)
((3, -5, 9, -49, -11, -6, 2, -18), 3, 61.284930856999175)
((7, 22, 49, -2, 8, 1, 5, 16), 3, 61.30708581053227)
((-88, -42, -11, 71, -23, -16, -18, -42), 3, 61.32935879153555)
((16, 13, 1, 34, 7, 5, -1, -16), 3, 61.346365580680896)
((18, -8, -28, -57, 1, -1, -4, -7), 3, 61.36718973172413)
((26, -12, -16, 52, -7, -4, -1, -12), 3, 61.38685869603023)
((-18, -3, -13, 15, -3, -4, -5, -10), 3, 61.40604984864545)
((27, 1, -29, -11, 4, 4, 3, 2), 3, 61.43531267871611)
((16, -6, -31, -2, -8, -5, -6, 6), 3, 61.4607473134496)
((10, 7, 19, -3, 7, 6, 4, 4), 3, 61.481025801261126)
((-16, -4, 6, 13, -3, -3, 0, 6), 3, 61.501459948489845)
((-11, -2, -2, -10, 0, 4, 2, 2), 3, 61.52195567526823)
((7, 12, 4, -8, 10, 6, 4, 3), 3, 61.5423841206868)
((24, -1, 6, -2, 0, 0, 6, 18), 3, 61.56199264580526)
((-2, -7, 1, -4, -7, -3, -2, -12), 3, 61.58377127986822)
((-6, 0, 13, 5, 3, 3, -1, 2), 3, 61.60561092329982)
((7, -2, -14, -22, -2, -1, -1, -14), 3, 61.62607414976033)
((-13, -7, -4, 39, -10, -6, -4, -14), 3, 61.646391980061914)
((-16, -6, 9, -22, 0, -3, -11, -61), 3, 61.66783990913596)
((47, 12, -31, 13, 3, 4, 0, 16), 3, 61.69176983616989)
((-10, 6, 10, 25, 0, 1, 4, 10), 3, 61.71186244497041)
((-23, -10, 15, 20, 3, 2, -2, -32), 3, 61.73259137578407)
((3, 15, 25, -89, 8, 8, 5, -28), 3, 61.7548997080103)
((7, 6, -22, 2, 3, 2, 5, 26), 3, 61.77585100941996)
((-6, -3, 2, -17, -1, 2, 0, -6), 3, 61.79645507059126)
((25, 10, -20, -4, 0, 4, 4, 8), 3, 61.816246623815665)
((-21, 2, 8, 12, 1, -2, -2, -4), 3, 61.83584089440875)
((43, 4, -3, 7, -1, -2, -1, 1), 3, 62.03890345067849)
((-11, 0, -7, -4, 1, -1, -2, -16), 3, 62.059695671584855)
((-2, -11, -17, 33, -7, -7, -9, 3), 3, 62.081336321842095)
((3, 5, 13, -12, 2, 4, 4, 11), 3, 62.101690643728666)
((-61, -8, -2, 5, -4, -6, -2, -73), 3, 62.12273317410078)
((17, 0, -8, 29, 1, 1, 0, 21), 3, 62.14362289596078)
((8, -2, 9, 18, -6, -4, -2, 24), 3, 62.16269545092481)
((6, -2, -11, -37, 1, -1, 0, 6), 3, 62.18370091953092)
((12, -1, -13, -2, -4, -5, -3, -5), 3, 62.205656309708644)
((8, 0, -14, -10, 2, 2, 0, -2), 3, 62.227603717352146)
((-6, -5, 16, 2, 0, 1, -1, -6), 3, 62.24599661654585)
((-28, 1, 7, -3, 2, 2, -5, -33), 3, 62.26543066627362)
((5, 3, 21, 20, 1, 0, 0, 17), 3, 62.28470791622216)
((11, -3, -1, 3, -4, -2, 1, 10), 3, 62.304741796378096)
((38, 6, -5, -32, 0, 0, 4, 48), 3, 62.3247967732316)
((-15, -9, 6, 11, -10, -8, -5, -1), 3, 62.34510434027491)
((15, 3, 9, 7, 5, 4, 6, 22), 3, 62.3654483989032)
((-28, 1, 1, -13, 2, -1, -1, -4), 3, 62.38718940101914)
((0, 5, -4, 13, 3, 1, 0, -3), 3, 62.40679963668066)
((2, -8, -21, 16, -7, -4, -3, 13), 3, 62.43100895241212)
((-3, -4, -1, -9, -4, -1, -2, 5), 3, 62.4562651204878)
((-9, 0, 3, 6, -1, -1, 0, -25), 3, 62.47791432346027)
((28, 1, -5, 2, -1, 1, 2, 20), 3, 62.49792026474645)
((10, 1, -9, 22, 1, 0, 0, 27), 3, 62.51746093832409)
((6, 0, 9, -9, 0, 0, -1, -4), 3, 62.53886154237386)
((-4, -3, 0, 3, -4, -2, -2, -2), 3, 62.55881103573952)
((-11, 0, 8, -1, -1, -1, 0, -2), 3, 62.57845206117586)
((-60, -10, -12, 2, -4, -5, -9, -55), 3, 62.597795452122185)
((16, -1, -14, 12, -1, -2, -2, 0), 3, 62.61650879304653)
((-4, 1, 13, 31, 3, 0, 1, -4), 3, 62.636302056813975)
((-5, 5, -2, 5, 3, 1, 4, 6), 3, 62.656061109720504)
((-2, -5, -9, -40, -4, 2, 1, 8), 3, 62.674867390150354)
((2, 6, -5, 25, 4, 1, 0, -4), 3, 62.69367481094223)
((10, 10, 5, 7, 6, 3, 0, 13), 3, 62.71158989844506)
((-6, 3, 16, -7, 1, 1, -4, -11), 3, 62.73385261619006)
((-3, -1, -1, -4, -1, 0, -1, -6), 3, 62.755897524787194)
((8, -2, -4, -39, -1, -1, -6, -52), 3, 62.77583789525661)
((14, -9, -30, -3, -5, -3, -2, -3), 3, 62.79687244309451)
((16, 10, 17, 0, 2, 3, 3, 11), 3, 62.816854436778044)
((-27, -5, -5, -1, -5, -6, -2, 7), 3, 62.83821170707064)
((15, -8, 6, -81, -6, -4, -6, 7), 3, 62.85989055945591)
((12, -1, -2, 18, -2, -1, 3, 16), 3, 62.87972943770459)
((6, 6, 22, 6, 5, 2, 2, -7), 3, 62.900762274999444)
((7, -1, 1, 15, -2, -1, 1, 2), 3, 62.922161168506165)
((4, 5, -6, 3, 1, 0, -2, -5), 3, 62.942930582171925)
((-14, 4, -3, 8, 0, 1, 1, -6), 3, 62.96180756504768)
((1, -10, -4, -9, -4, -3, -1, -14), 3, 62.98184201538462)
((8, 7, 11, 37, 0, -1, -2, 17), 3, 63.00305845096643)
((-3, 9, 25, 23, 9, 4, 1, 18), 3, 63.023970409886026)
((7, -4, -14, 2, -3, -2, 1, 8), 3, 63.04478315730895)
((32, 7, 3, 4, 1, 1, 0, 14), 3, 63.06471326452009)
((-16, 1, -10, -10, -3, -3, -1, -15), 3, 63.08561153909532)
((11, 3, 0, 3, 2, 0, 1, -7), 3, 63.104858569450045)
((5, 3, -6, -58, 0, 2, -1, 6), 3, 63.12568785212241)
((3, -5, 15, 10, -4, -4, 0, 9), 3, 63.146009673691104)
((6, 5, -1, 0, 1, 1, -2, -7), 3, 63.166264213899986)
((-1, -7, -33, 23, -4, -2, -2, -8), 3, 63.187331262055764)
((9, 3, 1, 2, 2, 2, 1, 2), 3, 63.20951757554471)
((-7, -2, -2, -11, 0, 0, -2, -2), 3, 63.228865527939156)
((-1, 1, -2, 0, 0, 0, -1, -2), 3, 63.2485362027883)
((11, 7, -8, -3, 5, 3, 1, -12), 3, 63.270061106299416)
((34, -7, -14, 10, 0, 5, -1, -6), 3, 63.28925568000073)
((10, 9, 9, 22, 4, -1, -1, -3), 3, 63.31009351538833)
((-28, -3, -8, 13, -1, -3, -1, 11), 3, 63.33057612800336)
((-18, -2, -6, -4, -3, -1, -1, 0), 3, 63.35016070551918)
((-5, -4, -9, -2, -8, -2, -2, -2), 3, 63.37026984956914)
((-2, -6, -11, -28, -2, -1, -3, -1), 3, 63.39222695028991)
((-3, 3, 5, -7, 2, 0, 1, 7), 3, 63.412477499231684)
((-2, -2, -8, 0, -2, -1, 0, -3), 3, 63.43801476654794)
((-9, 3, -5, 10, 1, 1, 1, -10), 3, 63.4625952701204)
((-14, -11, 4, 7, -6, -3, -3, -6), 3, 63.48475592546366)
((6, 3, 2, -2, 4, 2, -1, 4), 3, 63.50626543408736)
((2, -1, -5, -9, -2, -1, -1, 2), 3, 63.526017074640684)
((-4, 0, -9, -6, -3, -2, -1, -13), 3, 63.54382268738856)
((0, 1, 0, 0, 2, 1, 2, 6), 3, 63.565422284612694)
((0, 0, 24, 12, 2, 0, -3, 1), 3, 63.58511918778855)
((0, -2, -11, -1, -6, 0, -2, 2), 3, 63.60572495950289)
((-3, -2, 5, -10, 0, 1, 0, -1), 3, 63.62637349479339)
((-2, -10, -9, -5, 2, -2, -1, 0), 3, 63.64547855007529)
((0, 2, -7, -6, -3, -1, -2, -1), 3, 63.66553922873895)
((-1, -1, -5, 0, 0, -1, 0, 2), 3, 63.68727795013083)
((-1, 0, 2, 2, 0, 0, -2, -2), 3, 63.70676673723607)
((0, -2, 5, -2, 3, 5, 3, 0), 3, 63.7278987860276)
((0, 1, -7, 0, -4, -3, -1, -1), 3, 63.74690120872673)
((1, 4, 0, -15, 0, 1, 0, 1), 3, 63.76775329863972)
((-1, -2, -4, -2, 2, -2, -2, 0), 3, 63.787965075272446)
((-1, -3, 0, 3, -9, -5, 0, -1), 3, 63.80809759674404)
((-1, -2, -21, 35, 9, 2, -1, 0), 3, 63.82870165791534)
((-1, 2, -2, -1, 0, -2, -1, -2), 3, 63.84967063493647)
((-3, -2, 4, -2, 3, -1, -2, 0), 3, 63.87207418739227)
((-2, 0, 28, 1, 2, 0, -1, 0), 3, 63.89542595087662)
((2, -1, 11, -1, -1, -3, 0, 1), 3, 63.918744643862084)
((-2, -2, -6, 6, 0, 0, 0, -1), 3, 63.94122802166004)
((1, -1, -1, -4, -2, 0, -1, -1), 3, 63.96108685624425)
((-2, -2, -7, 12, 0, -14, -8, -11), 3, 64.2805279191985)
((-27, -11, -14, -13, 4, 2, -2, -7), 2, 65.46702158534269)
((-9, -11, -23, -10, -3, -4, -4, 1), 3, 65.4904047087829)
((-9, 2, 4, 1, -1, 1, 0, -5), 2, 65.50939401731868)
((-27, -60, 47, 21, -5, -6, -1, -3), 2, 65.52936631792495)
((-9, -15, 17, -1, 5, 1, 1, 5), 2, 65.55025889069003)
((-6, 35, -2, -7, 3, 2, 2, 0), 2, 65.56970719494318)
((-85, -42, 50, 37, -13, -9, -10, -55), 2, 65.59034774769947)
((62, 29, -33, -30, 5, 1, 2, 25), 2, 65.61035653989072)
((14, -18, 19, -23, -4, 4, 1, 5), 2, 65.63204280462918)
((-79, -63, -27, -2, -17, -14, -11, -15), 2, 65.65504675769417)
((-80, -47, -7, -8, -2, -4, -4, 10), 3, 65.6758897247109)
((43, 88, 3, -13, 7, 8, 10, 2), 3, 65.70157010746202)
((88, 1, 7, -4, -29, -9, -20, -37), 3, 65.7227637358032)
((-12, -17, -17, -19, -3, -4, -1, 37), 1, 65.79030794906458)
((7, 21, 15, 13, 5, -6, -13, -22), 1, 65.81093196657143)
((-33, -48, 16, -16, 2, 4, 0, -10), 1, 65.83147159728799)
((1, -13, -8, 5, 7, 4, 4, 2), 1, 65.85041244043747)
((6, 16, -8, 2, -2, -2, -8, -4), 1, 65.86880362908812)
((-27, 4, 0, 4, -14, -6, -6, -22), 1, 65.89127275236069)
((1, -50, -14, 14, 0, -6, -5, -8), 1, 65.91039263234899)
((26, 20, -12, -2, 10, 6, 6, 24), 1, 65.92827978098207)
((14, 10, 2, -1, 2, 2, 3, -1), 1, 65.94820931801219)
((-9, -40, -1, 26, 11, 0, -1, 15), 1, 66.18408066008716)
((-6, 7, 1, 1, -10, -2, -2, -8), 1, 66.20634736909926)
((-22, 8, 2, -8, -6, 0, 10, 3), 1, 66.23048712274687)
((7, 24, 4, 10, 6, 2, 0, -1), 1, 66.25315067774567)
((-4, 9, 10, -21, -4, -2, -4, -19), 1, 66.27433176210451)
((-28, 4, -7, 1, 2, -3, -3, -16), 1, 66.29249943979715)
((8, 8, 1, 9, -1, 1, 2, 12), 1, 66.31132681692456)
((-12, 2, 1, -5, -1, 1, 1, 0), 1, 66.89135428824589)
((-1, 13, 1, -5, -4, 2, 4, 1), 1, 66.91493868558452)
((12, 10, 1, 3, -1, -1, -2, -2), 1, 66.9348562488133)
((-16, 2, 0, -5, 0, 1, 3, 0), 1, 66.95540557260713)
((6, -14, 0, -1, 3, -1, -2, 4), 1, 66.97449010137248)
((14, 11, -4, 15, -3, -2, -2, 1), 1, 67.38888055791072)
((20, 6, 6, 3, 0, -1, 1, 3), 1, 67.41141639236209)
((37, 10, -4, -5, -1, 2, 8, 5), 1, 67.437460550601)
((17, -4, -8, 4, -12, -1, 0, -4), 1, 67.4614378026592)
((11, 7, 9, 3, 4, 3, -4, -2), 1, 67.48099159040021)
((-33, -1, 4, 4, -1, 1, 7, 1), 1, 67.49995353024725)
((2, 4, -2, -12, 3, 1, 1, 6), 1, 67.52203778133445)
((44, 11, 3, 9, 4, -1, -3, 1), 1, 67.5435159300023)
((-23, 1, -6, 2, -1, -2, -4, -23), 1, 67.56332173775209)
((2, -12, 5, -6, -1, 1, 0, 7), 1, 67.5850581784199)
((2, -12, 5, -6, -1, 1, 0, 7), 1, 67.6021077311414)
((7, -7, -7, -3, -3, -5, -2, 1), 1, 67.62412242014473)
((16, -23, -42, -5, -3, -1, -2, 2), 1, 67.64838134162453)
((13, -20, -3, 12, -7, -6, -4, -5), 1, 67.66744933514043)
((13, -20, -3, 12, -7, -6, -4, -5), 1, 67.68583596234296)
((-10, -13, -13, -12, -8, -8, -6, -1), 1, 67.70542909257402)
((49, 14, 2, -3, -4, -3, -1, 4), 1, 67.72453129695084)
((-26, 18, 8, 9, 6, -3, 0, 0), 1, 67.74245436698789)
((-17, -21, -14, -1, -3, -2, -3, -4), 1, 67.76370159234452)
((-23, 0, 11, 8, 3, 8, 7, 3), 1, 67.78280436690235)
((-7, -1, -20, 9, -2, -1, 1, 2), 1, 67.80273447411349)
((0, -21, -10, -9, -5, -6, -5, -7), 1, 67.82291318024733)
((-21, -6, -4, 3, -1, 3, 1, -1), 1, 67.84304228063283)
((8, -1, 8, -7, -1, 0, 2, -1), 1, 69.65534211146013)
((-12, -9, 0, 4, 5, -1, -3, -5), 1, 69.67435935886566)
((-10, -5, 0, -20, -5, -2, 0, -6), 1, 69.69453749481848)
((13, -9, -5, -10, -3, -1, 0, 0), 1, 69.71282034907622)
((-11, 3, -3, -5, -3, -2, -1, -2), 1, 69.73311594231821)
((-6, 0, 2, 31, 2, 2, 0, -3), 1, 69.75339899157785)
((2, 9, 4, -2, -1, 0, 1, 2), 1, 69.7724647043697)
((-4, -1, -7, -6, -2, 0, -5, 0), 1, 69.79161879521892)
((4, 0, -20, -7, -9, -2, -3, 0), 1, 69.81191210773684)
((8, -8, -50, -24, -5, 1, -3, -3), 1, 69.83205375210468)
((-2, -6, -2, -11, 0, -2, -4, -2), 1, 69.85135152856978)
((1, -1, 25, 3, 1, 2, -2, -2), 1, 69.87514974378917)
((4, 1, -10, -21, -8, -14, -7, 1), 1, 69.89608622049242)
((-1, -1, -19, -5, -2, -4, -3, -1), 1, 69.91684080945177)
((6, 2, -3, 25, 6, 3, 5, 9), 1, 69.93714951685712)
((-10, -12, -83, -28, -9, -5, -5, -6), 1, 69.96106461918465)
((1, 5, 15, -4, 0, -2, -1, -5), 1, 69.98229587947286)
((-1, -2, 19, -15, -4, -7, -5, 0), 1, 70.00169970960681)
((25, 0, -25, -30, -1, -3, -4, -19), 1, 70.0215129297098)
((-8, 1, 12, 23, 2, 2, 2, 2), 1, 70.04331779209946)
((-2, -3, 6, 8, -4, -3, -4, 0), 1, 70.06338873402139)
((7, -7, -41, -70, -13, -5, 1, 11), 1, 70.083521825674)
((-7, 17, 53, 52, 9, 6, 5, 13), 1, 70.10348899465113)
((2, -3, -11, 7, 4, 1, -2, -9), 1, 70.12363291974303)
((26, -3, -66, 13, -1, -2, 0, 7), 1, 70.14861711147438)
((14, 10, 0, 2, 0, 1, 1, -3), 1, 70.17017850657048)
((-9, 10, 14, 5, 5, 3, 2, 6), 1, 70.1912432740022)
((48, 8, -6, -4, -12, -11, -15, -17), 1, 70.21003529990666)
((45, -14, 0, -9, -7, -6, 0, 46), 1, 70.30181334668318)
((-33, 19, -18, -64, -10, -3, 6, 0), 1, 70.3196982145922)
((24, -2, -5, 31, 8, 3, 3, 24), 1, 70.34074473623141)
((-19, 5, 14, 4, -8, -1, -1, 7), 1, 70.36278850446651)
((-3, -10, 1, 18, 4, 0, 0, -12), 1, 70.38979740898343)
((21, 13, 6, 11, 9, 3, 6, 11), 1, 70.4130419784369)
((28, -17, 4, -1, 10, 0, -1, -6), 1, 70.43810656569141)
((2, 6, -9, -4, -1, -3, -3, 3), 1, 70.46331597892383)
((-13, -36, 7, 2, 0, -3, -14, -7), 1, 70.48302029445288)
((30, -8, 7, 4, -2, 1, 5, 15), 1, 70.502652767174)
((-34, 3, -4, -3, 2, -2, 3, 8), 1, 70.52162953172744)
((8, -7, 0, 14, 5, -4, -3, 10), 1, 70.54159499016153)
((15, -45, -8, -10, 2, -3, 0, -1), 1, 70.56216312992886)
((-32, 15, -5, -4, -2, -2, -2, 7), 1, 70.58207613170953)
((30, -1, -6, -4, -1, 1, 3, 2), 1, 70.60081342023652)
((0, 15, 7, 5, 13, 3, -6, -45), 1, 70.62069335151831)
((4, 13, 3, -4, -1, 4, 3, -9), 1, 70.64096727788171)
((1, 2, -1, 0, -5, -1, 3, 10), 1, 70.66142936398018)
((-11, 0, 3, -3, -4, -1, 3, 0), 1, 70.68343207918218)
((-12, -7, 4, 14, 9, 3, 2, -19), 1, 70.70350530182817)
((13, -2, -4, -10, 5, -1, -1, 11), 1, 70.72515507498166)
((-36, -14, 2, 13, 6, 0, -1, -5), 1, 70.7449112769831)
((9, 11, 0, -9, -11, -6, 0, 6), 1, 70.76499134180128)
((21, 5, -1, 5, -3, 1, -2, 19), 1, 70.78536105857526)
((38, 5, -8, -13, -8, -4, 3, 16), 1, 70.80645091397166)
((-18, 8, -1, -4, -5, 1, 1, 25), 1, 70.82643119711214)
((-8, -2, 2, 1, -3, -6, -4, -4), 1, 70.84560011266777)
((5, 52, 3, 1, 9, -3, -8, -2), 1, 70.86552679879281)
((-10, -5, -7, -7, 5, 0, 0, 1), 1, 70.88689433234369)
((2, -17, -4, 3, 0, 0, 0, -1), 1, 70.90814497878641)
((4, -1, -2, -5, -6, -1, 0, -6), 1, 70.92828662315425)
((17, -11, -3, -12, -11, -7, -3, 4), 1, 70.94961139312898)
((9, -4, 1, 14, 5, 2, 4, -4), 1, 70.96817420626526)
((-41, 6, 8, -7, 5, -1, -5, -29), 1, 70.98848519439467)
((-11, -10, 0, 4, 5, 3, 1, -2), 1, 71.01031685529205)
((-25, -14, -7, -4, -4, 0, -1, 3), 1, 71.02994761747011)
((-9, 30, -3, 4, -6, -4, -5, -12), 1, 71.05179866452202)
((29, -1, 2, -6, -5, 1, -2, 2), 1, 71.07267071077055)
((10, -13, 2, 6, 6, 1, -1, -3), 1, 71.09474412841845)
((5, 21, 4, -2, 3, 8, 6, 7), 1, 71.1141034844332)
((1, 0, 5, 2, 1, -4, -1, -1), 1, 71.13589580284052)
((21, 0, -1, 5, -1, -1, 1, 0), 1, 71.16032748916798)
((48, -6, 0, -3, 9, 7, 7, 6), 1, 71.18146181868357)
((-11, 0, 0, -3, -8, -5, -1, 4), 1, 71.20237719868926)
((-8, -1, 0, 5, 6, 1, -2, -8), 1, 71.22277713505707)
((-28, -40, -8, 0, -6, -5, -7, -6), 1, 71.24310237771185)
((8, 5, -5, -6, -3, -2, -1, -1), 1, 71.26324003081258)
((16, 8, 2, 1, -3, 1, -2, -1), 1, 71.28219398812541)
((10, 19, -3, -2, 0, 1, 4, 10), 1, 71.3007756172352)
((-5, 8, -5, -6, -3, -1, -3, -2), 1, 71.318095435758)
((-7, 3, 6, 10, 14, -4, 0, 9), 1, 71.33864589991384)
((33, 0, -3, -5, -4, -6, -6, -10), 1, 71.3570889750369)
((3, -23, -1, -4, -6, -1, -1, -2), 1, 71.37548415495468)
((26, 14, -8, -3, -6, 1, 3, 3), 1, 71.39697142651877)
((-19, -3, 1, -5, 4, 0, 0, 9), 1, 71.415235464803)
((-18, -12, -1, 3, 11, 6, 8, 5), 1, 71.43993000457856)
((-47, 11, 4, 12, 0, 5, 4, 0), 1, 71.46517933048204)
((-44, -22, -10, -10, -5, 0, -4, -10), 1, 71.48508320936648)
((11, -2, 4, 7, 6, 2, 1, -2), 1, 71.5034133886485)
((-26, 15, 3, -13, 1, 0, -2, 6), 1, 71.52345468115763)
((12, -3, -1, -7, -7, -4, -4, -4), 1, 71.545916962258)
((36, 0, -5, 3, -1, -8, -1, 3), 1, 71.56523412487762)
((15, 2, 0, 4, 0, 2, 1, 1), 1, 71.58461628813299)
((31, -28, -11, -2, -11, -5, -4, -9), 1, 71.60450477213001)
((43, 6, 3, 1, 8, -3, 4, -24), 1, 71.62468290808283)
((-17, 4, 1, -3, -3, 0, 0, -1), 1, 71.64482968407981)
((-4, 8, -1, 2, -6, -3, -4, 2), 1, 71.66412175873475)
((-29, -2, -3, -6, -9, -1, -1, -1), 1, 71.68331291134997)
((7, 17, -3, -4, -8, 0, -1, 11), 1, 71.7025861700314)
((19, 15, 5, -4, 9, 2, 1, 13), 1, 71.72280364847428)
((-25, 1, -3, 4, -1, 0, -1, -4), 1, 71.74324919932332)
((-6, -11, 11, 9, 0, 0, -2, -3), 1, 71.76255666886567)
((19, 8, -6, -9, -9, -3, -8, -12), 1, 71.78216975543226)
((0, -13, 2, 5, 2, 2, 5, 7), 1, 71.80237583025483)
((4, -7, -12, 3, -2, -1, -2, 2), 1, 71.82214457623861)
((9, -2, -2, 5, 5, 1, 1, 2), 1, 71.84254394242541)
((15, -16, 5, 0, 6, -1, -1, 0), 1, 71.86198027287723)
((33, 16, -5, 2, -10, -3, -3, -4), 1, 71.88113607426949)
((39, -3, 5, 17, -1, 0, 2, 2), 1, 71.8995398069025)
((-58, -11, -8, -4, -1, -1, -2, -2), 1, 71.91734028802124)
((-12, -5, -1, 3, 1, 1, -1, -2), 1, 71.9414378482737)
((4, -8, 0, 12, -2, 0, -1, -1), 1, 71.96018425969693)
((-17, 8, 2, 13, 5, 1, 0, 0), 1, 71.97933492946005)
((11, -2, 2, 0, -2, -2, -2, -2), 1, 71.99816914875966)
((-20, 6, 1, 12, 9, 1, 1, -1), 1, 72.01643888885404)
((-39, -3, 0, 2, -2, -1, 3, -7), 1, 72.03687189572074)
((-8, 7, 3, 4, 3, 6, 4, -1), 1, 72.05634357739551)
((16, -14, -1, -6, -5, -6, -4, -5), 1, 72.0754777119092)
((-22, -18, 7, -3, -2, 3, 0, -2), 1, 72.09411749948256)
((-10, -6, -2, 2, 1, 0, 4, 1), 1, 72.11446954064508)
((-1, 15, 8, 10, 4, 2, 0, 6), 1, 72.13284647477035)
((11, 20, -1, -4, -5, -4, -4, -5), 1, 72.15346650101007)
((23, -16, -6, -9, -3, -2, -3, -2), 1, 72.1728469537224)
((8, 10, 1, -2, -6, -3, -1, 1), 1, 72.19521116368814)
((25, 0, -4, -1, 0, -1, -2, -2), 1, 72.21156623593292)
((0, -1, -4, 2, 1, -2, -3, 0), 1, 72.23111033059665)
((-12, -6, 0, 1, -2, 2, 3, 2), 1, 72.25031459737522)
((-2, 0, -3, -2, 0, -1, -2, -2), 1, 72.27039352183138)
((-5, -1, -3, 3, -3, -4, -2, -2), 1, 72.28906695008465)
((1, -4, -1, -1, -2, -1, 1, -1), 1, 72.30876328307949)
((1, -25, 1, 7, 1, 0, 0, -3), 1, 72.3280285592267)
((-4, -3, -2, -7, -6, -3, -1, -2), 1, 72.34693918278236)
((-1, 1, 4, -5, 0, 1, -2, -1), 1, 72.36351833616618)
((1, 11, 10, 6, 5, 2, 0, 0), 1, 72.38681137100595)
((3, 6, 0, 5, -3, -1, -1, 0), 1, 72.40720446520157)
((1, 9, 48, 23, 7, 1, -2, 2), 1, 72.43023236586919)
((6, 39, 26, 13, 5, 2, 2, 0), 1, 72.45109928048858)
((-5, -10, -43, 6, -8, -4, -3, -3), 1, 72.47436893790672)
((-34, -24, -71, -27, -16, -15, 1, -41), 1, 72.49948256072855)
((0, -11, -26, -16, -8, -13, -50, 4), 1, 72.51896507584263)
((-2, -3, -56, 54, -5, 5, -3, -4), 1, 72.5390747900736)
((2, 8, 60, 31, 2, -20, 5, 2), 1, 72.55912520547898)
((6, 7, 7, 2, 2, 20, 6, 1), 1, 72.57976176696816)
((-9, -14, -63, -30, -19, -8, 4, 1), 1, 72.59814041163648)
((0, -4, -41, 10, 8, 9, 8, 2), 1, 72.61864069986298)
((2, -13, 7, 30, 4, 8, 6, 4), 1, 72.63920370800118)
((1, -8, 34, -1, -1, 2, 29, 1), 1, 72.65799516372462)
((5, 10, 19, 66, 3, 6, 9, 0), 1, 72.67778671694903)
