((-2, 1, 3, 65, 9, 5, 3, -5), 2, 5.701810153669486e-07)
((-2, -2, -23, 15, 12, 3, -1, -1), 3, 0.031000741805500994)
((-7, -79, -43, 1, -11, 2, -20, -19), 1, 0.2931830868345774)
((-8, -32, -36, -12, 8, -3, 3, 20), 1, 0.32302122954974516)
((1, -67, -11, -5, 1, -3, 0, -10), 1, 0.5691581106253802)
((1, 0, 15, 22, -11, 0, -3, -6), 1, 0.5894519933243206)
((1, -9, -19, -6, -9, -5, -11, -3), 1, 0.6117443604821222)
((0, 9, 32, 20, 8, 2, 0, 3), 1, 0.6388844066325736)
((14, 20, -15, -7, 15, 2, -14, -6), 1, 0.6591623242630839)
((-5, 4, -6, 9, -38, -17, -6, -4), 1, 0.6824810172485459)
((6, -3, 48, 11, -5, 7, 6, 1), 1, 0.7046308391525058)
((3, 9, 4, 11, 0, -2, 1, -2), 1, 0.7269671102484906)
((3, -6, 8, 0, -2, -3, -1, -3), 1, 0.7609521794884222)
((12, 27, 2, -5, 17, 10, -2, 8), 1, 0.7869130912990947)
((2, -13, -13, -5, 5, 5, -7, -4), 1, 0.8156650391799884)
((-7, -23, -18, 7, -18, -6, -15, -11), 1, 0.8485947033604758)
((1, -43, -25, -1, 6, -5, 2, -2), 1, 0.873689510208806)
((-21, -17, 32, 1, -4, 1, -5, 8), 1, 0.8978537816400572)
((-2, -18, -22, 3, 7, 3, 6, 1), 1, 0.9198553564800217)
((11, 25, 7, 2, 4, 4, -1, -4), 1, 0.9484276973410749)
((6, 3, 31, -2, 4, 4, 0, 8), 1, 0.9699799695409301)
((8, 31, -24, -29, -8, -2, 6, -5), 1, 0.9934121285484503)
((-7, 12, -41, 8, 2, -4, 2, 7), 1, 1.016259281834204)
((8, 27, 17, -12, -11, -2, 4, 3), 1, 1.0398830216628874)
((-5, -26, 8, -5, 7, -2, 4, -6), 1, 1.0678709269831894)
((-7, -14, 3, -16, -9, -3, -8, 0), 1, 1.090036143774564)
((-2, -15, -13, -14, -17, -9, -15, -4), 1, 1.1116323199126026)
((-3, -45, -24, 14, 11, -9, 4, -1), 1, 1.1408210264512675)
((-1, -26, 7, 7, 10, -1, 3, -1), 1, 1.161857855013231)
((0, -20, 6, -21, -3, 0, -8, 6), 1, 1.1868226605900576)
((3, -14, 3, -4, -9, -4, -4, -15), 1, 1.2097433672267934)
((2, 21, 33, 0, 7, -3, -13, -2), 1, 1.2320613925302866)
((-6, 19, -9, 6, -5, -6, -12, 3), 1, 1.257958444067238)
((-1, -29, -8, -7, -2, 0, 5, 8), 1, 1.280470330915956)
((-7, -7, -8, 5, -2, 3, 3, 0), 1, 1.2977222978979137)
((4, 18, 8, 12, -2, -12, 9, 4), 1, 1.319849312561259)
((1, 2, 1, 5, 8, -1, -7, -3), 1, 1.3403838116486841)
((-6, -34, -19, -8, 9, 9, -2, -4), 1, 1.3680381610749965)
((3, 13, -9, -16, -7, -8, -12, -12), 1, 1.3917554105902001)
((5, 22, -17, -1, -3, 2, 5, -13), 1, 1.413146891743722)
((4, 32, 20, 6, -2, -3, -3, 2), 1, 1.4363606714223565)
((-5, -32, -19, 4, 1, 1, -3, 1), 1, 1.4657700380139682)
((1, 39, 7, 2, 13, 10, -4, 4), 1, 1.4886628057809512)
((1, 10, -5, -1, -8, 3, 7, 0), 1, 1.5105645989432266)
((1, -9, -7, 3, -8, -1, 3, -2), 1, 1.5370078838928996)
((-1, -13, -33, -2, -5, 1, 8, 6), 1, 1.5598419230152996)
((-8, -39, -12, 10, -2, -1, 5, 2), 1, 1.5852417767068512)
((-1, -11, -16, -10, -2, 0, -9, -2), 1, 1.6078334888977204)
((1, -7, -16, 2, -1, 4, -2, -3), 1, 1.6286832980866435)
((1, 7, -2, 3, 1, -5, -5, -5), 1, 1.654881975380724)
((-7, 18, -39, -50, -12, -8, -6, -6), 1, 1.6786362866619267)
((-6, -58, -7, 4, -2, -5, -1, -3), 1, 1.7016715996827514)
((6, 7, 10, 15, 3, -7, 0, -3), 1, 1.722553339008535)
((1, -4, 5, -4, -1, 0, -3, -5), 1, 1.7443741664666281)
((-3, 5, -7, 14, 4, 0, -3, -5), 1, 1.7737937963165167)
((-1, -7, -14, 4, 10, -5, -17, -5), 1, 1.8012793721622804)
((7, 1, 20, 7, 19, 8, 2, 9), 1, 1.8234651154702084)
((1, -3, 12, 0, -3, 1, 2, -2), 1, 1.8482508842082095)
((4, 5, 6, -8, -14, -7, -13, -8), 1, 1.876659012936837)
((-2, -36, 8, 1, 3, 3, 9, 0), 1, 1.8993026116001046)
((10, 10, -8, 3, -10, 0, 10, 6), 1, 1.922071650086753)
((1, 18, 5, 3, -4, 2, -2, 5), 1, 1.9435247107899345)
((4, -13, 23, -4, 4, -2, -1, 3), 1, 1.9711710776820317)
((-6, 2, -18, -7, -19, -5, -4, 3), 1, 1.998035726402061)
((-12, -16, 7, -6, -3, 1, -8, -17), 1, 2.021593895413977)
((2, 18, 9, -5, -8, -6, 6, 6), 1, 2.0434888464040677)
((0, -7, 13, -7, 0, -3, -3, -2), 1, 2.073027644086168)
((-4, 7, -1, -1, 4, 3, 5, 2), 1, 2.095421503464705)
((-14, -17, -2, -4, -9, -3, 0, -3), 1, 2.1184602375716217)
((0, -1, -20, -2, 3, 2, 4, 2), 1, 2.1409840982216624)
((0, 2, 3, 8, 4, -3, -4, 2), 1, 2.164878674032645)
((1, -12, 6, -5, 1, 3, -4, 1), 1, 2.191556303379634)
((5, -2, -15, 5, 3, 3, 1, 2), 1, 2.2157490838616534)
((2, -28, -14, -5, -7, -1, 7, -2), 1, 2.2369974495803184)
((-6, -14, -15, 6, -1, -2, -13, -4), 1, 2.260283072066889)
((1, 12, 1, 2, -3, -3, 15, 7), 1, 2.289149056150856)
((3, -8, -7, -1, -8, 3, -2, -5), 1, 2.312769945074463)
((0, 2, 0, -3, 2, -3, 0, 5), 1, 2.3340553725591264)
((-8, -36, -10, 4, 1, 0, 2, -1), 1, 2.3564013367323726)
((2, 11, -6, -2, 1, 1, -3, -4), 1, 2.3865798775137144)
((2, 38, 13, 14, 23, 0, 7, 3), 1, 2.4044071571401773)
((3, 18, -22, 2, -3, -1, -12, 9), 1, 2.4244849412342937)
((1, -14, 5, -6, -1, -5, 4, -4), 1, 2.447535078961518)
((1, -3, 4, 2, 6, 2, 0, -4), 1, 2.4716793940572312)
((-1, 7, 5, -1, 3, -1, 6, 3), 1, 2.498042853664753)
((4, -8, 2, 2, 0, -7, -20, -3), 1, 2.520315264487017)
((2, -2, 8, 6, 13, 2, 8, -16), 1, 2.542263812492552)
((-13, -25, -3, -3, 3, 0, -1, 2), 1, 2.5673591895218975)
((-3, -12, 3, -3, -4, -3, 0, 4), 1, 2.598396422912382)
((-1, -1, 13, -1, -6, 0, 3, 1), 1, 2.621044012842757)
((-2, 8, -12, 0, -2, -3, -22, -3), 1, 2.6458748258809726)
((1, 11, -8, 4, 1, 6, 13, 0), 1, 2.6685919778952223)
((-3, -46, -13, 0, 0, -2, -16, -1), 1, 2.6898380628898257)
((-5, 7, -12, 0, 7, -2, 7, 0), 1, 2.719525107635921)
((-4, -15, -17, -3, 14, 1, 0, -3), 1, 2.7404530316239497)
((-3, -2, -7, -4, -4, -4, 2, 1), 1, 2.769480947116281)
((-1, 15, 5, -5, 4, 3, 3, 3), 1, 2.797333149354926)
((1, 15, -1, -1, 11, 5, 6, 3), 1, 2.821328077024613)
((4, -11, 11, -1, 2, -1, 6, 2), 1, 2.845465549948142)
((8, 23, 10, 1, 21, 8, 4, 1), 1, 2.870313468416818)
((1, 4, -7, 7, -4, -2, 1, 5), 1, 2.8995198505669597)
((-7, 22, -3, -1, 19, 6, -5, -4), 1, 2.922584242819568)
((-2, 2, -11, -6, 10, 0, -10, -7), 1, 2.946180613959514)
((1, -1, -14, -2, -1, 0, 7, -1), 1, 2.9681656535500327)
((1, -6, -2, -4, 2, 7, 7, -3), 1, 2.9969004960004653)
((4, 4, 8, -2, -1, 2, -1, -2), 1, 3.020444410486997)
((-1, -8, -12, 0, -4, -2, -7, -8), 1, 3.0430566491944195)
((-2, -32, -1, -4, -5, -4, -17, -2), 1, 3.0655485797076)
((3, 15, -2, -3, -10, -6, -5, -1), 1, 3.093934471376628)
((1, 9, 3, -3, -16, -7, -2, 2), 1, 3.1160871441856646)
((0, 4, -3, -1, 2, 0, -2, -1), 1, 3.138094991016798)
((-1, -17, -13, -4, 0, 0, -7, -8), 1, 3.1590445818834105)
((3, 1, -4, -2, -7, 1, 4, -1), 1, 3.1825571364140974)
((3, 15, 4, 8, -5, -2, -2, -2), 1, 3.2115970257077513)
((-3, -10, 1, 1, -5, 3, 11, 0), 1, 3.2394805879022415)
((0, 11, 2, 10, -3, -7, -13, 4), 1, 3.2615597073602958)
((-2, 14, -3, -3, -13, -12, -10, -6), 1, 3.290052793060213)
((-2, 2, -2, 0, 17, 3, -9, -6), 1, 3.316208706778141)
((2, -5, -2, -4, -10, -6, 0, -1), 1, 3.3389173060771604)
((3, 4, 0, 0, -1, 6, -2, 2), 1, 3.3617901175086056)
((-1, 4, 0, -2, 1, 2, 2, -1), 1, 3.3904211870142413)
((1, 14, 5, 1, 1, 4, 9, 2), 1, 3.4161186751958144)
((3, 10, 3, -4, -1, -3, -4, -1), 1, 3.4397121954306833)
((-2, -8, 2, 11, -3, -8, 4, 2), 1, 3.4625895683102517)
((-18, -27, -7, -9, 3, -2, -4, 1), 1, 3.485143078373091)
((-1, -3, -2, -2, -4, -1, 0, 0), 1, 3.510854821080048)
((5, 22, 2, -4, -4, 0, 9, 0), 1, 3.532701306683833)
((0, -2, 1, -1, 0, -2, 5, 3), 1, 3.5532301039611047)
((1, -6, 6, -1, 6, 1, -1, 10), 1, 3.5802823422351895)
((0, 0, 2, 2, 31, 9, 2, 4), 1, 3.606860189904489)
((-1, 3, 12, 1, -3, -5, -3, 1), 1, 3.6322121483907495)
((3, -3, -7, 1, 15, 16, 23, 11), 1, 3.653940036343338)
((-6, -5, -6, -5, -13, -5, -1, -5), 1, 3.6751262523313275)
((-2, 4, 8, 0, -10, -6, -6, 0), 1, 3.703410081598605)
((2, 0, -3, 0, 1, -6, 3, 1), 1, 3.725082661992703)
((-1, 1, -3, -1, -6, -3, -6, 0), 1, 3.749780052673322)
((0, -2, -6, 0, -5, 2, 5, -2), 1, 3.776005528475125)
((1, -3, -13, -4, -6, -3, -6, -4), 1, 3.8006892348113754)
((2, -6, -11, 2, -9, 3, 1, -1), 1, 3.8284547695356843)
((-5, -23, 0, 2, 5, 2, 1, 1), 1, 3.85061371433589)
((1, -1, -7, -3, 2, 1, 0, -3), 1, 3.8732196810521438)
((-1, 0, -4, 0, 0, -4, -9, 0), 1, 3.894689847185786)
((-7, -4, 1, -86, -24, -16, -11, -6), 1, 3.9215408115614463)
((-3, -2, 7, 3, 0, 7, 3, 0), 1, 3.945259201438681)
((-3, 3, 11, -12, -3, -6, 0, -5), 1, 3.967966090194654)
((2, -1, -5, -23, -4, 5, 0, -1), 1, 3.9904226694848814)
((5, 2, 1, 26, 6, 2, -8, 0), 1, 4.019256153250972)
((-19, -5, -14, -25, 2, -11, -17, -7), 1, 4.045524962809943)
((1, 9, 2, -15, 12, 5, 7, -1), 3, 4.487739112536056)
((12, 8, 4, 83, 5, -6, -9, -14), 3, 4.514705253476821)
((23, 14, 17, 1, 16, 5, 1, 1), 3, 4.575872562262341)
((0, -12, -3, -55, -6, 2, -2, -21), 3, 4.594019713438425)
((-16, 34, 56, 26, 14, 2, 1, -43), 3, 4.621728230061198)
((1, -8, -30, -21, 6, 5, 5, 27), 3, 4.647461069465724)
((0, 5, -24, -29, 6, 5, 6, -4), 3, 4.672175565576803)
((19, -36, -6, 17, -29, -9, -2, 15), 3, 4.69531408136141)
((-9, -3, -8, 24, 5, 1, 14, 25), 3, 4.724649894602039)
((22, 19, 22, 0, 16, -1, 1, 14), 3, 4.746737566775324)
((-3, -10, -4, 10, -2, -8, -4, -14), 3, 4.769913714506944)
((2, 4, 13, 21, 8, 0, -1, 12), 3, 7.295647979364008)
((-8, -11, -14, -11, -2, -2, -4, -9), 3, 7.319335579466413)
((-33, -5, 16, 38, 6, 3, -1, -27), 3, 7.344569510482493)
((-2, -6, 12, 11, -1, -2, 2, 10), 3, 7.369797739688419)
((69, 4, -30, 32, -17, -4, 0, 19), 3, 7.397573537671004)
((2, -3, -1, 0, -18, -5, -1, 0), 1, 9.590054104476549)
((-3, -5, -7, -1, -8, -4, -2, 0), 1, 9.612561429877143)
((1, -5, -8, -3, -8, -4, -2, 1), 1, 9.634336642854008)
((-10, -30, -64, 12, 52, 7, 1, -5), 1, 9.66022970312385)
((-13, -7, -28, 12, -3, -10, -25, -39), 1, 9.685935173839638)
((123, 1, 11, 57, 5, 6, 44, 26), 1, 9.707859774242529)
((-35, -18, -8, 22, 12, -9, -63, 11), 1, 9.730181220632113)
((4, 7, 11, 16, 15, 5, 4, 1), 3, 9.835718305490444)
((-31, -22, 12, 18, 2, 2, 7, 7), 3, 9.867034357397444)
((7, 3, -12, -8, 15, 2, 0, -63), 3, 9.889425365870903)
((7, 3, -12, -8, 15, 2, 0, -63), 3, 9.909919952287252)
((-24, -1, 17, -46, -2, -6, -3, -4), 3, 9.936444773122123)
((-47, 12, 5, -14, 19, 9, -3, 0), 3, 9.963873901047366)
((-23, -2, -11, 22, 5, -9, -7, 14), 3, 9.987290665167471)
((9, 5, -3, -83, -12, -6, -1, 33), 3, 10.011095722559041)
((9, 5, -3, -83, -12, -6, -1, 33), 3, 10.030680300074865)
((-10, -8, -9, -40, -6, 1, -8, 1), 3, 10.06160292708126)
((-15, -8, 11, 24, 0, 0, -3, 21), 3, 10.087580944322394)
((0, -1, 14, -15, 3, -8, 1, -25), 3, 10.106775518023706)
((-2, 3, -5, -8, -10, -3, 1, 16), 3, 10.132961081154434)
((9, 7, -10, 10, -1, 2, 1, 3), 3, 10.162527247525272)
((-4, -22, -19, -92, -30, -4, -6, 21), 3, 10.192418417074869)
((3, 2, 10, 24, 10, 11, 8, 8), 3, 10.21482653097879)
((-21, 9, 8, 0, 9, 1, 0, 10), 3, 10.237758071054818)
((8, 3, -2, 14, 1, 1, -13, -3), 3, 10.540856605746626)
((6, -7, 3, -11, -17, -6, -8, -3), 3, 10.57127120146833)
((-3, 0, -5, -19, 2, 0, 2, -17), 3, 10.595709159786958)
((34, 7, 2, 20, -3, 3, 0, -20), 3, 10.618675480904923)
((-7, -8, 0, -18, -2, 4, 1, 13), 3, 10.641120656574843)
((2, 2, 7, -10, -1, 2, 1, -1), 3, 10.672274206892462)
((-7, -9, -12, -6, 6, 1, 3, 11), 3, 10.695196053891229)
((-29, 13, 13, -7, 6, 5, -1, 5), 3, 10.718259305781807)
((3, 14, 0, -3, 11, 12, -1, 13), 3, 10.739749428250986)
((-3, 2, 5, 30, 2, 9, 8, 15), 3, 10.775033369843925)
((38, 15, 4, -27, 6, 2, 8, 1), 3, 10.795636290653194)
((-13, 5, -12, 19, -4, -5, -5, -26), 3, 10.820800659585398)
((-2, -16, 8, -43, -16, -1, 2, -1), 3, 10.841551257277647)
((-2, -4, 2, -25, -11, 2, -2, 8), 3, 10.872735597370097)
((-33, -11, -24, -69, -12, -3, -5, -21), 3, 10.896097053931712)
((10, 4, 9, 6, -8, -3, 0, 18), 3, 10.916957696559926)
((5, 4, 13, 42, 8, 5, 12, -5), 3, 10.939831078172388)
((-1, -5, -1, -104, -15, -1, -4, -13), 3, 10.96597672863204)
((-9, 2, 4, 9, 2, 4, -13, 8), 3, 10.990632496098536)
((10, 10, -6, -27, 3, 2, -2, -3), 3, 11.015912041595845)
((-3, 4, -4, 31, 9, 0, -3, 12), 3, 11.039405780153025)
((-26, -6, -3, -39, -18, 0, -1, -21), 3, 11.05903597215008)
((-26, 7, 20, 6, 15, 2, 0, -6), 3, 11.088986440525273)
((-2, -1, 11, 47, 3, -1, -1, 4), 3, 11.111864383585857)
((-2, 7, 12, 10, 2, 2, 4, 3), 3, 11.136079971308492)
((50, 3, 4, 8, -1, -4, -3, -10), 3, 11.160909643984676)
((13, 1, 2, 5, 1, 2, 2, -5), 3, 11.182154018436233)
((10, -15, -11, -49, -4, 1, -7, 3), 3, 11.20249750688351)
((-11, 7, 1, 59, 14, 8, 4, -8), 3, 11.223586792098887)
((22, -4, 4, 5, 7, 10, 0, 12), 3, 11.245092879636498)
((15, -11, -17, -46, -18, -5, -11, -7), 3, 11.267940032922251)
((10, -3, -18, -25, -5, 1, 0, 14), 3, 11.293303965209835)
((-4, 3, 10, 23, 5, 2, -1, -4), 3, 11.318101137568144)
((5, -11, -5, -48, -12, -5, -4, 2), 3, 11.34200255555131)
((5, -2, 7, 0, -8, -6, -3, -13), 3, 11.36493523598937)
((-9, 8, 4, 56, 13, 6, 1, -29), 3, 11.39215054603385)
((1, 5, 9, -13, 2, -3, 2, 13), 3, 11.41678635716481)
((31, 10, 12, 18, 9, 5, -1, 27), 3, 11.437704588075576)
((-4, -2, 4, 14, 0, -3, -2, 5), 3, 11.460095026368021)
((-4, -6, 1, -12, -7, -4, 0, -1), 3, 11.4851322449338)
((-2, -1, -5, 11, 3, 1, -2, 9), 3, 11.516021801441303)
((-8, -4, -12, -8, -4, -3, 0, -11), 3, 11.536946304343239)
((-14, -4, 13, 12, 6, 2, 0, 0), 3, 11.55867020102872)
((1, -7, 6, 11, -7, -2, -2, -5), 3, 11.589955463160889)
((6, 3, -6, -26, 0, -10, 1, 2), 3, 11.616128482309279)
((37, 5, 9, 36, 5, 1, -3, 29), 3, 11.64242180965191)
((-4, -3, -5, 1, -11, -4, -3, 3), 3, 11.664601851149685)
((-2, 4, -5, -11, 3, 0, -1, -2), 3, 11.691679747569461)
((-12, -1, 1, 23, 6, 3, 4, 14), 3, 11.71766460698278)
((-6, -1, -7, -17, -4, 1, 1, 21), 3, 11.738995648948672)
((10, 2, -18, 3, 13, 9, 5, 7), 3, 11.761691134084337)
((5, -7, -19, -37, -4, -2, -7, -21), 3, 11.785309742283882)
((11, -2, 9, -40, 2, 4, -5, 7), 3, 11.820269250879077)
((-1, 2, 2, 10, 5, 3, 2, 14), 3, 11.847019863396032)
((3, 10, 17, 8, 7, 10, 4, -1), 3, 11.870102501441133)
((1, 0, -1, 8, -2, -1, -2, 13), 3, 11.898614973295572)
((-5, 1, 2, -20, 5, -3, -2, -43), 3, 11.921482082916864)
((4, 3, 11, 25, -6, -3, -1, 17), 3, 11.944703845129713)
((-34, -1, -4, -6, 7, 4, 0, -29), 3, 11.967281872976214)
((-4, 2, -4, 7, 6, 1, 7, -4), 3, 11.993974327029601)
((-17, -2, -5, 3, 4, 0, -4, -16), 3, 12.022029513709718)
((6, -7, -2, -73, -16, -3, 0, 0), 3, 12.042637566148125)
((-1, -2, 9, 19, 4, -2, 0, 13), 3, 12.067414211989881)
((-2, 5, 18, -3, 3, 4, -2, 15), 3, 12.092978847994873)
((-10, -3, 1, 38, -2, 7, 3, 12), 3, 12.120132578489693)
((-6, -6, -5, -58, 1, -2, -2, -41), 3, 12.140801640296745)
((1, 2, -4, 13, -3, -3, 0, 10), 3, 12.163878576531692)
((19, 4, -9, 11, 10, 4, 5, 22), 3, 12.186564938771111)
((15, -10, -15, -54, -20, -5, -1, -3), 3, 12.218318889697912)
((-7, 0, -12, 36, 11, -1, -3, -19), 3, 12.242648513623621)
((10, -2, 1, 13, 6, 0, 2, -6), 3, 12.265361674370762)
((24, 1, -7, 4, 0, -6, -2, 14), 3, 12.288355364177466)
((4, 1, -6, 2, -5, 0, -4, 1), 3, 12.310491501737056)
((3, -1, 1, -20, -7, -5, -2, 15), 3, 12.333115144064786)
((6, -2, -10, -37, -11, -6, -2, -9), 3, 12.355810629200452)
((9, -3, 1, 5, -2, -3, -6, 18), 3, 12.37976735474211)
((24, -12, -8, -12, -19, -10, -10, -24), 3, 12.409105448706802)
((-5, 0, -4, 21, 6, -2, 5, 1), 3, 12.432816426230836)
((-16, -2, -8, 9, 11, 5, -7, -2), 3, 12.45585801124283)
((8, -5, -1, 8, 0, 0, 2, -8), 3, 12.477190193570753)
((-7, -26, -24, -83, -32, -6, -2, -14), 3, 12.502597459615505)
((11, -1, -4, 19, -1, -7, 2, -10), 3, 12.530477600723902)
((3, -10, -11, 24, -8, -7, -3, -5), 3, 12.55382879402724)
((-1, 3, 23, 10, 7, 4, -1, 4), 3, 12.573864954907235)
((9, 0, 13, -21, -26, -10, -10, 48), 3, 12.601760490903047)
((9, 8, 6, -11, 4, 2, 1, 21), 3, 12.628244828885826)
((-13, 2, -11, 4, 14, 7, 2, -13), 3, 12.653031737985858)
((2, -2, -7, -37, -10, -5, -1, 9), 3, 12.672981801532533)
((-2, -1, -2, 17, 6, -2, 0, -18), 3, 12.698824115692009)
((-39, 9, 6, 70, 18, 1, 2, 5), 3, 12.727911330009938)
((12, -11, -25, -41, -19, 2, 3, -9), 3, 12.747411520735488)
((-2, 10, 7, -12, 4, 5, -2, 12), 3, 12.773481337120096)
((-6, -7, 0, 34, 3, 7, -4, -36), 3, 12.798541933107504)
((-12, -5, -6, 31, -8, -4, -5, -8), 3, 12.82992355583127)
((0, -6, -9, -63, -3, -1, 0, 13), 3, 12.85136464273313)
((7, -7, -25, -35, -15, -2, 2, -24), 3, 12.872658622933022)
((-22, -6, -5, -26, -5, -2, -2, 5), 3, 12.897652507741633)
((14, -2, -2, 17, 15, 5, 2, 6), 3, 12.92459242035569)
((11, -3, 11, 15, -2, -1, 2, 10), 3, 12.94730729164588)
((7, 3, 0, 12, 12, 13, -2, -2), 3, 12.968783159589675)
((2, -2, -1, -1, -11, -21, -6, -3), 3, 12.989094717900091)
((-2, 5, 17, 12, -19, -3, 17, -1), 3, 13.017468635767797)
((-1, -3, -8, 6, -26, -5, -1, -4), 3, 13.043052087746297)
((2, 0, -7, -16, -2, 3, -4, -1), 3, 13.068703391265625)
((4, -11, -14, -18, -8, -20, 4, 1), 3, 13.0963303720032)
((-1, -6, -2, -57, -17, -15, -1, -1), 3, 13.121727374789675)
((1, -1, 1, -8, -2, -2, -4, 0), 3, 13.149835588304219)
((-1, -2, -13, 21, 7, 9, 0, 1), 3, 13.172162166322943)
((-1, 2, 0, 6, 9, 1, 0, -1), 3, 13.195056644632972)
((-4, -2, 4, 12, -1, -3, -3, -3), 3, 13.219435304126002)
((0, -4, -4, -22, -4, -5, -4, 0), 3, 13.246467015883532)
((-5, 7, -3, -15, 18, 3, -2, -6), 3, 13.436311065674019)
((-30, 12, 29, 39, 24, 10, 5, 3), 2, 13.459931384416612)
((5, 6, -3, -40, 9, -1, -2, 0), 2, 13.483569948951693)
((-4, 19, 42, -1, 8, 12, 4, 2), 2, 13.50503213255112)
((-8, -5, -6, -2, 3, -1, 1, 0), 2, 13.530712515302232)
((8, -11, -25, -49, -21, -5, -5, 1), 2, 13.562031418114309)
((-8, -10, -22, -16, -6, 0, -4, -2), 2, 13.585775466137235)
((-9, -5, -11, 9, -3, -5, -4, -4), 2, 13.60730436091546)
((-2, -13, -20, -79, -12, -3, -2, -3), 2, 13.635495820858248)
((-13, 0, -3, 12, -13, -6, -1, -4), 2, 13.665019793833949)
((-29, -4, 8, 102, -2, -3, 1, 0), 2, 13.68908542394954)
((6, -5, -9, 14, 13, 0, -2, 0), 2, 13.710494010533525)
((33, -4, -16, -53, -6, -5, -4, 2), 2, 13.73743791441469)
((-15, -4, 2, -20, -13, -3, -3, -1), 2, 13.766042185412603)
((7, 2, -5, 4, 0, -4, 3, -1), 2, 13.79044707323234)
((0, 1, 5, 51, 11, 5, 8, 1), 2, 13.818322652892613)
((-5, 4, 0, 15, 1, -2, -3, -1), 2, 13.849112997903445)
((-49, -2, -14, 17, 16, 2, -2, -2), 2, 13.872464191206783)
((-9, 2, 4, 13, 7, 0, 0, 0), 2, 13.896985395953653)
((-6, -6, -17, 5, 3, -1, 2, -1), 2, 13.918019943791556)
((-4, -1, -8, 5, 1, -2, 0, 1), 2, 13.94180846593368)
((23, 6, 12, 27, 4, -6, -1, 0), 2, 13.971050769487789)
((22, -5, -3, -2, 0, 0, -2, 3), 2, 13.994202399435748)
((8, -2, -8, 29, 11, 0, 2, 1), 2, 14.019884492729908)
((-1, -3, -4, -24, 9, -2, 0, 1), 2, 14.041761768108522)
((-8, -8, -7, 5, -3, 0, -3, -4), 2, 14.071223591353547)
((0, 2, 0, 10, -2, -2, 1, 1), 2, 14.09370525860845)
((-10, 2, -6, -31, 4, 2, 0, -2), 2, 14.117432201200915)
((-11, 0, -1, 14, -4, -1, 0, 0), 2, 14.148374784542849)
((-1, -4, -18, 2, 1, 0, 3, 1), 2, 14.169998329369625)
((3, 5, 6, 6, 14, -2, -3, 2), 2, 14.191041429922757)
((-2, 1, 4, -2, -8, 1, 1, 1), 2, 14.215561494307599)
((-21, -1, 3, -17, 2, 2, 0, -5), 2, 14.239937873076565)
((-28, 3, 17, 40, 20, 4, 0, -9), 2, 14.272206697460243)
((13, -2, -2, -61, -6, -4, -3, -1), 2, 14.29544841600863)
((-12, 10, 8, 45, 30, 11, 6, 1), 2, 14.32106265776196)
((-2, -8, -12, -14, -8, 1, 0, -4), 2, 14.347076026226047)
((16, -1, -8, 11, -8, 1, 0, 2), 2, 14.373513609365565)
((-21, 3, 17, 3, -4, -3, -4, 0), 2, 14.397264499560675)
((2, 8, 4, 11, 11, 6, 3, 0), 2, 14.418381153464791)
((-4, -8, -13, -77, -9, -1, -1, -2), 2, 14.446825203597387)
((0, 4, 6, -17, 15, 3, 0, 0), 2, 14.472124705430232)
((19, 6, 1, 25, 3, -1, -1, 1), 2, 14.497245170424254)
((-3, -13, -18, -41, -12, -2, -2, -3), 2, 14.514165862236284)
((-13, 1, 3, 28, 5, 4, 1, -2), 2, 14.536885865155611)
((5, 14, -7, -4, -1, -2, -2, -1), 2, 14.56846648105374)
((20, 0, -4, 7, -6, -5, -3, 1), 2, 14.589166332635623)
((-6, -4, 2, 23, 5, -1, 1, 0), 2, 14.611865809038395)
((-5, 1, -9, -4, 7, 0, 1, -3), 2, 14.633895892929129)
((-11, -5, -4, 5, 1, 1, -1, -2), 2, 14.661948798885183)
((21, 0, 5, 18, -18, -7, -5, -2), 2, 14.687238037459752)
((-15, -7, -3, 13, 4, -1, 1, 0), 2, 14.709442026560172)
((10, -7, 1, -24, -20, -2, -1, -2), 2, 14.732950019642736)
((-17, -8, 2, -5, -15, -2, -2, -3), 2, 14.761065075329466)
((5, 1, -3, -16, -7, -1, -3, 1), 2, 14.78665023785101)
((-8, -3, 6, 3, 1, -1, 1, 1), 2, 14.810293363834216)
((-15, -4, -1, 80, 18, -2, 2, 2), 2, 14.833051568881572)
((-13, 1, -1, -24, -5, -6, -2, 2), 2, 14.853670454759273)
((-1, -2, -10, -8, -1, 0, 1, -2), 2, 14.88591704208335)
((1, 2, 8, 20, 0, 0, 1, -3), 2, 14.9086193693912)
((10, 7, 7, 2, -5, -1, 2, -1), 2, 14.932715219100608)
((2, -2, -4, 13, 7, 11, 2, 3), 2, 14.960170575352556)
((11, 0, -1, -23, 0, 1, 3, -1), 2, 14.985513410942572)
((-10, -4, -3, 5, 11, -3, 0, -1), 2, 15.008659909261393)
((4, 0, 4, -9, 3, 4, 0, -2), 2, 15.031491667659733)
((0, -13, -22, 34, 3, -6, -6, -2), 2, 15.05206893032331)
((2, 4, -6, -30, -8, 1, 1, 2), 2, 15.086133254724377)
((0, 3, 3, 21, 12, -1, -1, 2), 2, 15.109924057590563)
((3, 2, 19, -5, -5, -5, -3, -5), 2, 15.13377016801524)
((-63, -9, -13, 9, 3, -3, -1, -9), 2, 15.15472260978693)
((-3, -6, -8, -42, -8, -6, -4, 0), 2, 15.186036951150882)
((15, 3, 2, -59, 11, 2, 0, 1), 2, 15.211693386299348)
((5, 7, 22, -8, 10, 8, 4, 1), 2, 15.235820025783585)
((7, 2, -11, -36, 3, 3, -5, -3), 2, 15.260185571113261)
((7, -6, -15, -34, -5, -2, -1, -3), 2, 15.285283228866668)
((-7, -20, -8, -79, -37, -14, -3, 2), 2, 15.311126683388176)
((13, 9, 7, -5, 16, 2, 3, 4), 2, 15.33405993400725)
((-3, 6, 14, 34, 7, 8, 2, -1), 2, 15.35744647853354)
((27, -2, -6, -11, -1, -3, -1, 2), 2, 15.38713922508979)
((2, -5, -11, -20, -10, 0, -2, -1), 2, 15.408974877254282)
((-64, -21, -18, 35, -4, -2, 1, -4), 2, 15.43146224631934)
((-59, -8, -9, 1, 5, 2, -1, -20), 2, 15.452820086792954)
((11, 4, 11, 46, -2, -2, -1, -1), 2, 15.480725886047043)
((-5, -1, -8, -20, 5, 2, 0, -4), 2, 15.505387355323695)
((15, 9, 0, -52, 10, 0, -2, 0), 2, 15.530843656935767)
((18, 7, 4, -8, 4, 5, 1, 7), 2, 15.552997470106835)
((25, 4, 7, 26, 4, -3, -5, 5), 2, 15.576044756928983)
((-7, -5, -6, -26, 0, 0, -3, -1), 2, 15.600162843697989)
((-8, -3, -4, 32, 1, -2, 2, -1), 2, 15.621026337231282)
((8, 2, -10, 3, -4, 3, 2, -1), 2, 15.644932886843586)
((-3, 8, -17, 16, 4, 7, -1, 0), 2, 15.671087090018467)
((5, 8, 15, 26, 2, 3, 2, 0), 2, 15.70762200875912)
((-8, -2, 0, 5, -8, -3, -2, -4), 2, 15.731140835280977)
((-4, -1, -4, -11, -11, 1, -3, 0), 2, 15.754760013661537)
((36, 6, 0, -13, -1, 6, 1, 4), 2, 15.78024710504844)
((5, -4, -1, 7, -6, -3, 1, 2), 2, 15.804717563684942)
((-11, -2, 0, 11, 2, -7, -2, -1), 2, 15.834606452510478)
((8, -5, -12, -52, -20, -1, -1, -1), 2, 15.858113305231011)
((1, -2, -3, -10, -6, 0, -3, -1), 2, 15.885213438710387)
((-10, -7, -5, -16, -12, -1, -3, -3), 2, 15.911040357982449)
((-11, 3, 4, 12, 6, 0, -1, -2), 2, 15.933762641625837)
((1, -10, -11, 3, -12, -2, -5, -1), 2, 15.956793963379553)
((13, 6, 0, -11, 2, 1, 0, 1), 2, 15.98179583072238)
((4, 8, 0, 20, 3, 1, 2, 1), 2, 16.008566399574875)
((-8, 8, 9, 15, 7, 4, 4, -1), 2, 16.030721923288986)
((7, -3, -5, -7, 5, -2, -3, 0), 2, 16.05334271471164)
((-8, -4, -9, -8, 5, -6, -2, -1), 2, 16.078540154142736)
((-4, -1, 2, 12, -1, 6, 3, -1), 2, 16.103920621679766)
((5, 14, 30, 3, 8, 2, 5, 2), 2, 16.126885802435698)
((-4, 2, 4, -2, 3, -2, 1, 2), 2, 16.149262556383775)
((-2, -2, 0, 7, 5, 6, 0, 1), 2, 16.174008982631715)
((3, -2, -9, -7, -11, -1, -3, 0), 2, 16.203772431633872)
((3, 2, 5, -22, 15, 1, 0, 0), 2, 16.228021089855396)
((4, 1, -2, -9, -1, -4, 0, -1), 2, 16.251041007988807)
((1, -7, -8, 3, -5, -5, -2, -2), 2, 16.275051900726925)
((-9, -4, -8, -24, -4, -2, 1, -1), 2, 16.307696474399727)
((1, 4, 10, -16, -3, 2, 1, 1), 2, 16.331116659605925)
((0, -2, -1, 0, -2, -2, -2, -2), 2, 16.35423065760687)
((2, -1, -1, 8, 0, -4, -4, 0), 2, 16.376839475228202)
((-1, -3, -9, -5, -7, -5, -3, -3), 2, 16.399737944805338)
((5, -3, -1, -1, 8, 0, 2, -2), 2, 16.425685742452657)
((13, -6, -14, -46, -9, -3, -4, -2), 2, 16.448628686148993)
((1, 0, 0, -6, 1, 0, 0, -1), 2, 16.469971701916208)
((-2, -9, -15, 9, -11, -1, -3, -3), 2, 16.496233669302995)
((-1, -6, -5, 2, -11, -6, -3, 0), 2, 16.525692071461926)
((-2, 0, 3, 8, 6, 1, -1, 0), 2, 16.549386513736515)
((10, -3, 1, 40, -2, 4, 0, -2), 2, 16.57237165082799)
((-4, -1, 0, 26, 3, 1, 0, -1), 2, 16.597759530718218)
((-5, 0, -3, -15, 2, 0, 0, -1), 2, 16.625410459058436)
((1, -3, -5, 15, -9, 1, 1, 2), 2, 16.64887340784079)
((-2, -4, -7, -3, -4, 0, 3, -3), 2, 16.67079002570946)
((-2, -3, -9, -13, 8, 1, -2, -3), 2, 16.69424328141455)
((-2, -3, -9, -8, 2, 2, -1, 0), 2, 16.71854952791863)
((-4, -3, 0, 8, 0, -4, 0, -2), 2, 16.744254428453402)
((-2, -1, -5, 3, -6, -2, 3, 1), 2, 16.767770974251196)
((0, -3, 1, -17, -3, -4, 1, 1), 2, 16.792702139148115)
((2, -1, -5, 1, -23, 0, 0, -1), 2, 16.823627046878574)
((-1, -2, -1, 7, -9, -3, -1, -4), 2, 16.8458646766589)
((-3, 2, 1, 20, 1, -1, 1, 3), 2, 16.868743760081514)
((4, 1, 1, -10, 8, 0, -3, 1), 2, 16.89512033385239)
((-2, 0, -2, -7, -8, -4, -3, -2), 2, 16.925212207119394)
((0, 0, 0, 19, 3, 3, 1, 2), 2, 16.949620516025224)
((0, -1, 5, 5, 1, 0, -1, 1), 2, 16.97215920138166)
((-3, 1, 2, 19, 13, 2, 3, 1), 2, 16.994985828150863)
((0, -2, 0, 0, 4, 8, 2, 0), 2, 17.028360233523337)
((1, -1, -4, -4, 15, 3, -1, -2), 2, 17.047308489026012)
((-1, 7, 7, -1, 27, 3, 2, 1), 2, 17.07215982858078)
((-7, -18, -10, -71, -11, -6, -3, 0), 2, 17.097190204974375)
((1, 38, 14, -12, 21, 8, 4, 5), 2, 17.123256030091873)
((-47, -45, -38, -8, -8, 9, 2, 5), 3, 17.171735670923447)
((-27, -4, 33, 23, -6, -3, 1, 5), 3, 17.194097600165126)
((17, 6, 4, -12, -37, -10, -3, 2), 3, 17.226079053317058)
((-2, -3, -22, 9, -3, 3, -1, -1), 3, 17.247414656731074)
((1, 3, 32, -2, -19, -4, -2, -2), 1, 17.483068759839185)
((-6, 0, 13, -4, -3, -5, -3, 0), 1, 17.50796115242706)
((-2, -56, -6, -2, -19, -5, -3, 4), 1, 17.534001319398868)
((-1, 2, -23, 0, -2, -1, 3, -3), 1, 17.5585470419294)
((1, 13, -13, -1, 13, -1, -1, 2), 1, 17.580340500698757)
((-10, -26, -13, -2, -5, 0, 1, 1), 1, 17.602213784810264)
((0, 24, 7, 5, 0, -1, 2, 2), 1, 17.630458271587482)
((7, 8, -20, 2, -6, 3, -2, -3), 1, 17.657950119424413)
((0, 16, 1, -3, -2, 0, 0, -3), 1, 17.679424276825163)
((2, 3, -1, -1, 7, 1, 11, -3), 1, 17.701437255285434)
((1, -8, -30, -12, -7, -3, 1, 10), 1, 17.728324711246078)
((1, -10, 9, -3, -1, 2, 9, -2), 1, 17.758856764256947)
((4, 1, -4, -1, -3, -2, -3, 0), 1, 17.78010798088069)
((1, 6, -25, -7, -8, -5, -7, -5), 1, 17.80142191741612)
((-2, 2, -4, 1, -9, -6, -4, 0), 1, 17.82017060956342)
((-7, -3, 10, -2, 0, -2, -4, -1), 1, 17.849894145894496)
((-6, 0, 11, 0, -2, -1, 0, -4), 1, 17.872865028460584)
((1, 2, -2, -1, 0, 2, 7, 4), 1, 17.897827553313352)
((-6, 0, -6, 3, 27, -2, -5, -3), 1, 17.92116620263435)
((1, 9, -3, 2, 4, 1, 1, -4), 1, 17.949254459813357)
((1, -2, 9, -4, -10, 0, -2, 2), 1, 17.977280567261687)
((-1, -32, -13, -6, -9, -1, 5, 1), 1, 17.999707497139116)
((2, -11, -6, -2, -5, 0, -5, 6), 1, 18.023217200764726)
((7, 27, 1, 2, -7, 2, 2, -1), 1, 18.05118743047355)
((0, -16, -4, -5, -6, -6, -3, -2), 1, 18.074059671723983)
((4, -6, -10, -6, -11, -3, -1, -1), 1, 18.097205599861788)
((-6, -64, -10, -3, -3, -3, -4, -6), 1, 18.121591671708018)
((-6, -19, -2, -1, 3, -2, -7, -3), 1, 18.15272127442299)
((0, 11, -11, 1, 3, 0, 2, -4), 1, 18.175302153174567)
((-4, 14, 8, 2, 1, -1, 0, 1), 1, 18.19949208275151)
((2, -9, 2, -2, 7, -2, -2, -4), 1, 18.222698450076948)
((3, 6, 6, -2, 0, 1, 0, 0), 1, 18.247268120210123)
((-2, -5, 2, 0, -3, -3, -4, -2), 1, 18.280337478739376)
((-1, -2, -26, -3, 1, -7, -1, -1), 1, 18.303255334471036)
((0, 0, -5, 0, -8, 1, -1, -1), 1, 18.32432409316986)
((-5, -3, 3, -2, 1, -3, 5, -3), 1, 18.351492648371078)
((0, 7, -6, 0, 1, 6, 1, 2), 1, 18.377930801691612)
((5, 2, 0, 1, -4, 1, 4, 0), 1, 18.399102192973203)
((-2, -21, -10, 0, 14, 4, 1, -3), 1, 18.42271680990564)
((-3, 4, -2, 0, -5, -3, -4, 0), 1, 18.454028300364516)
((-1, 2, -24, 1, 10, -1, -2, 1), 1, 18.476743171654704)
((3, -2, -3, -1, -5, 2, 3, 1), 1, 18.499407296834526)
((3, 19, -19, -6, -6, -6, 0, 1), 1, 18.523207792777974)
((-4, -26, 0, 2, 2, 1, -1, -3), 1, 18.54978450008524)
((0, 3, 8, -1, 3, 0, 1, 1), 1, 18.5769433622092)
((2, 11, 0, 0, -5, -2, 1, 1), 1, 18.597792031036093)
((1, 25, 5, 3, 4, 4, 1, 1), 1, 18.622386789133948)
((1, -12, -3, -1, 6, -3, -3, -3), 1, 18.645456883196708)
((0, -10, 1, 4, 17, -1, -2, -1), 1, 18.675069804410807)
((-5, -13, 1, -1, 0, -2, -1, -1), 1, 18.69600685129508)
((1, 5, 25, -1, 2, -6, -4, -2), 1, 18.716565297985152)
((-2, 11, 3, 2, -7, -9, -2, -6), 1, 18.742625991473513)
((-6, 13, -2, 2, 5, 3, 3, 4), 1, 18.77496836920817)
((4, 21, 1, 0, 5, 1, 0, 0), 1, 18.798129692233392)
((0, -12, -5, -1, -4, -1, -2, -2), 1, 18.822927434772716)
((0, -5, -5, -9, 13, -3, -4, -2), 1, 18.848157944702706)
((-1, 0, -8, 1, -5, 3, 4, 3), 1, 18.880438742887705)
((-1, -5, -12, 2, 10, -1, -3, -2), 1, 18.903701558133662)
((3, 13, -1, 2, 8, 3, 4, 0), 1, 18.92139028377339)
((3, -16, -6, 3, -2, 2, 1, 3), 1, 18.944296165703726)
((-1, 1, 7, 1, 9, 3, -1, 0), 1, 18.971758934308873)
((-1, -28, -1, -5, -1, -7, -4, -3), 1, 18.995382103956544)
((1, -1, -1, 1, -4, -2, 1, 0), 1, 19.01941751447832)
((-4, 3, 1, -2, -11, 0, 0, 2), 1, 19.04242431844838)
((-9, -27, -7, 3, -3, -4, -5, 1), 1, 19.075537580915814)
((-8, 6, -8, 2, 12, -6, -4, -3), 1, 19.108544219533375)
((-2, -14, -2, -3, -12, -1, -1, -3), 1, 19.13017175562726)
((0, -18, -6, -1, -1, 0, 2, 0), 1, 19.156965131720366)
((4, 10, 3, 1, -3, -1, 0, 0), 1, 19.184793956537384)
((1, 5, 4, -3, -4, -8, -3, 2), 1, 19.207999183500785)
((-1, 5, 3, 1, 3, -5, -4, 1), 1, 19.231313315038125)
((-1, 12, -2, -3, 6, -4, -1, -2), 1, 19.257561598080542)
((1, -4, -18, 0, -9, -3, -8, 1), 1, 19.28662543497684)
((4, 0, -2, -1, 0, -1, 1, 1), 1, 19.306838922152615)
((-1, 8, -4, 2, -1, 1, 5, -2), 1, 19.329737391729754)
((2, 12, -2, -2, 5, 7, 1, 1), 1, 19.35419644674595)
((6, 11, 6, 1, 3, 4, 3, 2), 1, 19.382573215518732)
((0, -8, -5, 4, -2, 5, -3, -2), 1, 19.407057358499603)
((-4, -13, 2, -1, -1, -4, -2, -2), 1, 19.432919058813603)
((-5, -13, -3, -1, -4, -2, -3, -3), 1, 19.45575195757397)
((-4, 3, -3, -1, -3, -2, 0, 0), 1, 19.488056703361615)
((-1, -2, -2, 0, -7, -5, -5, -1), 1, 19.509600993027256)
((3, 10, 8, -1, 4, 0, 4, 1), 1, 19.53063440050313)
((-2, 4, 3, 2, -3, 0, 1, 0), 1, 19.55461621400946)
((0, -3, -4, -3, -1, -3, -7, 0), 1, 19.588219832150113)
((4, -42, -8, -1, 2, 2, 4, -2), 1, 19.61087939588181)
((2, 5, -1, 3, 3, -4, 0, -1), 1, 19.633336545353053)
((-1, -1, -3, -2, 3, 0, -5, -1), 1, 19.657205463018343)
((-8, -37, -8, -2, -3, -2, -8, -3), 1, 19.686448336753468)
((1, 14, 10, 0, 4, 0, 1, -5), 1, 19.71072835493084)
((1, 19, 11, -2, 7, 3, -1, -2), 1, 19.733655333558744)
((1, 0, 2, 0, -2, 1, -2, 0), 1, 19.7586138671444)
((4, -5, -9, 1, -3, 2, 4, 0), 1, 19.789310132287696)
((-2, -4, -4, 2, -3, -1, -3, 0), 1, 19.811536358447718)
((-3, -1, -9, -1, 0, -7, -2, -1), 1, 19.835189177508184)
((2, 12, -6, 4, -2, 2, 2, 1), 1, 19.860606136630196)
((-2, -10, -1, 4, -1, 0, -2, -2), 1, 19.89128814724811)
((3, 12, 6, 0, 5, 0, 4, 2), 1, 19.912648268445782)
((-1, -7, 0, -4, -1, -2, 1, -4), 1, 19.93592704876017)
((-12, -17, -4, -1, 2, 4, 0, -4), 1, 19.958119634240283)
((4, 9, -2, -3, -6, -2, 1, -1), 1, 19.98446370769328)
((-10, -25, -15, 3, 17, 2, 1, -4), 1, 20.00817924666544)
((2, 9, 2, 1, -9, -5, -2, 2), 1, 20.026303020419892)
((4, 9, -3, -2, -4, -2, -1, 0), 1, 20.05102378852214)
((-5, -8, -3, -2, -5, -4, -5, -1), 1, 20.07607469143229)
((-3, -38, -1, -5, -11, -4, -2, -4), 1, 20.106546875436546)
((5, 17, 9, -1, 0, 0, -4, 2), 1, 20.127834013464255)
((-1, 2, 1, 2, 2, -2, -8, -1), 1, 20.151976047835905)
((2, 7, -3, -2, -5, -2, -2, 1), 1, 20.17457688292302)
((-4, -20, -5, 1, 1, -3, -3, -1), 1, 20.20630061425601)
((-1, 10, -1, 1, 1, -1, -3, 1), 1, 20.228424778014276)
((-3, 3, 3, -2, 2, -1, 3, -1), 1, 20.25180334000635)
((1, -2, -5, 2, 15, 2, 1, -2), 1, 20.275978444876895)
((-3, -11, -12, 0, 3, 1, -2, -2), 1, 20.304449293517212)
((-7, -10, -7, 0, 2, -3, -6, -1), 1, 20.33056472438305)
((5, 10, 2, 1, 12, -2, 2, 0), 1, 20.353264770966838)
((2, 12, 5, 3, 8, 3, -2, -1), 1, 20.376302934892742)
((1, 14, 2, -2, -10, 0, 1, 3), 1, 20.40789324386813)
((-2, -8, -2, -4, -14, -3, -2, -1), 1, 20.436572208579058)
((-1, -2, 4, 0, -2, 1, -4, 0), 1, 20.459139973167282)
((-1, 7, 8, -1, 3, -8, -2, -1), 1, 20.480095265844046)
((-2, -5, 4, -1, -2, -1, -3, -2), 1, 20.51067464387919)
((-4, -3, 4, 2, 3, 1, 1, 0), 1, 20.534735142365648)
((3, 8, 3, 1, -3, 4, 4, 1), 1, 20.55714211590754)
((-1, 0, -4, 2, 1, -5, -5, -1), 1, 20.579137988937347)
((3, 9, -5, -2, 0, -2, 2, -2), 1, 20.61100255498113)
((-1, -11, -8, -1, -3, -3, 1, -2), 1, 20.63572332308338)
((2, 3, 5, -1, -2, -2, 1, 0), 1, 20.658625783927622)
((-2, 4, -1, 1, 0, 5, -8, -2), 1, 20.678700146935647)
((1, 1, 2, -1, -2, -13, -1, -1), 1, 20.710852084211176)
((-3, -3, 3, -3, -1, -1, -1, -3), 1, 20.734742098574035)
((4, 6, -12, 1, 1, 7, -3, -1), 1, 20.757445566243916)
((-1, 2, -1, 2, -3, 0, -6, -1), 1, 20.78176435673033)
((-1, -4, -2, 0, 0, 0, -2, -1), 1, 20.81137214631529)
((1, -4, -7, 3, 23, 15, 11, 1), 1, 20.838026968421666)
((-2, -2, 9, -6, -12, -7, -5, -2), 1, 20.859615162025488)
((0, 0, 14, -10, -7, -5, -4, -1), 1, 20.882742274189788)
((-4, -1, -4, 40, 7, -4, 2, 2), 1, 20.912973271624544)
((0, -1, 0, -11, 0, -1, -1, 1), 1, 20.934203961731733)
((1, -1, -5, -10, 5, -8, 1, -1), 1, 20.958546129639778)
((1, -4, -2, -32, -11, -2, -3, 0), 1, 20.979043566961202)
((-3, -1, -24, 13, -4, -2, 1, 0), 1, 21.007173447354333)
((13, 0, 4, -21, -8, 0, 6, -2), 1, 21.03416866752688)
((-4, -6, -4, -5, -11, -2, -1, -5), 1, 21.05705801420777)
((6, -19, -19, -29, -35, -15, -7, -9), 1, 21.08158435058378)
((1, 2, 9, 5, 0, -1, 10, 0), 1, 21.106106125511666)
((-15, -12, -9, 17, 5, -4, -13, -1), 1, 21.128262219406796)
((1, 0, 3, -2, -1, -4, -2, -2), 1, 22.53759973178685)
((42, -3, -16, 14, -9, 1, -3, 12), 1, 22.567620902607953)
((-53, -2, 0, 29, 11, 10, 14, 20), 1, 22.59095613084286)
((-81, -8, 2, -37, 3, -3, -23, -31), 1, 22.614043900517096)
((19, -22, -22, 62, -28, -11, -18, -5), 1, 22.640907408875094)
((3, 3, 0, 5, 3, 1, -1, 2), 1, 23.822299095293783)
((2, -3, 9, -16, -10, -2, -4, -3), 1, 23.854980730732585)
((-2, 1, 0, 6, 8, 8, 10, -1), 1, 23.887459951910934)
((2, 0, 2, -2, -5, -9, -1, 3), 1, 23.913450513134404)
((2, 0, 2, 4, 6, 3, -14, 1), 1, 23.935834109254664)
((0, 4, 15, 6, 0, 4, 0, -1), 1, 24.23288302337343)
((-3, -1, 1, -6, 6, 0, 0, -3), 1, 24.255143460394372)
((-1, -8, -6, -9, -25, -7, -5, -1), 1, 24.280940730253633)
((-2, 5, 6, 0, 0, -3, -1, -2), 1, 24.30550184767158)
((2, -5, -8, 14, -16, -9, -4, 1), 1, 24.33071012054197)
((-1, -4, -2, -2, -15, -5, -1, 1), 1, 24.496370512746683)
((0, -2, 12, 12, 15, 5, -5, 1), 1, 24.51785949485383)
((0, -10, -11, -6, -18, -14, 5, 1), 1, 24.53824460651523)
((-1, -4, -7, -2, -7, -3, 4, 0), 1, 24.56187119724899)
((-4, -3, 0, -1, -7, -1, -3, -1), 1, 24.591425959999523)
((-3, 3, 5, -4, -5, -12, -15, -6), 1, 24.715493927857278)
((-1, -2, -1, -1, -5, -1, 2, 2), 1, 24.736589485063824)
((0, 2, -3, 1, -2, 1, -1, -1), 1, 24.763318430702196)
((-2, -5, -7, 4, 4, 3, 4, 0), 1, 24.793518068181104)
((1, -1, 68, -1, -3, -5, 4, 2), 1, 24.819244065413447)
((-1, 0, -69, -1, -6, -3, -1, -1), 1, 24.840470194072513)
((3, 1, 23, -5, -3, -6, 4, 1), 1, 24.863184495181684)
((11, -8, -3, 4, -10, -6, -23, 16), 3, 26.66434298896871)
((3, 28, 37, 45, 29, 22, 35, 2), 3, 26.68644548584839)
((-4, -8, 1, -2, -9, -9, -12, -11), 3, 26.709803521323916)
((-2, 9, -6, -14, 18, 10, 17, -3), 3, 26.73704791060018)
((0, 1, 11, -23, 8, 0, -13, -6), 3, 26.766516005836372)
((-7, -9, 4, 10, -7, -6, -9, 7), 3, 26.79044479250828)
((-1, -1, 22, 11, -3, -1, -1, 0), 3, 26.813473833537934)
((4, 6, 41, -95, -23, -11, -11, 15), 3, 26.839266541949073)
((-1, 5, 11, 3, -8, -4, -6, -11), 3, 26.86492639818363)
((0, -5, 5, -9, -9, -3, 2, -11), 3, 26.886938806462886)
((3, 3, 11, 29, 2, 1, -4, -6), 3, 26.90942674570896)
((5, 1, 8, 20, 11, 12, 9, -4), 3, 26.940733674719713)
((-4, 1, -17, 1, -5, -6, -8, 3), 3, 26.969164610688956)
((0, -21, -8, -27, -17, -9, -20, 3), 3, 26.99239549579805)
((19, 1, 12, 30, 11, 1, 5, 7), 3, 27.013664958214285)
((2, -5, -9, -8, -8, -4, -5, -7), 3, 27.0399947771419)
((-18, -9, -17, -33, -21, -7, 1, 4), 3, 27.0728024225851)
((0, -9, 2, -2, 5, 1, 4, 5), 3, 27.09783051825463)
((1, -2, 9, 20, 1, 2, -3, -19), 3, 27.119662179152016)
((4, 0, 7, -5, -4, -7, 1, 5), 3, 27.14924202986722)
((-2, 9, 35, -25, 10, 4, 2, -1), 3, 27.177761343893845)
((1, -5, -6, -4, -1, 0, -12, -1), 3, 27.200030903811033)
((2, -4, 2, 42, 3, -3, 0, -6), 3, 27.224727724310636)
((-5, 5, -5, -10, 0, 2, 5, -14), 3, 27.254853808438565)
((1, -7, -10, -8, -15, 2, -10, -6), 3, 27.27932654779913)
((1, -7, -24, 5, -19, -3, 11, 8), 3, 27.30146268535872)
((1, 9, -10, 6, -2, -3, 8, -10), 3, 27.56828402312882)
((-15, -1, -26, -15, 1, 1, 5, -8), 3, 27.59419760991522)
((7, 1, -17, -11, -28, -7, -4, 0), 3, 27.616431248428437)
((2, -8, -8, -37, 0, 3, -4, -2), 3, 27.640808197378423)
((2, 3, 7, -18, -1, 0, 7, 13), 3, 27.67129121482197)
((-5, -7, 3, -34, 4, 0, 0, -26), 3, 27.69325002608578)
((11, -3, -23, 1, -10, -8, -10, 13), 3, 27.71568550867844)
((1, -3, -8, -5, 2, 1, 4, 3), 3, 27.73199952789012)
((-4, 0, -6, 8, -4, -4, -4, -23), 3, 27.760860380344948)
((-2, -2, -2, 68, 7, 4, -1, 12), 3, 27.789860356967527)
((-1, 7, -4, 24, 7, 2, 0, -14), 3, 27.81288711727312)
((-2, 2, -19, -77, -7, -1, -2, -3), 3, 27.83629589885901)
((-3, -1, 3, -15, -2, 0, 4, -12), 3, 27.862325232391527)
((-16, -12, -26, -75, -25, -5, -3, 0), 3, 27.890849107866273)
((3, 6, -8, 13, 3, 2, 0, 3), 3, 27.915014519659557)
((3, -2, 4, 11, 7, 1, -11, -33), 3, 27.938617732971686)
((-4, -30, -18, -16, -33, -10, 0, -2), 3, 27.96367262714894)
((5, -3, 4, 1, 4, 4, 1, 6), 3, 27.99710918225209)
((5, 1, 30, 0, 18, 0, -11, -5), 3, 28.034208580197955)
((-4, 4, 4, -30, 18, -1, 5, 24), 3, 29.365227168669236)
((14, -3, -4, -14, -10, -3, 0, 13), 3, 29.393765868850384)
((-9, 3, 16, 13, 9, 3, 0, 13), 3, 29.427235494452425)
((-6, 2, 10, 74, 22, 0, 11, -3), 3, 30.646595534684398)
((7, 0, -17, -32, 7, 2, -1, 15), 3, 30.67132086423477)
((7, -4, -6, 25, -4, -11, -3, -4), 3, 30.693047611825325)
((6, 9, 1, -3, 12, 8, 4, -8), 3, 30.71610003027661)
((21, -8, -14, -43, -7, -8, -5, -5), 3, 30.74570325841345)
((-1, -4, -8, -13, 0, -7, -4, -2), 3, 32.379396737082125)
((-1, -2, -5, -3, -6, -1, -3, -1), 3, 32.40228323285793)
((-3, 1, -1, 4, -4, -3, 1, 0), 3, 32.42709694046569)
((1, 9, 1, 16, 17, 6, 5, -2), 3, 32.45055874888601)
((-42, 17, 29, 56, 35, 10, -1, -14), 3, 32.473709808652956)
((17, -6, -14, -34, -10, -2, -8, 7), 3, 32.5032354921717)
((-3, -11, -9, -22, -29, -9, -2, -5), 3, 32.57943448306534)
((-19, 15, 12, 58, 29, 9, 3, -43), 3, 32.60357708761801)
((29, 1, -12, -10, 13, 0, 1, -3), 3, 32.625614013680924)
((43, -16, -87, -21, -3, -13, -12, -32), 3, 32.65104351678527)
((-53, 5, 4, -8, 14, 6, 4, 0), 3, 32.67628314961151)
((-3, 14, 6, 10, 7, 4, 3, 0), 1, 32.82009249476431)
((40, 11, -2, -15, 2, 4, 2, 11), 1, 32.84879141581078)
((3, -5, 1, -39, -14, -1, -1, 9), 1, 32.876504493881676)
((-4, -2, 0, 15, 7, 5, 3, -9), 1, 32.907814273797506)
((3, -12, -8, -23, -11, -10, -9, -13), 1, 32.93564937060569)
((-10, -5, 6, 13, 4, -2, 2, -14), 1, 33.76817523259109)
((-4, 3, 7, 15, 10, 2, 1, -1), 1, 33.82157553558528)
((2, -7, -16, -76, -17, -1, 0, 2), 1, 33.856668466538075)
((10, -3, -14, -1, -5, -3, -2, -22), 1, 33.90133245601481)
((-14, -16, -18, 2, -18, -7, -9, -10), 1, 33.93560489648649)
((0, -5, -4, -2, -14, -7, -4, -3), 3, 35.08545245859203)
((0, -3, -5, 0, -5, -2, -1, 2), 3, 35.10741526112295)
((-4, 4, 11, -10, 4, -6, -5, -2), 3, 35.13751397656214)
((-1, 2, 3, 4, 4, -2, -6, 0), 3, 35.16245711526038)
((-4, 4, 6, 2, 20, 8, -1, -2), 3, 35.18815460344195)
((-1, -5, 0, -5, -8, -15, 2, 1), 3, 35.211920318343466)
((-3, 6, 11, 23, 16, 11, 2, 1), 3, 35.24021498105003)
((1, 1, -9, 4, -12, -3, -5, -2), 3, 35.26408446889634)
((-2, 3, -3, 0, 4, -1, 1, -1), 1, 37.29894932744298)
((-1, -2, -8, -1, -1, -1, -1, 2), 1, 37.332562638660896)
((-1, -1, -3, -2, -8, -6, 15, 7), 1, 37.370721432933315)
((-1, 1, 3, 0, 3, 0, 2, -1), 1, 37.40353934163479)
((1, 3, 30, 6, 3, -3, 1, -3), 1, 37.42714084440387)
((-2, 1, 1, -3, -1, 1, 5, -4), 1, 37.44945487844026)
((107, 25, 64, 27, 21, 22, 58, 26), 1, 37.47489407462187)
((-15, -30, 112, -64, -45, -28, -91, -20), 1, 37.50068450230895)
((55, 39, 15, -45, 31, 13, -16, 0), 1, 37.52565729041999)
((7, 15, 27, 70, 25, 2, 6, 8), 1, 39.67044335565212)
((59, 74, 96, 54, 19, 9, 18, 37), 1, 39.69389661135721)
((32, -19, -28, 60, -7, 12, 69, -21), 1, 39.714829666974374)
((-92, 7, 69, -8, 100, 18, 7, 47), 1, 39.7392043352003)
((-25, -55, -59, -65, -64, -25, -54, -27), 1, 39.767901545703715)
((23, -10, 0, 0, -35, -5, -1, -13), 3, 39.832710600634385)
((29, -11, -4, 20, -26, -18, -19, 6), 3, 39.860957368135665)
((71, 14, -20, -39, -23, 2, -7, 18), 3, 39.88604761353587)
((-46, 1, -2, -11, 9, 8, -2, -21), 3, 39.9083855951749)
((-13, -9, -25, -24, -5, 0, 3, -1), 3, 39.93093112270353)
((-11, -2, -3, 65, 15, -1, -3, -14), 3, 39.96150993055765)
((0, -15, -8, -3, -27, -5, -2, -1), 3, 39.984061159896434)
((-3, 3, 13, -27, -5, 4, -3, 6), 3, 40.009831061066954)
((-66, -18, -15, -41, -3, -4, -3, -7), 3, 40.03015402299768)
((-3, -5, -28, 1, -4, 0, 0, 15), 3, 40.0573670523181)
((-15, -3, 5, 26, -5, -1, -3, 3), 3, 40.082155671961175)
((7, 5, 3, -31, -1, -1, 4, 7), 3, 40.106940870518166)
((43, 7, 0, 5, 6, 1, 1, 3), 3, 40.12887801490339)
((-6, -5, -6, -17, -9, -10, -3, -5), 3, 40.15211118073655)
((27, -4, -12, -5, 13, -2, 0, 26), 3, 40.17863828229548)
((12, -1, -6, -11, 2, -2, -2, 13), 3, 40.20088389461002)
((-20, 4, -2, -7, -6, -1, 2, 29), 3, 40.22156721094246)
((6, 3, -20, 1, -1, 4, -1, 1), 3, 40.246343856784215)
((5, -20, -25, 93, -13, -11, -10, -24), 3, 40.28012765212572)
((12, -6, -15, 6, -8, -4, 0, 3), 3, 40.3036732771553)
((3, -1, 10, -1, 2, 4, 2, 9), 3, 40.32471580752742)
((-25, -4, -8, -26, -7, 5, 3, -11), 3, 40.351033652653705)
((-18, 4, 5, -11, 7, 6, 2, 12), 3, 40.40107787019145)
((-11, -3, 6, -23, -3, -3, -2, -18), 3, 40.43291677808954)
((-15, -8, -10, 3, -6, 0, 0, -9), 3, 40.45822141155153)
((5, -1, -23, 3, -9, -1, 1, 2), 3, 40.48817187992672)
((-18, -25, -16, -25, -23, -13, -11, -22), 3, 40.51208242080613)
((-29, 0, 5, -12, -2, 1, 7, -10), 3, 40.53670169668765)
((7, 4, 16, -3, 2, 4, 1, 5), 3, 40.56052214896663)
((-6, 6, 14, 8, 6, 5, 3, -2), 3, 40.59488923948686)
((-4, 4, 2, 20, -2, -3, -4, -7), 3, 40.61934373305493)
((-8, -2, -16, -3, 2, -1, -8, -23), 3, 40.64357984729412)
((-20, -6, -5, -46, -10, -6, -6, -10), 3, 40.668958034107085)
((-11, -2, 1, 44, -4, -3, -3, -9), 3, 40.69366112659786)
((-46, -19, -30, -84, -21, -2, -2, -1), 3, 40.7148045790097)
((10, -4, -12, -16, 0, 1, -3, -16), 3, 40.73882801573016)
((14, 2, 16, -17, 0, -3, -1, 8), 3, 40.76923747982272)
((-62, -30, -20, -89, -31, -12, -7, -10), 3, 40.796113532163055)
((-20, 5, -1, 34, 4, -9, -3, 0), 3, 40.819111213236866)
((4, 11, 5, 12, 15, 8, 5, 28), 3, 40.84225600101264)
((27, -1, -4, 25, -4, -3, -3, 16), 3, 40.86278080702281)
((-39, -2, -10, 7, 2, 5, 1, -17), 3, 40.89361163488573)
((-8, -1, -11, -14, -13, -5, -5, -17), 3, 40.916246680833765)
((17, -1, 5, 56, 8, 2, 4, 12), 3, 40.937346229307416)
((14, 5, 6, -10, 4, 2, 0, 0), 3, 40.95389231219235)
((1, -1, -3, -15, -10, -1, 0, 6), 3, 40.984289802483595)
((6, -1, -13, -17, -13, -2, 2, -1), 3, 41.007851962762615)
((78, 10, 12, 37, 7, -2, -2, 5), 3, 41.027313951360135)
((6, -3, -7, 10, 5, -6, -1, -9), 3, 41.05324749448207)
((-10, -21, -17, -35, -33, -10, -4, -11), 3, 41.08288892474694)
((31, 5, -1, -15, 1, -10, -6, 5), 3, 41.10713416188237)
((-14, 2, 1, -21, 6, 2, 1, -6), 3, 41.12675295025912)
((-13, -12, -21, -96, -30, -10, -2, -8), 3, 41.15338097385777)
((-11, 3, 7, 48, 15, 1, 1, -9), 3, 41.17986303111649)
((-2, 0, -1, 10, 1, -4, -3, 4), 3, 41.20254198100271)
((10, 7, 1, 16, 21, 8, 2, 14), 3, 41.22660304967018)
((7, -7, -9, 22, -5, -7, -5, -22), 3, 41.24907445366681)
((-3, -3, -4, -9, 1, -4, 2, 13), 3, 41.27269306186635)
((-15, -26, -27, -97, -30, -10, -7, 5), 3, 41.302341904484415)
((-12, -3, -10, -23, -4, 5, 3, 20), 3, 41.326136128436694)
((16, 0, -1, 22, 5, -1, 1, 8), 3, 41.34875806022138)
((1, -1, -6, -9, -2, 4, -1, -24), 3, 41.37350619701237)
((-4, -3, -5, -13, -2, 4, -2, -29), 3, 41.40170963075648)
((12, -7, 1, -10, -2, -3, -7, -12), 3, 41.42609513242169)
((-7, -5, 1, 31, -2, -6, -7, -26), 3, 41.446223662626174)
((-3, -3, -12, -16, -5, 1, -1, 3), 3, 41.46978183163809)
((-15, -1, 0, -31, 1, 4, 2, 5), 3, 41.50397843803472)
((-1, -1, 16, -1, -1, 1, 5, 25), 3, 41.5259509336429)
((9, -1, 2, -51, -6, 3, -4, 1), 3, 41.55014770539203)
((-15, -8, 1, -27, -9, -6, -2, -10), 3, 41.57396929803305)
((-5, 4, 10, -7, 6, 1, 2, 1), 3, 41.59920722031623)
((8, 0, -6, 3, 5, 0, -7, -19), 3, 41.62791811516402)
((-1, 6, 3, -15, 2, -1, 0, 5), 3, 41.65194155188448)
((-71, -8, -5, 31, 2, 2, 3, -7), 3, 41.6761195076601)
((0, -1, -2, 8, 3, 2, 1, 4), 3, 41.704182676874424)
((-5, -9, -7, 27, -16, -1, -3, -24), 3, 41.734008845788274)
((72, 7, 2, 26, 3, 0, -2, 14), 3, 41.772256588299086)
((13, 6, 5, 2, 2, -3, 0, 1), 3, 41.803769922837404)
((2, -2, -8, -41, -18, 2, -4, -7), 3, 41.82708120346967)
((11, 7, 4, 40, 10, 0, 1, -3), 3, 41.84861751060109)
((10, -3, -6, 12, 0, 0, 0, 0), 3, 41.8707952713748)
((-3, -3, -2, -5, -4, -2, 0, 9), 3, 41.90157934439446)
((-5, 2, 1, 18, 7, 8, 5, 7), 3, 41.92804258567968)
((-8, 3, 11, -12, 2, -2, -1, -8), 3, 41.94953384851089)
((36, -5, -7, -18, -13, -5, -3, -3), 3, 41.97389483239244)
((-9, 1, 0, 3, 9, 1, -5, -25), 3, 42.00091171944357)
((-14, 5, 1, -10, -1, 0, -1, -4), 3, 42.02576933098951)
((-3, 2, 2, -12, 5, -2, 3, -9), 3, 42.04262445198477)
((-9, -2, 13, -3, -6, -6, 0, 4), 3, 42.06503541679377)
((58, 6, -1, 2, 1, -2, 0, 11), 3, 42.088908325726166)
((-21, -17, -15, -71, -26, -8, -3, -10), 3, 42.11647828836221)
((-9, 11, 15, 30, 14, 7, 3, -8), 3, 42.140986378945726)
((-3, -2, -3, 5, 1, -1, 2, -11), 3, 42.162663520787945)
((24, 2, 1, 0, -3, 1, -1, 2), 3, 42.18610024124359)
((15, 2, 4, -29, -14, 1, -3, 0), 3, 42.2142888502813)
((-21, 0, 3, 54, 6, -1, 1, 0), 3, 42.238758738736784)
((17, 1, 0, -44, 1, -1, 0, 5), 3, 42.26056702221254)
((-19, 2, 9, 7, 0, -3, -3, 4), 3, 42.28494397116253)
((12, 8, 12, 41, 14, 9, 5, 10), 3, 42.31153835408127)
((4, 1, 9, -21, 0, 1, -1, 10), 3, 42.33586968855003)
((9, -1, -3, 8, 2, -1, -2, -6), 3, 42.35957781516898)
((0, 2, -2, -6, -3, -2, 0, -1), 3, 42.38168259277273)
((1, 5, 10, 37, 11, 9, 4, 0), 3, 42.411172354887505)
((-1, 2, 5, 36, 11, 4, 2, 8), 3, 42.43546890831432)
((10, -4, -10, -15, -4, -6, -2, -2), 3, 42.45774074895557)
((-5, -1, -4, 10, 6, 5, -1, 0), 3, 42.48156405213963)
((1, -1, 1, -6, -2, -4, -2, -4), 3, 42.50426980053358)
((0, -1, 2, -14, 0, -5, -5, 1), 3, 42.53669200361038)
((0, -2, -2, 26, 2, 0, -2, 0), 3, 42.5612668053727)
((2, -1, -8, 33, -9, -6, -3, 3), 3, 42.58496751963846)
((-1, -3, 6, -19, -27, -9, -4, -3), 3, 42.612421165347364)
((11, 14, 16, 8, 10, 5, 6, 10), 3, 42.63552147900394)
((55, 53, 18, -2, -11, 6, 14, 11), 3, 42.66061628585227)
((-37, -66, -10, 46, 21, 14, 7, 10), 3, 42.68349251836981)
((-31, -35, -10, -12, -4, -6, -22, -34), 1, 42.76228241179727)
((2, 17, -6, -5, -8, 10, -3, 18), 1, 42.784339294195725)
((6, 7, 0, -17, -11, -5, -5, -16), 1, 42.808977956231764)
((-5, -4, -13, 5, -3, 0, 1, -2), 1, 42.83426035263415)
((1, -2, -11, -3, 4, -9, -8, -14), 1, 42.85582174773025)
((2, 26, 3, -5, -7, -7, -5, -19), 1, 42.88164638627825)
((-12, -22, -15, -1, 11, -5, -10, -6), 1, 42.90523477488398)
((4, -5, 6, 3, 8, -1, -3, -3), 1, 42.9277244246731)
((-7, -5, 6, 3, 33, 13, 3, -8), 1, 42.95901139734831)
((-12, -38, 7, 0, -1, -6, -9, -16), 1, 42.98141152871802)
((-2, 1, -4, 3, -2, 0, -3, -1), 1, 43.00401863579631)
((0, 7, 2, -1, -4, 1, -1, -3), 1, 43.026011087740024)
((4, -6, 3, 2, -13, -6, -4, 2), 1, 43.05575401022563)
((3, 10, 10, 1, -3, 0, -1, -10), 1, 43.07832234499487)
((5, 12, -1, 5, 4, 0, 2, 0), 1, 43.10190104052334)
((-2, -22, 1, 0, 14, 2, -2, 2), 1, 43.128965822779755)
((-3, 1, 0, 1, -19, -3, -2, -6), 1, 43.146972139245044)
((5, 14, -9, 3, 6, 2, -3, -4), 1, 43.17050293956822)
((2, 25, 15, 0, 3, 6, 4, 11), 1, 43.19331702235509)
((1, -11, -8, 0, -4, -2, 1, -7), 1, 43.22026491750336)
((1, -5, -12, -3, -11, -5, -1, 1), 1, 43.24652859543319)
((1, -2, 1, -3, -15, -7, -1, -4), 1, 43.26643874630879)
((2, 11, -9, 4, 3, 9, 9, 16), 1, 43.29054314873343)
((0, 3, -4, -6, -11, -7, -4, 2), 1, 43.3143407937718)
((-7, -45, -26, -3, 20, -5, -6, -1), 1, 43.34862919931191)
((0, -6, -2, 1, 4, 3, -1, 5), 1, 43.36998361869943)
((-5, -22, 5, -2, -8, -5, -3, -7), 1, 43.39187971005155)
((-18, -18, -16, -1, 10, 3, -2, -11), 1, 43.41327575265319)
((0, 3, -1, -6, -6, -6, -10, -1), 1, 43.44175914527585)
((1, -1, -3, 2, 9, -3, -3, -3), 1, 43.465103496407)
((-2, 3, 3, -8, -4, -5, -1, 2), 1, 43.48847008459776)
((2, -1, -4, 8, -3, 3, -7, 4), 1, 43.509401429671875)
((2, 3, -3, -6, 2, 0, -1, -1), 1, 43.537791312608014)
((-16, -9, -22, -39, -13, -1, 6, 5), 1, 43.56223440255578)
((8, 8, 2, 60, 4, 0, -3, 7), 1, 43.584747999947545)
((33, -4, 0, -117, -25, -10, -9, -4), 1, 43.60531556953386)
((-2, -6, -9, -41, -9, -3, -10, 2), 1, 43.63607113350275)
((-22, -4, -16, -54, -28, -3, -8, -3), 1, 43.656040583203946)
((-5, -9, -16, 4, -17, -6, -8, -1), 1, 43.681147363853604)
((25, 4, -7, -4, -5, 5, 5, 8), 1, 43.70498948301117)
((35, 8, -1, 2, 14, 5, 2, 2), 1, 43.729158315890544)
((-15, -27, -41, -118, -60, -20, -27, -30), 1, 43.758369829669824)
((4, 6, 8, 24, 15, 4, 17, 19), 2, 43.88080650964262)
((15, 11, -4, -53, 2, -7, -1, 4), 2, 43.90355673215576)
((-24, -9, -5, -45, -4, -3, 5, 3), 2, 43.9282735089909)
((15, -3, -15, 7, -6, 4, 0, -2), 2, 43.96259669557294)
((40, 2, -5, -85, -15, -3, -2, -4), 2, 43.985751746606994)
((26, 4, 21, 102, 5, -4, -3, 2), 2, 44.00818665901864)
((18, -7, 13, 33, 7, 7, 0, -6), 2, 44.03344054637026)
((24, 1, -10, -80, -24, -2, -1, 3), 2, 44.062300258463054)
((0, -11, -29, -48, -42, -5, -5, -6), 2, 44.091445631244554)
((-15, 4, 2, 14, 8, -1, 3, -3), 2, 44.116161267717665)
((15, 13, 3, -84, -15, 3, -3, 1), 2, 44.148044079553934)
((44, 13, -7, 48, 6, -1, 2, 4), 2, 44.172558442128626)
((44, 13, -7, 48, 6, -1, 2, 4), 2, 44.1958702929419)
((-12, -13, -10, -96, -23, -4, 0, -1), 2, 44.22244471952511)
((41, -13, -8, 58, -4, -5, 4, -2), 2, 44.244053439645484)
((1, 4, -2, -57, 1, 2, -1, 2), 2, 44.274249085857285)
((-11, 2, 5, 105, 27, 5, 0, 2), 2, 44.29637381979657)
((85, 18, 16, -3, -12, -3, 5, 8), 2, 44.322309073461554)
((-27, 6, 14, -12, 3, 1, -5, -5), 2, 44.34499087425285)
((-7, -4, -17, -80, -30, -4, 0, -14), 2, 44.37479936755522)
((51, -5, -1, -4, 13, -3, -11, -14), 2, 44.4026789384826)
((2, -5, -8, 15, -2, -2, 1, 5), 2, 44.42707698413015)
((16, -3, -6, 16, 1, -1, 3, 5), 2, 44.45657130769305)
((18, 7, 8, 10, -3, 1, -1, 2), 2, 44.479406487177485)
((-10, -10, -16, -18, -1, -3, -4, -2), 2, 44.50338145851163)
((15, 3, -11, -14, -2, -3, -6, -2), 2, 44.52720590205772)
((27, -2, 7, -76, -10, 2, 0, -3), 2, 44.552045267811174)
((26, -2, -3, 44, -1, -4, -2, -2), 2, 44.582639470552714)
((0, 2, -8, -8, -5, 0, 0, -6), 2, 44.60583728516292)
((-10, 12, 12, 72, 11, 8, 5, 8), 2, 44.62926488272232)
((-1, 8, 6, 7, 9, 10, 2, 5), 2, 44.65454955984877)
((-2, -5, -8, -2, -9, -1, 2, -1), 2, 44.681718685231)
((-20, -15, -18, -64, -32, -14, -10, -5), 2, 44.70445237249469)
((27, 22, 13, 72, 32, 6, 5, 4), 2, 44.726976803325755)
((-15, -2, -9, 29, 1, -4, 4, -1), 2, 44.749969922951436)
((-24, 4, 13, 66, 8, 2, 4, 0), 2, 44.78351595280954)
((-95, -34, -16, 5, 2, -1, -4, -7), 2, 44.80729250115034)
((34, 3, -8, -53, -17, -7, 1, 2), 2, 44.8294052612883)
((12, 5, -1, 46, 15, 3, 1, 3), 2, 44.85388313227801)
((16, 21, 32, 17, -5, 3, 1, 4), 2, 44.88395333866642)
((20, -6, -6, 30, 7, -2, -2, -3), 2, 44.90688772964753)
((11, 10, 8, 46, 10, 0, 1, 2), 2, 44.92915101757355)
((-2, 1, 1, 13, 2, 2, 1, 2), 2, 44.95253870246187)
((-71, -10, -4, -33, -3, 2, -1, -4), 2, 44.982637988082075)
((-17, -3, -2, 5, 5, 1, 2, -3), 2, 45.00544864978285)
((1, 1, 5, 16, 3, 0, -1, 0), 2, 45.03101727705495)
((-52, -9, -9, -60, -8, -5, -5, -16), 2, 45.05308556307371)
((3, 2, -4, -45, 2, 2, -2, -5), 2, 45.084040690397984)
((16, 5, 2, -5, 4, 3, 0, 5), 2, 45.10668143815617)
((-9, -9, -4, -42, -15, -10, -1, -4), 2, 45.12703975130985)
((1, 3, 1, 12, 1, -2, 3, 2), 2, 45.149271109099004)
((-28, -28, -21, -1, -16, -3, -2, -3), 2, 45.18031803556675)
((20, 5, -9, -47, -6, -4, -5, -2), 2, 45.20622363981893)
((20, 5, -9, -47, -6, -4, -5, -2), 2, 45.22959935090593)
((-10, -3, -4, 2, -6, -4, 0, 0), 2, 45.255223855917535)
((-54, -12, -17, -60, -5, -3, -2, -2), 2, 45.28035914561796)
((21, 5, 4, 0, -2, 0, 2, 4), 2, 45.31296722770578)
((3, 2, -3, -3, -2, -2, 0, 1), 2, 45.33370014978655)
((6, 0, 5, 77, -8, -2, 0, 1), 2, 45.350286145342565)
((10, -9, -7, 39, 4, -5, -4, 0), 2, 45.38114434189422)
((-44, 0, -12, -31, -5, -2, -1, 0), 2, 45.405422649528546)
((-5, 3, -4, -20, -2, 1, -1, -2), 2, 45.429923327758864)
((9, 3, 6, -12, -8, -1, -1, 2), 2, 45.46035217800595)
((2, 7, -10, 34, 10, 4, 4, 1), 2, 45.50415405378745)
((-33, 3, -8, 23, 4, -1, -2, -9), 2, 45.536256385314644)
((-8, -1, 0, 19, -1, 1, -1, -1), 2, 45.561161892065876)
((-47, -13, -18, 2, -3, -10, -1, -14), 2, 45.59457506974739)
((14, -12, -14, -87, -28, -8, -4, -1), 2, 45.62066484246754)
((-7, 3, 3, 26, 5, 0, 2, -1), 2, 45.645468286817014)
((39, 15, 31, 45, 22, 7, 6, 4), 2, 45.66894035849561)
((29, 4, -12, 39, -7, -3, -1, 0), 2, 45.69970732608481)
((-20, -3, 8, 84, 26, 4, -1, -1), 2, 45.72689241653548)
((-19, 0, 8, 82, 7, 2, 1, 1), 2, 45.7534896503593)
((-1, 1, 3, 16, 3, 0, -1, -2), 2, 45.787572790733876)
((22, 4, 6, 7, 3, 0, -1, 1), 2, 45.826513873359374)
((23, 8, 5, 31, 18, 9, 7, 1), 2, 45.85628644525777)
((-11, -10, -9, -44, -12, -8, -4, -1), 2, 45.879706060282956)
((18, 1, 2, 22, -7, -5, -4, 3), 2, 45.90996328604442)
((-16, 1, 1, 14, 1, -2, -4, 1), 2, 45.94274527334193)
((-21, 5, 10, 36, 14, 3, 2, 0), 2, 45.97143108022504)
((-2, 1, -1, 20, 1, 1, 1, -1), 2, 46.00383104624225)
((-27, -3, 10, -9, 1, 1, 0, -1), 2, 46.03111990963771)
((-12, 2, 9, 36, 4, 0, -1, -2), 2, 46.05356565548865)
((-12, 2, 9, 36, 4, 0, -1, -2), 2, 46.07484766188722)
((-26, -6, -14, -49, -28, -3, -1, -9), 2, 46.10746315632824)
((18, 9, 6, -2, 19, -1, 0, -1), 2, 46.12829129863858)
((-4, -5, -6, -15, -5, -4, -1, -3), 2, 46.15169209769025)
((-1, 0, 1, 10, 2, 2, 0, 2), 2, 46.17596242279036)
((15, -2, -6, -58, -1, 2, -1, 6), 2, 46.20262636779298)
((-22, -16, -14, -34, -8, -3, -2, 7), 2, 46.2295052710384)
((-15, -6, -3, -4, 2, -2, -1, 2), 2, 46.251603776650974)
((15, -16, -19, -42, -39, -9, -4, -3), 2, 46.27697797219683)
((2, -3, 1, -6, -3, 2, -1, 0), 2, 46.30344520474915)
((-33, -3, -1, 25, 3, -2, 1, -2), 2, 46.32599358318285)
((-5, 0, -2, -92, -9, -1, 1, -4), 2, 46.35151887669779)
((-4, -2, -3, -44, -10, 0, 2, -2), 2, 46.37574757858377)
((5, -5, -3, 1, 0, 0, -1, 0), 2, 46.40372008901666)
((10, 12, 10, 52, 11, -2, 0, 2), 2, 46.43143031618248)
((6, -6, -12, 17, -1, -5, -3, 2), 2, 46.449540405592565)
((26, 7, 7, 18, 3, 3, -1, 4), 2, 46.474643765156124)
((-14, 2, -5, -19, -8, 0, 3, 6), 2, 46.50184938212334)
((-4, 4, 9, 3, 1, -1, -1, -3), 2, 46.52849565151449)
((3, -9, -7, 14, -13, -7, -5, -1), 2, 46.55050121762156)
((2, -3, -6, -46, -5, -5, -4, -3), 2, 46.574217896955744)
((2, -2, 1, 13, 4, 1, 0, -11), 2, 46.598940945782054)
((-36, -29, -33, -48, -39, -13, -9, -7), 2, 46.63093950436445)
((5, -1, 0, 3, 2, 2, 2, 2), 2, 46.655299347883975)
((-3, -2, 1, -18, 2, 2, -2, -1), 2, 46.67973103421143)
((-3, -3, 1, 15, 5, 1, -1, -2), 2, 46.71107331444514)
((0, -1, -2, 22, -2, -4, 0, 0), 2, 46.7350043818411)
((-4, 7, 8, -13, 0, 2, 3, -1), 2, 46.760244014667336)
((-37, -15, -13, -51, -1, 1, 1, -4), 2, 46.78326906442989)
((-17, -10, -19, -30, -3, -5, -2, -2), 2, 46.81417572636785)
((5, 4, -1, -27, -7, -1, -2, 0), 2, 46.84078493399299)
((1, -2, 2, -2, -5, -9, -3, -1), 2, 46.863530024877)
((-1, 6, 8, 5, 3, 0, 1, 1), 2, 46.886716435866894)
((-4, 0, -14, -91, -15, -2, -1, -1), 2, 46.91527623274561)
((-8, -5, -2, -1, -2, -3, -1, -2), 2, 46.93951348734683)
((3, -4, 5, 35, -1, -3, -6, 2), 2, 46.96292055838967)
((11, 1, 2, 7, 1, 2, 1, 0), 2, 46.98431717117233)
((4, 3, -1, 44, -3, -1, 0, 1), 2, 47.01332627069116)
((7, -4, -2, 8, -2, -6, -1, 2), 2, 47.04570799091588)
((-16, -3, -5, 27, 8, 0, -2, -2), 2, 47.06802886712445)
((35, 6, -2, 7, 5, 1, 0, 2), 2, 47.08991583558032)
((-3, -3, -2, -32, -2, -8, -1, 2), 2, 47.11826409530234)
((1, -1, -5, -2, -10, 0, -2, -2), 2, 47.141958537576926)
((-3, -7, -7, 19, -4, -2, 1, -3), 2, 47.16588732424883)
((-3, -7, -7, 19, -4, -2, 1, -3), 2, 47.184109169137926)
((-2, 4, 7, 67, 12, 4, 0, 0), 2, 47.2141406032173)
((28, 16, 4, -31, 19, 2, 2, 2), 2, 47.24397418448435)
((33, 4, 0, -10, -2, -1, -2, 0), 2, 47.26549167564227)
((-21, -1, -5, 81, 9, 4, 2, 0), 2, 47.289574981369334)
((-17, -5, -1, -27, -6, 1, 1, 2), 2, 47.319433650601056)
((9, -1, 6, -21, 1, -1, 2, 0), 2, 47.3457720222439)
((39, -3, -1, -16, 0, 0, 0, 0), 2, 47.36949839465535)
((17, -2, -1, -33, -3, -1, -1, 1), 2, 47.39322875833391)
((6, 2, 2, -48, 1, 1, 1, -3), 2, 47.41944054979134)
((-22, -2, 2, 31, -2, -3, -1, -4), 2, 47.449867689495385)
((-11, -1, -7, -11, 2, -1, 0, -2), 2, 47.474853021588764)
((8, -2, -7, 1, -3, -2, 0, 0), 2, 47.497358636446315)
((2, -3, 1, 27, 8, -1, -3, 0), 2, 47.52329731119739)
((-20, -6, -6, 8, 10, 3, 1, 1), 2, 47.54746329317168)
((5, -2, -3, 9, -11, -2, -1, 8), 2, 47.56758726192805)
((17, 2, 4, -1, -2, 1, -1, 1), 2, 47.58982546188938)
((-2, -8, -9, -14, -3, -1, 0, -1), 2, 47.61453083510422)
((-3, 1, 1, 6, 3, -1, -1, 2), 2, 47.643946473687)
((-8, 8, 8, 28, 0, 1, 0, 1), 2, 47.675927356657915)
((-4, 4, 7, 15, 7, 0, -1, -2), 2, 47.702883234340405)
((7, 3, 8, 40, 13, 4, 0, 1), 2, 47.73002784193898)
((-10, -2, -4, 19, -2, -1, 0, 1), 2, 47.758261495276905)
((-16, 0, 6, -13, -4, 1, 3, -4), 2, 47.78284028830633)
((-11, -3, -5, -42, -6, -4, -3, -2), 2, 47.80901216709269)
((-5, -1, 2, 6, 2, -1, 0, -5), 2, 47.840968532279945)
((-3, 5, -6, -9, 26, 4, -1, 4), 2, 47.86415494326984)
((-8, 1, 4, 0, 1, -2, 0, 2), 2, 47.88930334713361)
((-4, -1, 1, 13, -4, 0, -2, 0), 2, 47.912383704454655)
((2, -1, 0, -28, 2, -4, -3, -1), 2, 47.94064814756741)
((6, -7, -24, -19, -13, -3, -4, 0), 2, 47.964586057135556)
((4, 5, 4, 4, 3, 2, 1, 2), 2, 47.98767667771487)
((0, 1, -5, -9, -2, 3, 1, 0), 2, 48.01168129846182)
((-12, 4, 7, 7, 9, 5, 3, 0), 2, 48.04239580939761)
((-5, -6, 5, -17, -7, -5, -2, -1), 2, 48.06914243064746)
((1, -1, -4, -19, -8, -2, -2, 0), 2, 48.093810742096295)
((1, -7, -5, 10, -5, -3, -3, -3), 2, 48.11700570580142)
((-6, 4, 9, 14, 21, 4, 0, 1), 2, 48.14367763333826)
((-5, 1, -2, 3, 4, 6, 4, 0), 2, 48.17110961216858)
((-1, 2, 1, 32, 1, -1, -4, -1), 2, 48.19392198441239)
((-4, 0, 3, 9, 2, 4, 2, -1), 2, 48.215230219137666)
((-4, 0, 3, 9, 2, 4, 2, -1), 2, 48.23442365247695)
((-3, -3, -1, -4, -1, -1, 0, -2), 2, 48.26358613068891)
((-7, -1, -8, -35, -8, -2, -2, 1), 2, 48.28816321317529)
((-19, -10, -12, -63, -10, -4, -3, 1), 2, 48.31347753971453)
((0, -2, -2, -14, -6, -4, -3, -4), 2, 48.340611313873815)
((5, 10, 18, 22, 10, 2, 4, 1), 2, 48.3709175752026)
((12, 4, 6, 13, 1, 1, -1, 0), 2, 48.39217962526563)
((-62, -30, -36, -105, -43, -10, -9, -5), 2, 48.414806688679455)
((-1, 13, 12, 74, 17, 4, 4, 4), 2, 48.43993798711277)
((-8, -2, 1, 20, 4, -1, 2, 0), 2, 48.4669696988703)
((-6, 0, -2, -16, -6, 0, 0, 2), 2, 48.49334570246016)
((4, -1, -5, 34, 2, -1, 0, 0), 2, 48.51642548960018)
((10, -1, -4, -35, 8, 0, 2, 1), 2, 48.537828374374016)
((19, 6, 5, -3, 4, -1, 1, -1), 2, 48.56735234734971)
((17, 1, -2, 37, 1, -3, -3, -2), 2, 48.59008831533747)
((7, -5, -9, -5, -13, -3, -4, -2), 2, 48.615146060419804)
((-8, -4, -3, 15, -8, -1, -1, -2), 2, 48.63994095205405)
((-7, 5, 2, -9, 10, 0, 0, 1), 2, 48.66011623710179)
((-69, -37, -25, 54, -29, -11, -7, -4), 2, 48.68948284011725)
((-25, -5, -1, -6, 1, 1, 0, 2), 2, 48.71243889797694)
((13, 2, 4, 3, -3, -2, -3, 2), 2, 48.73431389263149)
((16, 2, 0, -3, 1, 0, -1, 0), 2, 48.75604691221322)
((0, -6, 6, -19, -7, -6, -1, 0), 2, 48.7821344042093)
((-2, -4, -2, -26, 4, 1, 0, 0), 2, 48.80679986475306)
((6, 4, 1, 20, 12, 3, 3, 1), 2, 48.83069387038303)
((3, -8, -6, 35, 4, 0, -1, -5), 2, 48.85843032587555)
((-14, -9, -15, -71, -33, -8, -1, -2), 2, 48.88968593859492)
((15, 2, -6, 5, -8, -2, -1, -1), 2, 48.91447170733293)
((1, 1, 0, -5, 1, 4, 1, 2), 2, 48.9365662216784)
((-1, 0, 7, 26, 7, 5, 1, 0), 2, 48.96195581211167)
((7, 2, 3, 16, -5, 0, 0, 0), 2, 48.988095190580154)
((0, -1, 6, 18, -3, -2, -1, 0), 2, 49.010687472952036)
((2, -1, -3, -18, -4, 1, -1, 1), 2, 49.03374331248941)
((0, -2, -3, -7, 0, 3, -2, 0), 2, 49.063090529350355)
((0, -5, -1, 5, -4, -2, -1, 1), 2, 49.08780046401331)
((-1, 5, 7, 2, 17, 2, -3, -1), 2, 49.112009779744774)
((1, 1, 0, 42, 5, 4, 0, 1), 2, 49.1401174230783)
((-3, 2, 1, 27, 1, 1, -2, 0), 2, 49.16961402736527)
((1, 2, -5, -21, 7, -1, 0, -2), 2, 49.19417742550728)
((-2, 0, -3, -12, -3, -2, -3, -1), 2, 49.2144855627316)
((1, -8, -18, -75, -14, -8, -3, -2), 2, 49.23797359947863)
((-3, 0, 1, -7, -5, -3, 1, -2), 2, 49.270234441328085)
((0, -1, 0, -11, 6, 2, -1, -2), 2, 49.29310725275953)
((2, 6, 14, 24, -2, 5, 1, 1), 2, 49.31453978694616)
((0, 3, 6, 16, 3, -2, -1, -1), 2, 49.33970586642141)
((-2, -2, 1, 2, -8, 1, 0, -1), 2, 49.36607274711503)
((1, 4, -1, -12, 16, 4, -1, 3), 2, 49.390181140806774)
((-2, -12, 8, 0, 5, 3, 1, -1), 2, 49.41221065451649)
((-4, 17, 10, 16, -5, 1, 0, 1), 2, 49.43568386655711)
((14, -10, -19, -15, -14, -8, -5, 0), 2, 49.4580349623595)
((29, 89, 14, -16, 2, 8, 7, 12), 2, 49.48308700563168)
((14, 26, 7, 10, 0, -3, 0, 7), 3, 49.51236580077077)
((-10, 0, 12, 38, 20, 5, 8, 7), 1, 49.71010229617597)
((2, -36, -23, -20, -25, -9, -3, 6), 1, 49.73264611316154)
((3, 0, -20, -10, -9, 0, 1, -16), 1, 49.75471268863726)
((-1, -17, -57, -19, 30, 8, -10, -35), 1, 49.777888266187865)
((15, -4, 7, 38, 1, 1, 2, 9), 1, 49.80646801940212)
((-7, 5, 19, 12, -9, -5, -2, -6), 1, 49.83259827497436)
((9, -17, 9, -17, 5, -2, 1, -2), 1, 49.85587762546976)
((-3, -5, -4, 7, -26, -12, -5, 10), 1, 49.88627568594202)
((-5, 5, -27, -36, -5, -5, 11, 7), 1, 49.910793469602794)
((-6, 1, 7, 14, 1, 5, 2, -7), 1, 49.93455006160806)
((-1, 3, -12, -7, 15, 3, -3, 7), 1, 49.961721467714355)
((7, 12, -11, 4, 0, -2, -5, 1), 1, 49.992339618058544)
((-24, -65, -12, -1, 6, 2, 0, 7), 1, 50.01526716686747)
((4, 10, 13, 0, 5, 6, 1, -18), 1, 50.03790335317753)
((-2, -8, 2, 3, 4, 1, 0, 0), 1, 50.06039813459579)
((4, 12, 5, -2, -6, -7, -5, 1), 1, 50.090626281125466)
((-8, -10, 2, -1, -2, -2, 0, 6), 1, 50.11344036391233)
((1, -6, -10, -3, 4, 1, 1, 6), 1, 50.13817709708301)
((4, -7, -13, 5, 9, 5, 6, -14), 1, 50.160484859128225)
((7, 2, -7, -6, 0, -3, -3, 13), 1, 50.186461165826316)
((3, 13, 4, 4, 18, 4, 0, 3), 1, 50.21049885707215)
((-3, 0, -2, 1, -8, -1, 2, -1), 1, 50.234379178357756)
((-4, 15, -7, 7, 3, -6, 2, 2), 1, 50.254284197604214)
((-7, -54, -10, 1, 13, -2, -1, -8), 1, 50.280334057653285)
((0, 12, -3, -6, -7, 0, -3, 2), 1, 50.31093339202397)
((0, 15, 0, 1, -9, -5, -10, -1), 1, 50.339123141423705)
((-5, -5, 0, -5, -16, -6, 0, -8), 1, 50.36057050031673)
((-7, 18, -5, -6, -4, -1, -3, 4), 1, 50.38158224091402)
((-2, -10, 2, 0, 1, 2, -1, -2), 1, 50.40987006144841)
((-1, -6, 18, -3, -19, -5, -3, 8), 1, 50.43446653008931)
((-2, -2, 8, -2, 9, 4, 2, -5), 1, 50.45889536551169)
((4, 19, -4, -1, -15, -6, -4, 24), 1, 50.47799186807836)
((2, -3, -1, 0, 5, 4, 2, -5), 1, 50.506511752285995)
((1, 14, 10, 0, -6, -4, 0, 0), 1, 50.53533668333686)
((4, 12, 2, -7, 2, -1, 0, 0), 1, 50.5579608958456)
((-1, 7, 4, -2, 6, 1, 2, 4), 1, 50.58052238844266)
((-1, -2, -2, 4, 5, 6, 2, -3), 1, 50.60652891473456)
((-5, 4, 2, -1, 0, -5, 0, 5), 1, 50.63347738006385)
((2, 9, -2, -1, -10, -3, -1, -12), 1, 50.6557343959987)
((0, -2, -1, 0, 1, 1, 0, 2), 1, 50.68017691576545)
((3, 15, 8, 1, -9, -6, -3, -7), 1, 50.70677300922724)
((-1, 0, -6, -1, 8, 2, -3, -4), 1, 50.7298242873165)
((-5, -12, -10, -2, -12, 0, 8, 1), 1, 50.759303215991984)
((3, 13, 2, 1, -4, 0, 2, 3), 1, 50.78006350676149)
((0, 8, -2, 0, -1, 4, 5, 2), 1, 50.810922273494164)
((-4, -11, -12, -3, 0, 5, 2, 0), 1, 50.83437952046636)
((-2, -4, -6, -3, -4, -2, 3, -4), 1, 50.85414769626914)
((-1, -3, -6, -4, -5, 0, 4, 0), 1, 50.873831485281634)
((0, 0, 2, 1, 0, -4, -2, -4), 1, 50.89746605854961)
((1, -3, 2, 0, 4, -2, 3, 1), 1, 50.926730599163314)
((-3, -5, 7, -2, -4, -5, -6, -3), 1, 50.95082473832968)
((8, 10, 7, 54, 4, 1, -3, -4), 1, 50.97422553738135)
((-26, -21, -2, -84, -21, -9, -7, -11), 1, 50.993865992636685)
((4, 5, -1, -5, 2, -2, -3, 4), 1, 51.023916242689566)
((5, 2, 0, 14, -2, -2, -10, 4), 1, 51.04474210427585)
((14, 7, -6, -21, 0, -2, -19, 5), 1, 51.070006825066756)
((24, -1, -3, -5, -6, -10, -6, -5), 1, 51.09327876320896)
((-6, 3, 3, -10, 4, -1, -8, -1), 1, 51.19997445589051)
((0, 0, -11, -32, -2, -4, -3, 5), 1, 51.22894079183318)
((-7, -1, 1, -7, 0, 1, 0, -2), 1, 51.25383945641223)
((6, -1, -17, -5, 0, -2, -3, 1), 3, 51.55486481293216)
((3, -4, 12, 53, 7, -4, -2, 2), 3, 51.5773105587831)
((13, 4, -2, -2, -1, 1, 2, 0), 3, 51.599448406885735)
((1, -8, -15, 20, -10, -3, 1, -3), 3, 51.627441443835174)
((-17, -5, -7, -3, 2, -2, -1, 8), 3, 51.650668907858176)
((-10, -6, -9, -43, -1, -3, -1, 8), 3, 51.67265451762971)
((-1, 2, 12, 24, 10, 3, 2, -4), 3, 51.6961670721604)
((-3, 2, 13, -10, -5, -2, 0, 21), 3, 51.72486485284483)
((-1, -1, 4, 72, 9, 0, -1, -4), 3, 51.75563296079606)
((-14, 3, 1, -9, 1, 4, 3, 1), 3, 51.800906473778234)
((94, 23, 6, 10, 4, 6, 5, -12), 3, 51.82549210897984)
((-5, 0, -5, -26, 7, 1, -2, -6), 3, 51.854355242158725)
((-26, -13, -17, 28, -2, 0, -4, 11), 3, 51.876687521987606)
((24, 13, 6, -35, -2, 7, 3, -4), 3, 51.901854741824884)
((9, 8, -1, 27, 6, 3, 0, 6), 3, 51.92871939054491)
((-5, -3, 8, 4, -2, -2, -2, -15), 3, 51.95284945111525)
((5, -1, -6, -61, -13, -7, -2, 12), 3, 51.975478225072116)
((1, 2, 3, -13, 0, -2, -4, 1), 3, 52.00035579295359)
((-8, 1, -3, 42, 13, 2, 2, 4), 3, 52.02826843437986)
((-4, -2, 6, 13, 0, -4, -2, 2), 3, 52.05541760342656)
((-6, -2, 2, 9, 2, 2, 4, 9), 3, 52.157006754934486)
((-9, 2, -13, -33, -3, 0, -1, -4), 3, 52.18178340077625)
((5, -1, -4, 8, 7, 0, 3, 4), 3, 52.20437568314813)
((-7, 0, 0, 8, -4, -3, -1, 3), 3, 52.227067177016686)
((-30, -10, -9, -13, -7, 1, 1, 14), 3, 52.25403844958659)
((-10, 8, 14, -2, 10, 0, 2, -6), 3, 52.28085178201523)
((1, 3, 5, 11, 2, 4, 1, 22), 3, 52.30341213425026)
((37, 2, -8, -16, -9, 7, 4, 2), 3, 52.325276865646536)
((-4, -4, -3, -24, -6, -3, -2, 1), 3, 52.35593435848079)
((41, 4, -7, 8, -2, 4, 4, 8), 3, 52.377782554627615)
((-5, 2, -5, -8, 4, -1, 0, 6), 3, 52.40030128364852)
((5, 6, 6, 72, 18, 3, -5, -4), 3, 52.422431719397956)
((5, 12, 19, 40, 19, 4, 0, -3), 3, 52.45377970144182)
((-14, -3, 3, 1, 2, -3, -4, -27), 3, 52.476419308837976)
((39, -3, -4, 26, 5, 0, 0, 8), 3, 52.49940444592945)
((-11, -6, -10, 19, -4, -1, -2, -5), 3, 52.99453937641583)
((-1, -5, -9, 6, -8, -3, -5, 0), 3, 54.09195651343432)
((-1, 2, 3, -10, -11, -1, 0, 0), 3, 54.117482377130266)
((-2, 1, 3, 15, -3, 1, 3, 1), 3, 54.139243335581746)
((-3, -3, -1, 16, 2, -2, 1, 1), 2, 54.41134511973516)
((3, 2, -1, 24, 8, -5, 5, 0), 2, 54.43386270839403)
((-6, 2, 6, 8, 1, 0, -2, 0), 2, 54.4573039902978)
((5, -18, -29, -75, -33, -6, -8, -2), 2, 54.48295700436017)
((3, -1, -9, 21, 1, -5, -5, -3), 2, 54.50887743331876)
((59, 5, -9, 9, -17, -4, -6, 6), 2, 54.53367289513402)
((-14, 1, 9, 22, 13, 3, 3, -2), 2, 54.5563985998635)
((-33, -14, -18, 10, -12, -6, -1, -14), 2, 54.58174542672062)
((1, -1, 0, 4, -2, 0, 1, -5), 2, 54.61232537493678)
((-19, 1, 1, 4, 4, 4, 1, 1), 2, 54.6365552171848)
((3, -9, -10, -103, -28, -10, 1, 0), 2, 54.65926381648382)
((-6, 0, 7, 19, 8, 5, 2, 3), 2, 54.697950598376465)
((-67, -11, -3, 11, 6, 3, 3, -1), 2, 54.72200254414769)
((8, 10, 14, 13, 9, 2, 3, 2), 2, 54.74520720093008)
((20, 3, -2, 3, 3, -2, -4, 0), 2, 54.773402081958956)
((0, -4, -5, 5, -8, 1, -2, -3), 2, 54.79771631099725)
((-19, 0, 3, -26, 16, 4, 2, 0), 2, 54.82835612822002)
((2, -2, -4, -71, -10, 2, 1, 0), 2, 54.85027730753682)
((9, -1, -3, 9, 0, 2, -1, 2), 2, 54.872573095780716)
((-41, -13, -18, -13, -11, -3, -1, -4), 2, 54.901564519688066)
((0, 1, 13, -18, 0, 2, -1, -3), 2, 54.9373194307997)
((-3, -1, -9, -3, 6, 1, -2, 0), 2, 54.962376035519995)
((20, -7, -7, 0, -8, -2, -4, -2), 2, 54.983209309459475)
((-9, -6, -7, 35, 0, 4, 0, 0), 2, 55.015307079538545)
((-9, 6, 6, 13, 7, 2, 2, -1), 2, 55.03956143957022)
((-5, -9, -22, -35, -10, -5, -1, -3), 2, 55.06412312716918)
((-23, -8, -7, 35, -5, 1, 0, -4), 2, 55.087475460834554)
((10, 1, -3, -3, -6, -2, -1, 2), 2, 55.11682096715244)
((13, -8, -8, 0, -29, -10, -7, 3), 2, 55.13998856216883)
((-20, -2, -8, -3, 8, 1, -1, -2), 2, 55.162170314209654)
((20, 0, -5, -12, 0, -3, -2, 0), 2, 55.18713683032952)
((-9, -4, -1, -16, -4, -3, -1, -4), 2, 55.21383669673611)
((1, 0, 2, 1, 17, 2, 0, -2), 2, 55.2403176136328)
((-3, 4, 9, 30, 15, 4, 2, 0), 2, 55.25893117287946)
((-5, -2, -4, -18, -2, 2, 1, -1), 2, 55.28553467869445)
((52, 12, -3, 19, -5, 3, 4, 3), 2, 55.31823113883965)
((3, 5, 11, -9, 4, -4, 0, 3), 2, 55.34276830865495)
((-29, -9, -8, -4, -4, 0, -4, -1), 2, 55.36432172121683)
((-7, -3, 0, 45, -7, -2, -1, -1), 2, 55.386240049628555)
((-5, -3, -5, 18, 11, -2, -3, -3), 2, 55.416449950365745)
((-5, -3, -12, -12, 0, -5, -3, -1), 2, 55.443463986511794)
((-19, -3, -2, 35, 0, 1, 1, -2), 2, 55.46587267059673)
((-12, -3, 1, -43, -3, -1, 0, -3), 2, 55.48798999218282)
((2, -19, -26, -30, -24, -6, -7, -2), 2, 55.51721804121154)
((-1, 5, 4, -48, 0, 1, 1, -3), 2, 55.53973620005143)
((7, 2, 6, 14, 8, -1, 0, 1), 2, 55.563686083420905)
((-16, 1, -5, 22, 4, -5, 0, 1), 2, 55.5851841884243)
((-13, -11, -28, -57, -30, -6, -4, -3), 2, 55.61175006229227)
((3, -3, -2, 20, -4, 0, -3, 0), 2, 55.639651300098244)
((6, 1, -4, -2, -5, 0, -2, 1), 2, 55.66513268967499)
((5, -6, 1, 28, 5, 3, 0, -4), 2, 55.68857226103571)
((6, -3, 3, -1, 3, 1, -1, 0), 2, 55.71661604409552)
((0, -3, -3, 19, -4, -4, -2, 0), 2, 55.7439020565859)
((-9, 0, -2, 12, 3, 2, -1, -2), 2, 55.771363114648004)
((2, 1, 3, -1, 0, 2, 1, 1), 2, 55.79636270126677)
((10, 2, 0, 13, 2, -1, 0, -2), 2, 55.82523666788495)
((-5, -3, -7, -1, -5, 1, 2, -2), 2, 55.84765504504715)
((-6, -1, -7, -44, -2, -1, -3, -2), 2, 55.871478348231214)
((-2, 2, 3, 25, 3, -2, -1, -3), 2, 55.892805969111016)
((0, 0, 0, -5, 1, -2, 0, -2), 2, 55.91993575200319)
((1, -6, -9, -11, -4, -2, -3, -3), 2, 55.9528625652786)
((-2, -1, 2, 6, -49, -3, -1, 0), 2, 55.97700688037431)
((4, -9, -15, -6, 1, -3, -1, 0), 2, 55.998872181951604)
((-2, -2, -6, -13, -2, -5, -2, -1), 2, 56.02295491749766)
((0, -6, -7, 10, 5, 1, -4, -2), 2, 56.0549922483891)
((1, 6, 7, -11, 9, 11, 1, 0), 2, 56.081273601930405)
((-4, -5, -4, 8, -16, -3, -6, -6), 2, 56.1037735149778)
((3, 0, 2, 1, 6, 9, 5, 3), 2, 56.12920529880621)
((-2, -5, -9, -37, -10, -7, -3, 20), 2, 56.15636587147322)
((3, 7, 12, 1, 10, -1, 2, 0), 2, 56.179709652423355)
((6, 1, 6, -31, 1, -9, -29, 19), 2, 56.202569349691444)
((0, 3, 47, 24, 0, 2, 1, -1), 3, 56.22613493105656)
((34, -1, 1, -15, -2, -7, -6, 13), 3, 58.60399046885415)
((-8, 2, 15, -19, 6, 1, -4, -2), 3, 58.62726639826346)
((21, 6, -7, -2, 12, 4, 6, -2), 3, 58.64813217252081)
((-1, -2, 3, 8, 0, -4, -2, -8), 3, 58.67108766019948)
((-83, -16, -7, 8, -4, 1, -4, -21), 3, 58.703935788494775)
((1, 0, 4, 4, -13, 3, 2, 9), 3, 58.726525790142595)
((-17, -1, 0, 6, 1, -2, -1, -10), 3, 58.750282952328874)
((2, 0, 1, 4, -1, -4, 0, 12), 3, 58.77442612706256)
((2, -6, -8, 2, 1, 2, -3, -8), 3, 58.80048625036991)
((-23, 4, 2, 43, 21, 4, 2, 4), 3, 58.82505420996004)
((15, 7, 2, -26, 4, 1, -1, 0), 3, 58.84695714348434)
((13, 2, 4, -1, -1, 0, 4, 16), 3, 58.867792127966865)
((-8, -2, 1, 22, 11, 5, 1, 0), 3, 58.8965457863908)
((-3, 6, 8, 5, 10, -1, 5, 6), 3, 58.91933478121299)
((-69, -13, -5, -18, 1, -2, -2, -3), 3, 58.94740194169443)
((-31, -7, -7, -33, -15, -5, -3, -8), 3, 58.9705427382031)
((12, 10, 8, 15, 3, -1, 3, -4), 3, 58.99578465175339)
((-3, 1, 1, -5, -1, 0, -2, 22), 3, 59.02193087239406)
((-3, -2, 0, -11, 11, 2, -1, -7), 3, 59.04484416667759)
((29, 8, 1, -12, -8, -3, 0, 19), 3, 59.06694837410033)
((3, 2, -1, 22, 2, -2, -3, 3), 3, 59.091568220162856)
((11, -6, -13, 4, -7, -5, -3, -7), 3, 59.122258783495994)
((-4, 6, 11, 26, 11, 4, -1, -3), 3, 59.14296718779311)
((-2, 0, -5, 10, 2, -8, -6, -1), 3, 59.164697926650774)
((-7, -1, -2, -2, -2, -2, -1, 4), 3, 59.191220466761585)
((-19, -8, -3, -33, -1, -1, -1, -8), 3, 59.2174983992168)
((2, 2, 2, 5, 0, -5, 3, 13), 3, 59.24105143659958)
((-9, -3, 3, -26, -5, -5, -2, 8), 3, 59.262708051925244)
((-6, 1, 1, 2, -2, -1, 2, 19), 3, 59.2854736693258)
((-11, -1, -2, 9, 8, 0, -1, 2), 3, 59.314579129436225)
((-6, -6, 1, -31, 1, -4, -1, 17), 3, 59.340063940099064)
((-3, 2, -3, 6, -4, 5, 4, 8), 3, 59.36253249319061)
((7, -4, -5, 4, -2, 3, 2, 22), 3, 59.38609522365065)
((-21, -23, -15, -16, -10, -18, -8, -4), 3, 59.41495265501939)
((2, -2, 3, -28, -6, -9, -2, 2), 3, 59.43808147772673)
((5, -7, -7, -106, -32, -11, -6, 15), 3, 59.461009026535656)
((0, -2, -3, 39, 2, 4, 1, -11), 3, 59.482380551353636)
((-6, -1, 3, 2, -7, -3, -1, 7), 3, 59.5098216530802)
((2, -2, 0, 11, 2, -5, -1, -11), 3, 59.53716639421517)
((6, -3, -6, 1, -16, -3, -1, -4), 3, 59.56270480189346)
((-6, 1, 7, 17, -6, -4, -5, -30), 3, 59.58518989023445)
((-10, -5, -6, -7, -3, -3, -1, 1), 3, 59.61329753356798)
((-7, -3, 2, 12, -2, -5, -5, 1), 3, 59.636226222738934)
((-1, -5, -6, -16, 4, -6, -3, 6), 3, 59.6561722950185)
((-5, -10, -12, -7, -19, -7, -3, -21), 3, 59.67372987902469)
((34, -4, -8, 25, 5, 1, -2, 5), 3, 59.69748818157301)
((11, -2, -5, 45, 1, -2, -1, 9), 3, 59.729159456252575)
((17, -2, -6, -4, -12, -2, -3, -9), 3, 59.75421720133491)
((4, 2, -3, -14, 8, -1, 3, -2), 3, 59.779505299547445)
((-4, -4, -11, -3, -11, -7, -3, -8), 3, 59.80308627579998)
((-1, -5, -3, -47, 0, 0, -2, 5), 3, 59.82985513410942)
((-17, -7, -6, -17, -4, 0, -1, -9), 3, 59.85341444348337)
((0, -3, -3, -18, -7, 1, -1, -5), 3, 59.87492794337418)
((-16, -18, -16, -19, -12, -4, -3, -3), 3, 59.895382046938444)
((-3, 2, 0, 2, 5, -3, -1, -4), 3, 59.92855346786944)
((8, 6, 7, 7, 10, 4, 2, -7), 3, 59.94815914208284)
((-5, -10, -5, -41, 4, -3, -5, -22), 3, 59.97369640939909)
((12, -1, 1, 3, -9, 1, -1, -2), 3, 59.994864949775604)
((9, -3, 2, 23, 4, 2, 0, 0), 3, 60.01900413324218)
((-13, -5, -3, 3, -11, -3, -1, -3), 3, 60.046847782765596)
((12, 9, 7, 30, 8, 2, 1, -14), 3, 60.07036261802034)
((2, -1, 5, -1, -1, 0, 0, 8), 3, 60.09319836768579)
((6, 3, 4, -6, 0, -4, -4, -1), 3, 60.11416905524997)
((0, 1, 1, -15, -10, -2, 0, 5), 3, 60.14381333641991)
((-1, -3, -2, 8, -1, -4, -4, -8), 3, 60.174219949607405)
((8, -2, 1, 16, 3, -1, -1, 3), 3, 60.197500440464836)
((-1, -5, -17, -47, -29, -6, -3, 6), 3, 60.22505614857549)
((4, 2, 0, -17, 11, 3, -1, -11), 3, 60.251452108500885)
((-3, 7, 12, 67, 15, 2, 1, 12), 3, 60.27328205885522)
((0, -1, -1, 10, 3, 3, 3, -2), 3, 60.29652890903275)
((-1, -2, 3, 24, 6, -3, 1, 9), 3, 60.3213089759606)
((2, 2, 2, -20, -3, 1, 0, 18), 3, 60.347676997016244)
((5, -8, -14, -48, -21, -1, -1, -6), 3, 60.370837179679434)
((-1, 5, 7, -1, 7, -1, 1, -3), 3, 60.39072338295239)
((-1, 5, 7, -1, 7, -1, 1, -3), 3, 60.40912426468031)
((4, -5, -5, -3, 1, -4, 2, 3), 3, 60.44051215939524)
((0, 0, 0, 31, -3, 0, 4, 9), 3, 60.46562920330317)
((0, -2, 1, 23, -11, -5, -2, -4), 3, 60.48817016938367)
((1, -2, -8, -5, -17, -7, -3, 0), 3, 60.5122295275081)
((0, -1, 61, -25, 5, -1, -1, 1), 3, 60.53868535644011)
((-3, 33, 99, 32, 10, 1, -2, 0), 3, 60.57074834547724)
((37, 3, -25, 4, 2, -2, -13, -5), 3, 60.59089512147421)
((-4, 4, 12, 12, -5, -10, 3, -8), 3, 60.613579773170585)
((-2, -1, 9, 2, -13, 0, -1, -1), 1, 60.90943301770013)
((-3, -1, 5, 4, -14, 0, 1, -2), 1, 60.93453979834978)
((4, -3, 10, 0, -5, -4, 1, 10), 1, 60.96336187849557)
((-3, -4, -22, -7, -12, -7, -3, -5), 1, 60.98913520075218)
((-4, -3, -4, 23, 1, -7, -4, -7), 1, 61.0113426109387)
((4, 1, -9, -8, -10, 1, -2, 0), 1, 61.03643114579586)
((-4, -9, -11, -74, -22, -8, -5, -3), 1, 61.06970291858556)
((-1, 2, 9, -19, 6, -5, -17, -7), 1, 61.09227638498394)
((0, 2, -8, 28, 5, 6, 7, 2), 1, 61.113435232283194)
((-2, -4, -12, -2, -7, -5, -1, -1), 3, 61.13763713566146)
