(None, 2, 14.729808784421769)
(None, 2, 14.731496517340315)
(None, 2, 14.733309119687632)
(None, 2, 14.736308836878333)
(None, 2, 14.738626048561093)
(None, 3, 14.740474572250934)
(None, 3, 14.742126954006997)
(None, 3, 14.743639071473208)
(None, 3, 14.745151759119459)
(None, 3, 14.747409101898015)
(None, 3, 14.749087711935921)
(None, 3, 14.750906016083638)
(None, 3, 14.752643924845708)
(None, 3, 14.755075742716521)
(None, 3, 14.757200803725784)
(None, 3, 14.759508892527904)
(None, 3, 14.761087721058802)
(None, 3, 14.762592996364532)
(None, 3, 14.764120508691825)
(None, 3, 14.765623503277395)
(None, 3, 14.767197770367972)
(None, 3, 14.769158049345661)
(None, 3, 14.772084213311196)
(None, 3, 14.774717304736143)
(None, 3, 14.776343458210365)
(None, 3, 14.777862988017096)
(None, 3, 14.780008005327762)
(None, 3, 14.781522403514133)
(None, 3, 14.783953081024864)
(None, 3, 14.785490856592878)
(None, 3, 14.787224203914628)
(None, 3, 14.788785927044323)
(None, 3, 14.79151879997628)
(None, 3, 14.794590930032067)
(None, 3, 14.79635335653586)
(None, 3, 14.798042799994526)
(None, 3, 14.799715138051992)
(None, 3, 14.801393177909857)
(None, 3, 14.803125955051566)
(None, 3, 14.804967636580926)
(None, 3, 14.807837922902536)
(None, 3, 14.810631805098778)
(None, 3, 14.81273177818628)
(None, 3, 14.814493634510033)
(None, 3, 14.816252639933586)
(None, 3, 14.817780152260879)
(None, 3, 14.819720474937165)
(None, 3, 14.821237724023737)
(None, 3, 14.822787473372593)
(None, 3, 14.824591523019308)
(None, 3, 14.826424651848068)
(None, 3, 14.829178051261467)
(None, 3, 14.831440525660383)
(None, 3, 14.83314365344001)
(None, 3, 14.834794324655954)
(None, 3, 14.83648148739446)
(None, 3, 14.838260449119414)
(None, 3, 14.840140332711456)
(None, 3, 14.843776370826852)
(None, 3, 14.847744253725557)
(None, 3, 14.850688093272332)
(None, 3, 14.852275474503829)
(None, 3, 14.855037426617828)
(None, 3, 14.856607132268085)
(None, 3, 14.858423725875683)
(None, 3, 14.860039616109182)
(None, 3, 14.86162984824088)
(None, 3, 14.864266930926108)
(None, 3, 14.867213621373084)
(None, 3, 14.868932144013794)
(None, 3, 14.870691149437347)
(None, 3, 14.872493488543943)
(None, 3, 14.875132281769291)
(None, 3, 14.877248790077955)
(None, 3, 14.879824863498898)
(None, 3, 14.882544052109894)
(None, 3, 14.884707315181842)
(None, 3, 14.886336889736302)
(None, 3, 14.88804001751593)
(None, 3, 14.889747706735879)
(None, 3, 14.892204612528452)
(None, 3, 14.89483884431348)
(None, 3, 14.897458821597507)
(None, 3, 14.89978287544075)
(None, 3, 14.903562598926237)
(None, 3, 14.905415113876357)
(None, 3, 14.907448375899174)
(None, 3, 14.909211372583007)
(None, 3, 14.91086375433907)
(None, 3, 14.912461968991328)
(None, 3, 14.914831637237775)
(None, 3, 14.917480123523804)
(None, 3, 14.919483736184537)
(None, 3, 14.921020941572511)
(None, 3, 14.92251937471776)
(None, 3, 14.924228204297789)
(None, 3, 14.92572549708296)
(None, 3, 14.927726829023532)
(None, 3, 14.929241797389944)
(None, 3, 14.930786415118439)
(None, 3, 14.932351559328373)
(None, 3, 14.93414135447409)
(None, 3, 14.937165589406511)
(None, 3, 14.939388721382663)
(None, 3, 14.94141742196516)
(None, 3, 14.943115988304466)
(None, 3, 14.944780343841371)
(None, 3, 14.946469217119997)
(None, 3, 14.948280108927195)
(None, 3, 14.950924033772905)
(None, 3, 14.95365576634478)
(None, 3, 14.9557032828686)
(None, 3, 14.957642465184806)
(None, 3, 14.95918252147298)
(None, 3, 14.960672972097669)
(None, 3, 14.962601320993116)
(None, 3, 14.964111727919208)
(None, 3, 14.965602178543897)
(None, 3, 14.967959873009502)
(None, 3, 14.970772000967026)
(None, 3, 14.973669085750517)
(None, 3, 14.97636033553955)
(None, 3, 14.978020129636134)
(None, 3, 14.979614923208151)
(None, 3, 14.981241076682373)
(None, 3, 14.982967011663604)
(None, 3, 14.984621103959787)
(None, 3, 14.987014719767913)
(None, 3, 14.989753294500272)
(None, 3, 14.99203971646087)
(None, 3, 14.993599729050445)
(None, 3, 14.995138644978539)
(None, 3, 14.996665587125792)
(None, 3, 14.998702840408887)
(None, 3, 15.00023092291622)
(None, 3, 15.001725364801189)
(None, 3, 15.00334182521473)
(None, 3, 15.004871048082142)
(None, 3, 15.007394094759361)
(None, 3, 15.010750744655132)
(None, 3, 15.012384880649915)
(None, 3, 15.014004762143694)
(None, 3, 15.015660564979997)
(None, 3, 15.017284437734059)
(None, 3, 15.018880941846197)
(None, 3, 15.020491130279296)
(None, 3, 15.02294860625191)
(None, 3, 15.02582744527412)
(None, 3, 15.028162902718162)
(None, 2, 15.030379192533834)
(None, 2, 15.032005916188096)
(None, 2, 15.033613253720995)
(None, 2, 15.035730902389739)
(None, 2, 15.037418065128245)
(None, 2, 15.04002663881147)
(None, 2, 15.042006874090562)
(None, 2, 15.044903388694014)
(None, 3, 15.047330074944464)
(None, 3, 15.048863859252197)
(None, 3, 15.050361722217408)
(None, 3, 15.051849321941896)
(None, 3, 15.053342623466786)
(None, 3, 15.054822240670715)
(None, 3, 15.056776817848004)
(None, 3, 15.059237714900856)
(None, 3, 15.061280669984354)
(None, 3, 15.063977621573788)
(None, 3, 15.065537634163363)
(None, 3, 15.067042909469095)
(None, 3, 15.068580685037107)
(None, 3, 15.07056605193656)
(None, 3, 15.072281153497029)
(None, 3, 15.074212923472716)
(None, 3, 15.075945130434386)
(None, 3, 15.077773127642784)
(None, 3, 15.080986092168462)
(None, 3, 15.083126548038809)
(None, 3, 15.084651779645942)
(None, 3, 15.086174160352874)
(None, 3, 15.087711935920886)
(None, 3, 15.089220632306857)
(None, 3, 15.091167797143626)
(None, 3, 15.09284469664141)
(None, 3, 15.095202391107016)
(None, 3, 15.097578901513941)
(None, 3, 15.099775235028213)
(None, 3, 15.101306738615785)
(None, 3, 15.102824557882396)
(None, 3, 15.105027733557147)
(None, 3, 15.107646570481094)
(None, 3, 15.109329171779281)
(None, 3, 15.110958746333742)
(None, 3, 15.112643058172049)
(None, 3, 15.114429432237523)
(None, 3, 15.116943926214141)
(None, 3, 15.119540526116527)
(None, 3, 15.121276724338477)
(None, 3, 15.123244985836727)
(None, 3, 15.124788463205142)
(None, 3, 15.126297159591113)
(None, 3, 15.128376606197174)
(None, 3, 15.131493210296084)
(None, 3, 15.133321777684522)
(None, 3, 15.135558593981635)
(None, 3, 15.138452827864926)
(None, 3, 15.141613335826921)
(None, 3, 15.145188364678031)
(None, 3, 15.147977115253912)
(None, 3, 15.150788673031396)
(None, 3, 15.15371426681689)
(None, 3, 15.15810180222507)
(None, 3, 15.159787824603496)
(None, 3, 15.16144704852004)
(None, 3, 15.163211755743994)
(None, 3, 15.16488124290126)
(None, 3, 15.167488106044365)
(None, 3, 15.169930187155897)
(None, 3, 15.17216928417317)
(None, 3, 15.173967061839447)
(None, 3, 15.175525934068942)
(None, 3, 15.17701980577387)
(None, 3, 15.178929338727997)
(None, 3, 15.18047224591637)
(None, 3, 15.18195870528078)
(None, 3, 15.183499331748994)
(None, 3, 15.185051931998048)
(None, 3, 15.187412477363852)
(None, 3, 15.191135182845334)
(None, 3, 15.192796117301999)
(None, 3, 15.194490692381025)
(None, 3, 15.196180706019733)
(None, 3, 15.197833657955837)
(None, 3, 15.19948660989194)
(None, 3, 15.201156097049203)
(None, 3, 15.20352975655593)
(None, 3, 15.20618907626272)
(None, 3, 15.20858839387125)
(None, 3, 15.210310337592198)
(None, 3, 15.21195815790794)
(None, 3, 15.213651592626888)
(None, 3, 15.215794899397434)
(None, 3, 15.217504869337542)
(None, 3, 15.219190321535928)
(None, 3, 15.220934502278439)
(None, 3, 15.222827500011404)
(None, 3, 15.226835295512911)
(None, 3, 15.228517326631057)
(None, 3, 15.23016001532644)
(None, 3, 15.231822660323223)
(None, 3, 15.233487586040168)
(None, 3, 15.235143388876471)
(None, 3, 15.236863051877261)
(None, 3, 15.239309694429114)
(None, 3, 15.242130375087237)
(None, 3, 15.244410525067396)
(None, 3, 15.246468875011974)
(None, 3, 15.248072791464633)
(None, 3, 15.249687541338053)
(None, 3, 15.251696855799187)
(None, 3, 15.253238052447442)
(None, 3, 15.25485223214082)
(None, 3, 15.257966555519571)
(None, 3, 15.261266187411337)
(None, 3, 15.268712738734383)
(None, 3, 15.271464997787701)
(None, 3, 15.273416724064791)
(None, 3, 15.276096570253022)
(None, 3, 15.279234841193455)
(None, 3, 15.282361708533086)
(None, 3, 15.285185240091412)
(None, 3, 15.286967052716566)
(None, 3, 15.289840760118414)
(None, 3, 15.29219902476406)
(None, 3, 15.295417691090138)
(None, 3, 15.299163773953264)
(None, 3, 15.302323141555178)
(None, 3, 15.3039635495304)
(None, 3, 15.305593694264902)
(None, 3, 15.307469016416624)
(None, 3, 15.309102012051325)
(None, 3, 15.310761806147909)
(None, 3, 15.312991210104503)
(None, 3, 15.316114086183854)
(None, 3, 15.318066382640982)
(None, 3, 15.319673720173881)
(None, 3, 15.32137855849363)
(None, 3, 15.323269275506433)
(None, 3, 15.325364116973576)
(None, 3, 15.326883076600268)
(None, 3, 15.328594757080495)
(None, 3, 15.33013538354871)
(None, 3, 15.33175412468241)
(None, 3, 15.33499388766997)
(None, 3, 15.337234125047324)
(None, 3, 15.338997691911198)
(None, 3, 15.340947137468127)
(None, 3, 15.342680484789877)
(None, 3, 15.344347691226982)
(None, 3, 15.346012046763887)
(None, 3, 15.347844605412606)
(None, 3, 15.3507958572999)
(None, 3, 15.352943725510768)
(None, 3, 15.354642862030115)
(None, 3, 15.356488534819755)
(None, 3, 15.358217320701185)
(None, 3, 15.35988281659817)
(None, 3, 15.361886999438942)
(None, 3, 15.363423064466836)
(None, 3, 15.364994480657213)
(None, 3, 15.366558484507069)
(None, 3, 15.368470868361394)
(None, 3, 15.371554402017981)
(None, 3, 15.373913236843666)
(None, 3, 15.37569105820854)
(None, 3, 15.377459756692772)
(None, 3, 15.379133805290358)
(None, 3, 15.380859170091549)
(None, 3, 15.382505279867171)
(None, 3, 15.384395996879975)
(None, 3, 15.387442468833958)
(None, 3, 15.389588056324666)
(None, 3, 15.391164604135401)
(None, 3, 15.392691546282654)
(None, 3, 15.394183707447464)
(None, 3, 15.39575056219752)
(None, 3, 15.397707420094969)
(None, 3, 15.399205283060178)
(None, 3, 15.400820603113639)
(None, 3, 15.402545967914829)
(None, 3, 15.404433263847393)
(None, 3, 15.407589210369066)
(None, 3, 15.409723964439012)
(None, 3, 15.411465294281323)
(None, 3, 15.413194650342792)
(None, 3, 15.414868128760338)
(None, 3, 15.416567265279685)
(None, 3, 15.419182110943352)
(None, 3, 15.421628753495204)
(None, 3, 15.424429477851927)
(None, 3, 15.426494099776946)
(None, 3, 15.428499422977799)
(None, 3, 15.43001040008393)
(None, 3, 15.431521377190062)
(None, 3, 15.43347139292703)
(None, 3, 15.435025703716205)
(None, 3, 15.436652997550507)
(None, 3, 15.438686829753363)
(None, 3, 15.443131383165548)
(None, 3, 15.448274977306834)
(None, 3, 15.452124832937248)
(None, 3, 15.454482527402853)
(None, 3, 15.457304918601098)
(None, 3, 15.459809149336994)
(None, 3, 15.462491846425428)
(None, 3, 15.464048437934762)
(None, 3, 15.465801741557915)
(None, 3, 15.467549913560706)
(None, 3, 15.469863133983187)
(None, 3, 15.471600472565218)
(None, 3, 15.473886894525815)
(None, 3, 15.475688663452372)
(None, 3, 15.478632502999147)
(None, 3, 15.48156151786488)
(None, 3, 15.483199074939902)
(None, 3, 15.484811544093162)
(None, 3, 15.486439408107504)
(None, 3, 15.488106044364569)
(None, 3, 15.48995399787437)
(None, 3, 15.491616072691112)
(None, 3, 15.494167628370334)
(None, 3, 15.497068704414106)
(None, 3, 15.498753586432452)
(None, 3, 15.500372897746193)
(None, 3, 15.502020147881895)
(None, 3, 15.503629195954915)
(None, 3, 15.506181891994217)
(None, 3, 15.507928923636928)
(None, 3, 15.509618937275635)
(None, 3, 15.51142925890279)
(None, 3, 15.515233500130002)
(None, 3, 15.518880371666157)
(None, 3, 15.52076766759872)
(None, 3, 15.522772990799576)
(None, 3, 15.524610681068655)
(None, 3, 15.526301835067441)
(None, 3, 15.52803119112891)
(None, 3, 15.530394017214876)
(None, 3, 15.533180487070597)
(None, 3, 15.535157301269448)
(None, 3, 15.536765208982388)
(None, 3, 15.5384979861241)
(None, 3, 15.540385282056663)
(None, 3, 15.542731002741426)
(None, 3, 15.544376542337009)
(None, 3, 15.546156644422043)
(None, 3, 15.547943018487517)
(None, 3, 15.550890279114533)
(None, 3, 15.553583239443686)
(None, 3, 15.555175182115505)
(None, 3, 15.557048793727107)
(None, 3, 15.55868292972189)
(None, 3, 15.560258337172545)
(None, 3, 15.561857692184883)
(None, 3, 15.563397178293018)
(None, 3, 15.565771978159823)
(None, 3, 15.568759151389642)
(None, 3, 15.571017064348238)
(None, 3, 15.57277321887159)
(None, 3, 15.574468934310698)
(None, 3, 15.575966227095869)
(None, 3, 15.578244666535905)
(None, 3, 15.579980294577815)
(None, 3, 15.581732457840888)
(None, 3, 15.583466945522717)
(None, 3, 15.585979728959217)
(None, 3, 15.588229089217212)
(None, 3, 15.590740732293629)
(None, 3, 15.592429605572255)
(None, 3, 15.59410593489)
(None, 3, 15.595789676548266)
(None, 3, 15.597589734934703)
(None, 3, 15.599238695610525)
(None, 3, 15.602306264225993)
(None, 3, 15.604788828120368)
(None, 3, 15.606993144155199)
(None, 3, 15.608578244666536)
(None, 3, 15.610085800692426)
(None, 3, 15.6116287078808)
(None, 3, 15.613154509667973)
(None, 3, 15.615590888979105)
(None, 3, 15.617133225987438)
(None, 3, 15.618795870984222)
(None, 3, 15.620334786912315)
(None, 3, 15.62396170214707)
(None, 3, 15.626428871180364)
(None, 3, 15.627976339809058)
(None, 3, 15.629475913314389)
(None, 3, 15.630966363939077)
(None, 3, 15.632463086544208)
(None, 3, 15.63398033563078)
(None, 3, 15.635576269562877)
(None, 3, 15.63710834333049)
(None, 3, 15.640430782423858)
(None, 3, 15.64252391335088)
(None, 3, 15.644095329541257)
(None, 3, 15.64563595600947)
(None, 3, 15.6471355295148)
(None, 3, 15.648668743642492)
(None, 3, 15.650744198988273)
(None, 3, 15.652457019828582)
(None, 3, 15.654113963024965)
(None, 3, 15.657370831413727)
(None, 3, 15.660440110569313)
(None, 3, 15.662684909386988)
(None, 3, 15.664418256708739)
(None, 3, 15.66615616547081)
(None, 3, 15.667825082448033)
(None, 3, 15.669490578345018)
(None, 3, 15.671190855224445)
(None, 3, 15.674065132806335)
(None, 3, 15.676599583084355)
(None, 3, 15.67886262766331)
(None, 3, 15.68047395645649)
(None, 3, 15.682330462666892)
(None, 3, 15.683973151362274)
(None, 3, 15.686152949655384)
(None, 3, 15.687978666143621)
(None, 3, 15.69072864447678)
(None, 3, 15.693719808966879)
(None, 3, 15.69720189847146)
(None, 3, 15.700000912288065)
(None, 3, 15.701742812310416)
(None, 3, 15.703438527749523)
(None, 3, 15.705162752190631)
(None, 3, 15.707072855324798)
(None, 3, 15.708847825789471)
(None, 3, 15.711561882780106)
(None, 3, 15.714224053387097)
(None, 3, 15.715815996058916)
(None, 3, 15.71738399116905)
(None, 3, 15.718913784216504)
(None, 3, 15.720409366461555)
(None, 3, 15.722731709764675)
(None, 3, 15.724247818491166)
(None, 3, 15.725820375041623)
(None, 3, 15.727378677091078)
(None, 3, 15.728955795081855)
(None, 3, 15.731270726044455)
(None, 3, 15.733337058509594)
(None, 3, 15.735556199225467)
(None, 3, 15.737410424715709)
(None, 3, 15.739719083697869)
(None, 3, 15.741617213051192)
(None, 3, 15.743938986174275)
(None, 3, 15.748080203805154)
(None, 3, 15.751673478417546)
(None, 3, 15.754714248571128)
(None, 3, 15.756428779951557)
(None, 3, 15.758678710389592)
(None, 3, 15.760527234079433)
(None, 3, 15.762173343855055)
(None, 3, 15.764550994622061)
(None, 3, 15.766931496289269)
(None, 3, 15.769412919823564)
(None, 3, 15.77144846256654)
(None, 3, 15.773156721966528)
(None, 3, 15.77467739213334)
(None, 3, 15.776203193920512)
(None, 3, 15.777740399308486)
(None, 3, 15.77964137956201)
(None, 3, 15.782577236588224)
(None, 3, 15.784904141331667)
(None, 3, 15.787530390596135)
(None, 3, 15.789409133828098)
(None, 3, 15.790959453356992)
(None, 3, 15.792447053081482)
(None, 3, 15.794940450396616)
(None, 3, 15.796450857322709)
(None, 3, 15.798060475575769)
(None, 3, 15.799654698967746)
(None, 3, 15.801224974798043)
(None, 3, 15.803798767498826)
(None, 3, 15.806866906294331)
(None, 3, 15.808518717870355)
(None, 3, 15.810174520706658)
(None, 3, 15.811780717879477)
(None, 3, 15.813357835870255)
(None, 3, 15.814988550784795)
(None, 3, 15.816545142294132)
(None, 3, 15.818863494336972)
(None, 3, 15.82184610612647)
(None, 3, 15.82437542478413)
(None, 3, 15.825969077996069)
(None, 3, 15.827642556413613)
(None, 3, 15.829299499609997)
(None, 3, 15.831565965269194)
(None, 3, 15.833282207189741)
(None, 3, 15.834959676867568)
(None, 3, 15.836686752208877)
(None, 3, 15.83960094239357)
(None, 3, 15.842797941878127)
(None, 3, 15.84433457708606)
(None, 3, 15.845847834912352)
(None, 3, 15.847343987337442)
(None, 3, 15.848885754165735)
(None, 3, 15.850378485510586)
(None, 3, 15.851899725857436)
(None, 3, 15.8535578094139)
(None, 3, 15.855890415957743)
(None, 3, 15.859179214428748)
(None, 3, 15.86105852784075)
(None, 3, 15.86266187411337)
(None, 3, 15.864299431188392)
(None, 3, 15.866390281395253)
(None, 3, 15.86808770737448)
(None, 3, 15.869764606872266)
(None, 3, 15.871569796879063)
(None, 3, 15.874811840586784)
(None, 3, 15.879233586797367)
(None, 3, 15.881027373203363)
(None, 3, 15.882660368838064)
(None, 3, 15.884268846731043)
(None, 3, 15.885904693265946)
(None, 3, 15.887527995839966)
(None, 3, 15.890612099676593)
(None, 3, 15.892208033608693)
(None, 3, 15.895164417116348)
(None, 3, 15.897245004082489)
(None, 3, 15.898785630550703)
(None, 3, 15.900280642615712)
(None, 3, 15.902191315929919)
(None, 3, 15.90370229303605)
(None, 3, 15.905719019837704)
(None, 3, 15.907471183100776)
(None, 3, 15.909529533045355)
(None, 3, 15.91257999625962)
(None, 3, 15.91502435809131)
(None, 3, 15.916551300238563)
(None, 3, 15.918064558064854)
(None, 3, 15.919564701750225)
(None, 3, 15.921070547235995)
(None, 3, 15.9227491572739)
(None, 3, 15.924262415100191)
(None, 3, 15.926550547600911)
(None, 3, 15.928982365471722)
(None, 3, 15.931260234731718)
(None, 3, 15.932802001560013)
(None, 3, 15.934303855785503)
(None, 3, 15.935806280191033)
(None, 3, 15.937292169375402)
(None, 3, 15.939572889535599)
(None, 3, 15.941206455350342)
(None, 3, 15.942758485419356)
(None, 3, 15.94431279620853)
(None, 3, 15.94592127410151)
(None, 3, 15.948889061209968)
(None, 3, 15.95155807397744)
(None, 3, 15.953265193017348)
(None, 3, 15.955127401028149)
(None, 3, 15.956898380232543)
(None, 3, 15.95859466585169)
(None, 3, 15.960279547870035)
(None, 3, 15.962600180633038)
(None, 3, 15.96516256973302)
(None, 3, 15.967664519748755)
(None, 3, 15.969238786839332)
(None, 3, 15.970784544927906)
(None, 3, 15.97245175136501)
(None, 3, 15.974451372765465)
(None, 3, 15.975962920051636)
(None, 3, 15.977453940856364)
(None, 3, 15.979029348307021)
(None, 3, 15.980581378376035)
(None, 3, 15.98212941718477)
(None, 3, 15.984458602648372)
(None, 3, 15.98685849043694)
(None, 3, 15.988635171441734)
(None, 3, 15.990164964489187)
(None, 3, 15.991683353935839)
(None, 3, 15.99320003284237)
(None, 3, 15.99469846598762)
(None, 3, 15.996244794256235)
(None, 3, 15.998901263062825)
(None, 3, 16.000489214474364)
(None, 3, 16.002802434896843)
(None, 3, 16.005120216759643)
(None, 3, 16.007078785197216)
(None, 3, 16.008935291407614)
(None, 3, 16.01107004547756)
(None, 3, 16.012736111554585)
(None, 3, 16.014421563752972)
(None, 3, 16.016167455035603)
(None, 3, 16.018027382326242)
(None, 3, 16.02063595600947)
(None, 3, 16.023298696796502)
(None, 3, 16.024968754133806)
(None, 3, 16.02663938165115)
(None, 3, 16.028306588088256)
(None, 3, 16.03021098942202)
(None, 3, 16.03171398400759)
(None, 3, 16.033279128217526)
(None, 3, 16.035350592303026)
(None, 3, 16.03735990676416)
(None, 3, 16.04061962605312)
(None, 3, 16.042327885453112)
(None, 3, 16.044320664693082)
(None, 3, 16.046791254806617)
(None, 3, 16.04866486641822)
(None, 3, 16.051943401648504)
(None, 3, 16.05375885489602)
(None, 3, 16.05639365686109)
(None, 3, 16.059421883053794)
(None, 3, 16.060969921862526)
(None, 3, 16.06247120590798)
(None, 3, 16.063979902293948)
(None, 3, 16.065465791478317)
(None, 3, 16.066956242103007)
(None, 3, 16.068438710207136)
(None, 3, 16.070486226730953)
(None, 3, 16.07231878537967)
(None, 3, 16.074854376017772)
(None, 3, 16.07727022884746)
(None, 3, 16.07885761007896)
(None, 3, 16.08035604322421)
(None, 3, 16.082303208060978)
(None, 3, 16.084055371324048)
(None, 3, 16.085720297040993)
(None, 3, 16.087400617619018)
(None, 3, 16.0897195398419)
(None, 3, 16.09244785133354)
(None, 3, 16.095209233267497)
(None, 3, 16.09685534304312)
(None, 3, 16.098535093441104)
(None, 3, 16.10020229987821)
(None, 3, 16.101913410178398)
(None, 3, 16.103568642834663)
(None, 3, 16.106658448471688)
(None, 3, 16.10943636562681)
(None, 3, 16.11209055371324)
(None, 3, 16.11418197410014)
(None, 3, 16.115708346067354)
(None, 3, 16.117225595153926)
(None, 3, 16.11932898932167)
(None, 3, 16.121053213762778)
(None, 3, 16.123009501480187)
(None, 3, 16.124800436985982)
(None, 3, 16.126581109251056)
(None, 3, 16.129340780644895)
(None, 3, 16.131774879235866)
(None, 3, 16.13340730469053)
(None, 3, 16.135086484908474)
(None, 3, 16.13675426152562)
(None, 3, 16.138873050554444)
(None, 3, 16.14042394026338)
(None, 3, 16.143378043050873)
(None, 3, 16.14561656988811)
(None, 3, 16.148334047958983)
(None, 3, 16.15002577213781)
(None, 3, 16.151556705545342)
(None, 3, 16.153098472373635)
(None, 3, 16.15522125266274)
(None, 3, 16.15673565084911)
(None, 3, 16.158234654174404)
(None, 3, 16.159757605061372)
(None, 3, 16.161380337455356)
(None, 3, 16.16304184209206)
(None, 3, 16.165316290271818)
(None, 3, 16.16765973023642)
(None, 3, 16.1692539536284)
(None, 3, 16.17077405361517)
(None, 3, 16.17248459373532)
(None, 3, 16.17401210606261)
(None, 3, 16.17551738136834)
(None, 3, 16.177064849997034)
(None, 3, 16.17917166524502)
(None, 3, 16.180707160092872)
(None, 3, 16.18372626340493)
(None, 3, 16.185610138257257)
(None, 3, 16.18750484653034)
(None, 3, 16.18924902727285)
(None, 3, 16.191226411651744)
(None, 3, 16.192728836057274)
(None, 3, 16.194235251723082)
(None, 3, 16.195763334230417)
(None, 3, 16.197555410096292)
(None, 3, 16.19916673888947)
(None, 3, 16.202801636644786)
(None, 3, 16.204745950581355)
(None, 3, 16.206710790999367)
(None, 3, 16.208429313640075)
(None, 3, 16.21010849385802)
(None, 3, 16.211938771786578)
(None, 3, 16.213621943264805)
(None, 3, 16.21611248967974)
(None, 3, 16.21896738114027)
(None, 3, 16.221081608728774)
(None, 3, 16.222940965839374)
(None, 3, 16.224654356859723)
(None, 3, 16.226769724808307)
(None, 3, 16.22834798315916)
(None, 3, 16.229868083145934)
(None, 3, 16.231385902412544)
(None, 3, 16.232979555624485)
(None, 3, 16.234529875153378)
(None, 3, 16.236760419470052)
(None, 3, 16.24158984440927)
(None, 3, 16.243587755269605)
(None, 3, 16.245658078995024)
(None, 3, 16.247370329655293)
(None, 3, 16.249269599368695)
(None, 3, 16.25370674044036)
(None, 3, 16.26373848806499)
(None, 3, 16.265865259614376)
(None, 3, 16.267745713386457)
(None, 3, 16.269595377436378)
(None, 3, 16.27165087648076)
(None, 3, 16.275602224158302)
(None, 3, 16.278084788052677)
(None, 3, 16.27985177599679)
(None, 3, 16.28147735929097)
(None, 3, 16.283128600686954)
(None, 3, 16.28473422767973)
(None, 3, 16.287322845061556)
(None, 3, 16.290340237833497)
(None, 3, 16.29315407633114)
(None, 3, 16.295256330138805)
(None, 3, 16.29680836020782)
(None, 3, 16.298855306551598)
(None, 3, 16.300387380319208)
(None, 3, 16.30188980472474)
(None, 3, 16.30340876435143)
(None, 3, 16.30536277134868)
(None, 3, 16.307957090530905)
(None, 3, 16.31137646023108)
(None, 3, 16.313375511451497)
(None, 3, 16.31490188341871)
(None, 3, 16.31641628160508)
(None, 3, 16.31792041655073)
(None, 3, 16.319442227077623)
(None, 3, 16.320961756884355)
(None, 3, 16.32404415018086)
(None, 3, 16.327224044264216)
(None, 3, 16.330770564113326)
(None, 3, 16.33255807853888)
(None, 3, 16.334575945700614)
(None, 3, 16.33626253825908)
(None, 3, 16.338280975600856)
(None, 3, 16.341638765856707)
(None, 3, 16.344417253191867)
(None, 3, 16.348746060055923)
(None, 3, 16.352698548093546)
(None, 3, 16.354620625008554)
(None, 3, 16.356273576944655)
(None, 3, 16.357876353037234)
(None, 3, 16.36033268864977)
(None, 3, 16.362353976891743)
(None, 3, 16.364919216891927)
(None, 3, 16.3664678258807)
(None, 3, 16.368001040008394)
(None, 3, 16.369508596034283)
(None, 3, 16.371716903329396)
(None, 3, 16.373331653202815)
(None, 3, 16.374839779408745)
(None, 3, 16.376399221818282)
(None, 3, 16.37798717322982)
(None, 3, 16.37959793184296)
(None, 3, 16.381934529647083)
(None, 3, 16.38433555779573)
(None, 3, 16.385909824886305)
(None, 3, 16.3874629953154)
(None, 3, 16.389268755502236)
(None, 3, 16.390782583508567)
(None, 3, 16.392328341597143)
(None, 3, 16.393836467803073)
(None, 3, 16.396258022433162)
(None, 3, 16.397806061241898)
(None, 3, 16.400514416432134)
(None, 3, 16.402657153022638)
(None, 3, 16.40462826542109)
(None, 3, 16.40672196652815)
(None, 3, 16.408429655748098)
(None, 3, 16.410143046768447)
(None, 3, 16.411847885088196)
(None, 3, 16.413715224719358)
(None, 3, 16.415532388506996)
(None, 3, 16.418863950481004)
(None, 3, 16.420832782159295)
(None, 3, 16.422929904346596)
(None, 3, 16.424490487116213)
(None, 3, 16.42600146422234)
(None, 3, 16.427496476287352)
(None, 3, 16.428994909432603)
(None, 3, 16.43114391800355)
(None, 3, 16.432841914162815)
(None, 3, 16.434912237888234)
(None, 3, 16.437216905610114)
(None, 3, 16.43912529820416)
(None, 3, 16.440798776621705)
(None, 3, 16.44293353069165)
(None, 3, 16.444620693430156)
(None, 3, 16.446312417608983)
(None, 3, 16.448045764930736)
(None, 3, 16.449781392972646)
(None, 3, 16.4515774600988)
(None, 3, 16.45581617851653)
(None, 3, 16.457606543842285)
(None, 3, 16.45931765414247)
(None, 3, 16.46102819426262)
(None, 3, 16.462705663940447)
(None, 3, 16.464392826678953)
(None, 3, 16.466863986972527)
(None, 3, 16.469043215085595)
(None, 3, 16.471000072983045)
(None, 3, 16.473419346892975)
(None, 3, 16.475300370845098)
(None, 3, 16.476858102714512)
(None, 3, 16.47888395239681)
(None, 3, 16.480450807146866)
(None, 3, 16.481960073712877)
(None, 3, 16.48350754234157)
(None, 3, 16.485069265471264)
(None, 3, 16.486697129485606)
(None, 3, 16.489105569974775)
(None, 3, 16.492227875874086)
(None, 3, 16.493933854553912)
(None, 3, 16.4955993504509)
(None, 3, 16.497298486970244)
(None, 3, 16.498975386468032)
(None, 3, 16.500709874149862)
(None, 3, 16.502959234407857)
(None, 3, 16.505334604454703)
(None, 3, 16.507814887628918)
(None, 3, 16.51047477751575)
(None, 3, 16.512208695017538)
(None, 3, 16.51395458630017)
(None, 3, 16.517379657800745)
(None, 3, 16.518985854973568)
(None, 3, 16.522296890466134)
(None, 3, 16.525891875618644)
(None, 3, 16.528729091497933)
(None, 3, 16.53067283525446)
(None, 3, 16.532214031902715)
(None, 3, 16.533717596668325)
(None, 3, 16.535229143954496)
(None, 3, 16.536733849080186)
(None, 3, 16.53899119185874)
(None, 3, 16.541205771134294)
(None, 3, 16.54415246158127)
(None, 3, 16.546386997158223)
(None, 3, 16.547935606146996)
(None, 3, 16.54947110099485)
(None, 3, 16.55177918979697)
(None, 3, 16.55350113351792)
(None, 3, 16.555493912757893)
(None, 3, 16.557266032322367)
(None, 3, 16.559082055749922)
(None, 3, 16.5620116407957)
(None, 3, 16.56479811065142)
(None, 3, 16.566451632767563)
(None, 3, 16.568186120449393)
(None, 3, 16.56986644102742)
(None, 3, 16.57181987784463)
(None, 3, 16.573528707424657)
(None, 3, 16.575715918058286)
(None, 3, 16.578736731910467)
(None, 3, 16.58153175446679)
(None, 3, 16.583582121890807)
(None, 3, 16.585143845020504)
(None, 3, 16.587960534418347)
(None, 3, 16.589668793818337)
(None, 3, 16.59143806248261)
(None, 3, 16.59340062218046)
(None, 3, 16.594974889271036)
(None, 3, 16.596574814463416)
(None, 3, 16.600390459291425)
(None, 3, 16.601963586021924)
(None, 3, 16.6035178968111)
(None, 3, 16.605241551072165)
(None, 3, 16.606742264937576)
(None, 3, 16.608245259523148)
(None, 3, 16.609734569787758)
(None, 3, 16.612017000488073)
(None, 3, 16.614783514042394)
(None, 3, 16.617784941773213)
(None, 3, 16.619972152406845)
(None, 3, 16.621733438550557)
(None, 3, 16.623994202409353)
(None, 3, 16.62570303198938)
(None, 3, 16.627381642027288)
(None, 3, 16.629039725583752)
(None, 3, 16.63077193254542)
(None, 3, 16.63262558785562)
(None, 3, 16.636101405379762)
(None, 3, 16.638071947598174)
(None, 3, 16.640140560783472)
(None, 3, 16.642151015604686)
(None, 3, 16.643977872453007)
(None, 3, 16.645838369923688)
(None, 3, 16.64966997979282)
(None, 3, 16.652466142709223)
(None, 3, 16.65555879924645)
(None, 3, 16.658719877388485)
(None, 3, 16.660260503856698)
(None, 3, 16.66176007736203)
(None, 3, 16.66330070383024)
(None, 3, 16.664857295339576)
(None, 3, 16.666899110062992)
(None, 3, 16.668521272276934)
(None, 3, 16.67183401830962)
(None, 3, 16.674063422266215)
(None, 3, 16.675637119176752)
(None, 3, 16.677157219163522)
(None, 3, 16.678688722751097)
(None, 3, 16.680199129677188)
(None, 3, 16.681696992642397)
(None, 3, 16.683766176007737)
(None, 3, 16.685640927979417)
(None, 3, 16.687791647090485)
(None, 3, 16.690525660382523)
(None, 3, 16.692304051927437)
(None, 3, 16.69384296785553)
(None, 3, 16.695798685392898)
(None, 3, 16.69731821519963)
(None, 3, 16.698817218524923)
(None, 3, 16.700424556057822)
(None, 3, 16.702644837133775)
(None, 3, 16.704500202984093)
(None, 3, 16.70618850608268)
(None, 3, 16.709464190412763)
(None, 3, 16.71102534336242)
(None, 3, 16.712592768292517)
(None, 3, 16.714096903238165)
(None, 3, 16.71560160836386)
(None, 3, 16.717099471329067)
(None, 3, 16.718602465914636)
(None, 3, 16.72108845088925)
(None, 3, 16.723966149551384)
(None, 3, 16.726428186964316)
(None, 3, 16.72840956260349)
(None, 3, 16.729954180331983)
(None, 3, 16.731957222812675)
(None, 3, 16.733688859594306)
(None, 3, 16.73536233801185)
(None, 3, 16.737263888445415)
(None, 3, 16.740012726418495)
(None, 3, 16.74192853135306)
(None, 3, 16.745248689726267)
(None, 3, 16.74688738716137)
(None, 3, 16.748479329833188)
(None, 3, 16.74998802621916)
(None, 3, 16.75150128404545)
(None, 3, 16.753023664752384)
(None, 3, 16.754786661436214)
(None, 3, 16.75689176614408)
(None, 3, 16.759624639076034)
(None, 3, 16.76246641639564)
(None, 3, 16.765241482650563)
(None, 3, 16.767043251577118)
(None, 3, 16.769101601521697)
(None, 3, 16.771383462041975)
(None, 3, 16.773201766189693)
(None, 3, 16.77513125544522)
(None, 3, 16.77687087474741)
(None, 3, 16.77995098732376)
(None, 3, 16.7818365727162)
(None, 3, 16.783407418726537)
(None, 3, 16.78491839583267)
(None, 3, 16.786425951858558)
(None, 3, 16.788130219998266)
(None, 3, 16.789688522047722)
(None, 3, 16.79205647975405)
(None, 3, 16.793863380300962)
(None, 3, 16.79613554776056)
(None, 3, 16.798701357940782)
(None, 3, 16.800227159727957)
(None, 3, 16.80175581241533)
(None, 3, 16.80385008370243)
(None, 3, 16.805521851579854)
(None, 3, 16.807025416345464)
(None, 3, 16.808539244351795)
(None, 3, 16.810059914518607)
(None, 3, 16.81171343663475)
(None, 3, 16.81330138804629)
(None, 3, 16.816195051749542)
(None, 3, 16.817936381591853)
(None, 3, 16.819494683641306)
(None, 3, 16.821198951781014)
(None, 3, 16.822770938151432)
(None, 3, 16.824301301378924)
(None, 3, 16.825829383886255)
(None, 3, 16.82784554050787)
(None, 3, 16.829622791692707)
(None, 3, 16.832462288292152)
(None, 3, 16.834776649074712)
(None, 3, 16.83669302418932)
(None, 3, 16.83859457462288)
(None, 3, 16.84086332100224)
(None, 3, 16.843106979459833)
(None, 3, 16.844891072805147)
(None, 3, 16.84665178876882)
(None, 3, 16.848537944341306)
(None, 3, 16.85092186708875)
(None, 3, 16.853505923030255)
(None, 3, 16.855770678149334)
(None, 3, 16.857336962719348)
(None, 3, 16.8588467994654)
(None, 3, 16.86037374161265)
(None, 3, 16.861896122319585)
(None, 3, 16.863995525227047)
(None, 3, 16.865792162533243)
(None, 3, 16.867611607041038)
(None, 3, 16.87072764095991)
(None, 1, 16.890963330581265)
(None, 1, 16.89265619512017)
(None, 1, 16.894357612359677)
(None, 1, 16.896046485638305)
(None, 1, 16.897779832960055)
(None, 1, 16.90000581583641)
(None, 1, 16.90221982493192)
(None, 1, 16.904702388826294)
(None, 1, 16.908032240260184)
(None, 1, 16.90979466676398)
(None, 1, 16.912058851703012)
(None, 1, 16.913763690022762)
(None, 1, 16.915467387982428)
(None, 1, 16.917142576940094)
(None, 1, 16.9188268887784)
(None, 1, 16.921149802261564)
(None, 1, 16.92411701918998)
(None, 1, 16.926237518758924)
(None, 1, 16.92806608614736)
(None, 1, 16.929766933206828)
(None, 1, 16.9315219473701)
(None, 1, 16.933076258159275)
(None, 1, 16.934594647605927)
(None, 1, 16.937082913300703)
(None, 1, 16.940206359560094)
(None, 1, 16.94362858016047)
(None, 1, 16.94730396069863)
(None, 1, 16.95029455500869)
(None, 1, 16.952198956342453)
(None, 1, 16.954139279018744)
(None, 1, 16.956940573555507)
(None, 1, 16.960611392653345)
(None, 1, 16.963505626536634)
(None, 1, 16.965325641224474)
(None, 1, 16.96704131296498)
(None, 1, 16.968901810435664)
(None, 1, 16.97105538044693)
(None, 1, 16.9732460121608)
(None, 1, 16.97498734200311)
(None, 1, 16.97728972900483)
(None, 1, 16.979394263532654)
(None, 1, 16.980927477660344)
(None, 1, 16.982516569431965)
(None, 1, 16.98445461138809)
(None, 1, 16.98595361471338)
(None, 1, 16.987716611397214)
(None, 1, 16.989225877963225)
(None, 1, 16.99077676767216)
(None, 1, 16.992449675909665)
(None, 1, 16.993988021657717)
(None, 1, 16.997145678719512)
(None, 1, 16.998995342769433)
(None, 1, 17.00054110085801)
(None, 1, 17.00205036742402)
(None, 1, 17.003860118871135)
(None, 1, 17.005382499578065)
(None, 1, 17.006873520382797)
(None, 1, 17.00885603638205)
(None, 1, 17.010990220271953)
(None, 1, 17.01384169065224)
(None, 1, 17.016007804624387)
(None, 1, 17.0179926013438)
(None, 1, 17.020319506087244)
(None, 1, 17.02187609759658)
(None, 1, 17.02339847830351)
(None, 1, 17.02489976234896)
(None, 1, 17.02641302017525)
(None, 1, 17.028446282198068)
(None, 1, 17.029999452627163)
(None, 1, 17.033352681442693)
(None, 1, 17.035682437086333)
(None, 1, 17.037544645097135)
(None, 1, 17.039164526590916)
(None, 1, 17.040798662585697)
(None, 1, 17.042469290103043)
(None, 1, 17.04458864931191)
(None, 1, 17.046327128254017)
(None, 1, 17.048119204119892)
(None, 1, 17.050751155184763)
(None, 1, 17.052982839861514)
(None, 1, 17.054936276678724)
(None, 1, 17.057089276509952)
(None, 1, 17.058773018168218)
(None, 1, 17.060461321266803)
(None, 1, 17.06213879094463)
(None, 1, 17.063857883765376)
(None, 1, 17.06573206555702)
(None, 1, 17.068796213092245)
(None, 1, 17.071067810371805)
(None, 1, 17.07264549854262)
(None, 1, 17.07416046690903)
(None, 1, 17.075705654817565)
(None, 1, 17.077206938863014)
(None, 1, 17.07873160029011)
(None, 1, 17.080677624766796)
(None, 1, 17.082265576178333)
(None, 1, 17.08509366917698)
(None, 1, 17.0880808424068)
(None, 1, 17.090848496321197)
(None, 1, 17.092881188163975)
(None, 1, 17.094395586350345)
(None, 1, 17.09591454597704)
(None, 1, 17.097475698926694)
(None, 1, 17.09897983387234)
(None, 1, 17.10057291690424)
(None, 1, 17.10214490327466)
(None, 1, 17.10573247608665)
(None, 1, 17.10758385067669)
(None, 1, 17.109120485884624)
(None, 1, 17.11067365631372)
(None, 1, 17.112175510539206)
(None, 1, 17.11369789124614)
(None, 1, 17.11520031565167)
(None, 1, 17.117224454793845)
(None, 1, 17.118965784636156)
(None, 1, 17.121379356745685)
(None, 1, 17.124453767521633)
(None, 1, 17.12628746653043)
(None, 1, 17.127890812803052)
(None, 1, 17.130378508317786)
(None, 1, 17.132094750238334)
(None, 1, 17.133902220965293)
(None, 1, 17.13560192766468)
(None, 1, 17.13803545607561)
(None, 1, 17.140080691879266)
(None, 1, 17.143139707794134)
(None, 1, 17.144973406802933)
(None, 1, 17.146722148985763)
(None, 1, 17.148477733329077)
(None, 1, 17.150176299668384)
(None, 1, 17.152020832097943)
(None, 1, 17.1551921734807)
(None, 1, 17.157971230995898)
(None, 1, 17.160630550702688)
(None, 1, 17.162877630240526)
(None, 1, 17.164406282927896)
(None, 1, 17.166909943483756)
(None, 1, 17.168603948382742)
(None, 1, 17.170606990863433)
(None, 1, 17.172377970067828)
(None, 1, 17.174188291694986)
(None, 1, 17.17743603720311)
(None, 1, 17.17966601133974)
(None, 1, 17.181305849134922)
(None, 1, 17.183043187716954)
(None, 1, 17.184761710357662)
(None, 1, 17.186752208877476)
(None, 1, 17.188575074465515)
(None, 1, 17.190703556555018)
(None, 1, 17.19260225608838)
(None, 1, 17.195644166602047)
(None, 1, 17.197837079036077)
(None, 1, 17.199379416044412)
(None, 1, 17.201421800947866)
(None, 1, 17.203345588402993)
(None, 1, 17.20504187402214)
(None, 1, 17.20684706402894)
(None, 1, 17.208433304900357)
(None, 1, 17.210274416249675)
(None, 1, 17.213645890826488)
(None, 1, 17.216239069648633)
(None, 1, 17.21827005095129)
(None, 1, 17.220656254418895)
(None, 1, 17.22243578632389)
(None, 1, 17.224105273481154)
(None, 1, 17.226183009547096)
(None, 1, 17.229082945230786)
(None, 1, 17.232068978100525)
(None, 1, 17.23420487253055)
(None, 1, 17.23602602757847)
(None, 1, 17.238314160079188)
(None, 1, 17.2400611917219)
(None, 1, 17.242003795118347)
(None, 1, 17.244187584671735)
(None, 1, 17.24782818422745)
(None, 1, 17.250843296279232)
(None, 1, 17.254101305028076)
(None, 1, 17.255677282658773)
(None, 1, 17.257180847424383)
(None, 1, 17.258695815790794)
(None, 1, 17.260193678756004)
(None, 1, 17.26245102153456)
(None, 1, 17.264565819303105)
(None, 1, 17.267111673181923)
(None, 1, 17.26925041851215)
(None, 1, 17.27110464400239)
(None, 1, 17.273131634044766)
(None, 1, 17.27466712889262)
(None, 1, 17.276250518863836)
(None, 1, 17.277769478490526)
(None, 1, 17.27927076253598)
(None, 1, 17.280865556107997)
(None, 1, 17.283252329755644)
(None, 1, 17.28724929183639)
(None, 1, 17.29001181413043)
(None, 1, 17.291770249373943)
(None, 1, 17.293448859411846)
(None, 1, 17.295377208307293)
(None, 1, 17.297534199398804)
(None, 1, 17.299423776051526)
(None, 1, 17.30223989526933)
(None, 1, 17.304960224240407)
(None, 1, 17.30685094125321)
(None, 1, 17.308425208343788)
(None, 1, 17.31067399842174)
(None, 1, 17.31237142440097)
(None, 1, 17.314069420560237)
(None, 1, 17.315797066081586)
(None, 1, 17.317606247348664)
(None, 1, 17.31966288675312)
(None, 1, 17.32308282663334)
(None, 1, 17.324865779618573)
(None, 1, 17.326502766513553)
(None, 1, 17.328225280414543)
(None, 1, 17.329907881712728)
(None, 1, 17.33165092209516)
(None, 1, 17.333786816525187)
(None, 1, 17.335492225024975)
(None, 1, 17.33800443828143)
(None, 1, 17.340712223291625)
(None, 1, 17.34282359997993)
(None, 1, 17.344367647528383)
(None, 1, 17.346318803625433)
(None, 1, 17.347823508751123)
(None, 1, 17.349320231356252)
(None, 1, 17.35088537556619)
(None, 1, 17.352444817975723)
(None, 1, 17.354425053254815)
(None, 1, 17.35598335530427)
(None, 1, 17.358766404079752)
(None, 1, 17.360887473828736)
(None, 1, 17.362489109561235)
(None, 1, 17.364180263560023)
(None, 1, 17.36589137386021)
(None, 1, 17.36751866769451)
(None, 1, 17.369963029526204)
(None, 1, 17.371569226699023)
(None, 1, 17.37443324104019)
(None, 1, 17.37732576438336)
(None, 1, 17.379662362187485)
(None, 1, 17.38179141445703)
(None, 1, 17.38353616537958)
(None, 1, 17.38523473171889)
(None, 1, 17.3872195284383)
(None, 1, 17.388905550816727)
(None, 1, 17.390743811265846)
(None, 1, 17.393595851826174)
(None, 1, 17.39561771024819)
(None, 1, 17.397212503820207)
(None, 1, 17.3987799287503)
(None, 1, 17.400278932075594)
(None, 1, 17.401789909181723)
(None, 1, 17.403494747501473)
(None, 1, 17.40567454579458)
(None, 1, 17.408496366812784)
(None, 1, 17.411257748746745)
(None, 1, 17.413833251987647)
(None, 1, 17.415890461572147)
(None, 1, 17.417866705590956)
(None, 1, 17.41951623644682)
(None, 1, 17.421071117416034)
(None, 1, 17.422575822541727)
(None, 1, 17.42409079090814)
(None, 1, 17.42563768935679)
(None, 1, 17.428435562813313)
(None, 1, 17.431566991593265)
(None, 1, 17.433549507592517)
(None, 1, 17.43509697622121)
(None, 1, 17.436816639222002)
(None, 1, 17.438360686770455)
(None, 1, 17.43990815539915)
(None, 1, 17.44188097833772)
(None, 1, 17.443459806868617)
(None, 1, 17.445645306962128)
(None, 1, 17.44834168837152)
(None, 1, 17.450971358716227)
(None, 1, 17.45328286859859)
(None, 1, 17.45504472492234)
(None, 1, 17.456735308741088)
(None, 1, 17.458440147060838)
(None, 1, 17.460182047083187)
(None, 1, 17.461888595943055)
(None, 1, 17.46368637360933)
(None, 1, 17.46655380903074)
(None, 1, 17.46852777232939)
(None, 1, 17.47084327347203)
(None, 1, 17.472384470120286)
(None, 1, 17.47392566676854)
(None, 1, 17.47542695081399)
(None, 1, 17.477477888418047)
(None, 1, 17.479025927226782)
(None, 1, 17.48129638414626)
(None, 1, 17.486453092428466)
(None, 1, 17.48835806394227)
(None, 1, 17.490534441155138)
(None, 1, 17.492251253255727)
(None, 1, 17.493966354816198)
(None, 1, 17.49563584197346)
(None, 1, 17.497360066414572)
(None, 1, 17.499505083725236)
(None, 1, 17.502861733621007)
(None, 1, 17.50494289076719)
(None, 1, 17.506521149118047)
(None, 1, 17.50810396890922)
(None, 1, 17.509613235475232)
(None, 1, 17.511127633661605)
(None, 1, 17.512631768607257)
(None, 1, 17.514582354524265)
(None, 1, 17.518023391065963)
(None, 1, 17.52306150189984)
(None, 1, 17.52654074050422)
(None, 1, 17.528292903767294)
(None, 1, 17.53031932362963)
(None, 1, 17.532000214387693)
(None, 1, 17.53367369280524)
(None, 1, 17.535705814467978)
(None, 1, 17.539174219651596)
(None, 1, 17.541903671503313)
(None, 1, 17.543973995228733)
(None, 1, 17.545569358980792)
(None, 1, 17.54716244201269)
(None, 1, 17.55001334221294)
(None, 1, 17.55175581241533)
(None, 1, 17.55422184108854)
(None, 1, 17.55684809035301)
(None, 1, 17.55891670353831)
(None, 1, 17.560444786045643)
(None, 1, 17.56249230256946)
(None, 1, 17.564029507957432)
(None, 1, 17.56552052876216)
(None, 1, 17.567020672447534)
(None, 1, 17.5685065616319)
(None, 1, 17.57103987154984)
(None, 1, 17.57437200370389)
(None, 1, 17.577344922432708)
(None, 1, 17.578904935022283)
(None, 1, 17.58040678924777)
(None, 1, 17.581908643473263)
(None, 1, 17.583399094097953)
(None, 1, 17.58532003065288)
(None, 1, 17.58709100985727)
(None, 1, 17.588963481108795)
(None, 1, 17.591606835774463)
(None, 1, 17.593968521500347)
(None, 1, 17.5959367829986)
(None, 1, 17.59858697982475)
(None, 1, 17.600275853103376)
(None, 1, 17.601980121243084)
(None, 1, 17.603932417700214)
(None, 1, 17.60560817683792)
(None, 1, 17.607425340625557)
(None, 1, 17.60963535846079)
(None, 1, 17.612497662261834)
(None, 1, 17.614078771512894)
(None, 1, 17.615593739879305)
(None, 1, 17.617099585365075)
(None, 1, 17.618591176349845)
(None, 1, 17.620341629072797)
(None, 1, 17.622441602160297)
(None, 1, 17.624162975701207)
(None, 1, 17.626046850553532)
(None, 1, 17.628523712647507)
(None, 1, 17.63067557211865)
(None, 1, 17.63240207727992)
(None, 1, 17.63445586578418)
(None, 1, 17.636405311341107)
(None, 1, 17.63814036920298)
(None, 1, 17.639810996720325)
(None, 1, 17.64151697540015)
(None, 1, 17.643858704824634)
(None, 1, 17.647649831910925)
(None, 1, 17.65036959070196)
(None, 1, 17.652045349839664)
(None, 1, 17.653982821615752)
(None, 1, 17.65565287895306)
(None, 1, 17.657345743491966)
(None, 1, 17.659507296023794)
(None, 1, 17.661254327666505)
(None, 1, 17.66301618399026)
(None, 1, 17.6660278749618)
(None, 1, 17.66758047521085)
(None, 1, 17.66939706881845)
(None, 1, 17.67139326913866)
(None, 1, 17.672902535704676)
(None, 1, 17.674391275789244)
(None, 1, 17.675905673975613)
(None, 1, 17.677401256220666)
(None, 1, 17.67896982151084)
(None, 1, 17.680509307618973)
(None, 1, 17.68344174356495)
(None, 1, 17.685386627681556)
(None, 1, 17.687804761231405)
(None, 1, 17.68935736148046)
(None, 1, 17.690877461467235)
(None, 1, 17.692386728033245)
(None, 1, 17.694380077453257)
(None, 1, 17.696107152794568)
(None, 1, 17.69798475566645)
(None, 1, 17.700377231114498)
(None, 1, 17.70352063367529)
(None, 1, 17.705327534222207)
(None, 1, 17.70771487804989)
(None, 1, 17.709385505567237)
(None, 1, 17.7110492909241)
(None, 1, 17.712703383220287)
(None, 1, 17.714428177841434)
(None, 1, 17.716251613609515)
(None, 1, 17.719460586874913)
(None, 1, 17.721926045368086)
(None, 1, 17.72346724201634)
(None, 1, 17.72499589470371)
(None, 1, 17.726492617308843)
(None, 1, 17.728028682336735)
(None, 1, 17.729523124221704)
(None, 1, 17.731912748769552)
(None, 1, 17.733689999954386)
(None, 1, 17.73585212266625)
(None, 1, 17.738736663488865)
(None, 1, 17.74032005346008)
(None, 1, 17.741865811548653)
(None, 1, 17.74426170807694)
(None, 1, 17.745773255363112)
(None, 1, 17.747295065890004)
(None, 1, 17.748795209575377)
(None, 1, 17.75033127460327)
(None, 1, 17.75196655095813)
(None, 1, 17.75379511834657)
(None, 1, 17.75669448385022)
(None, 1, 17.758543007540062)
(None, 1, 17.760131529131638)
(None, 1, 17.76165390983857)
(None, 1, 17.763175720365464)
(None, 1, 17.764679855311112)
(None, 1, 17.76717439298633)
(None, 1, 17.768861555724836)
(None, 1, 17.770811001281764)
(None, 1, 17.772697727034288)
(None, 1, 17.775210510470785)
(None, 1, 17.776911357530253)
(None, 1, 17.779689274685374)
(None, 1, 17.78146937677041)
(None, 1, 17.78298320477674)
(None, 1, 17.78447365540143)
(None, 1, 17.786715603318903)
(None, 1, 17.789492380113945)
(None, 1, 17.792944250076403)
(None, 1, 17.795021415962303)
(None, 1, 17.796544937029317)
(None, 1, 17.798046791254805)
(None, 1, 17.799534961159335)
(None, 1, 17.801031683764464)
(None, 1, 17.80319437665637)
(None, 1, 17.804840486431996)
(None, 1, 17.8067283525446)
(None, 1, 17.8092953030849)
(None, 1, 17.81215931742607)
(None, 1, 17.813820822062773)
(None, 1, 17.816004611616165)
(None, 1, 17.81767181805327)
(None, 1, 17.81962924613076)
(None, 1, 17.821305005268464)
(None, 1, 17.82297677314589)
(None, 1, 17.824820165215367)
(None, 1, 17.827636854613214)
(None, 1, 17.82967752897655)
(None, 1, 17.831469034662383)
(None, 1, 17.833156197400893)
(None, 1, 17.834823974018036)
(None, 1, 17.8367226735514)
(None, 1, 17.838982297050116)
(None, 1, 17.84190104867513)
(None, 1, 17.844863704163227)
(None, 1, 17.848384565910532)
(None, 1, 17.851733233285742)
(None, 1, 17.85366101200115)
(None, 1, 17.855337341318894)
(None, 1, 17.85700340739592)
(None, 1, 17.858693421034626)
(None, 1, 17.861239274913448)
(None, 1, 17.86510452540494)
(None, 1, 17.86750384301347)
(None, 1, 17.869444165689757)
(None, 1, 17.871142161849026)
(None, 1, 17.873458233171707)
(None, 1, 17.87580680475667)
(None, 1, 17.879039725583752)
(None, 1, 17.882240146148547)
(None, 1, 17.885822017160137)
(None, 1, 17.888303440694433)
(None, 1, 17.8900156913547)
(None, 1, 17.891634432488402)
(None, 1, 17.893249752541863)
(None, 1, 17.894859940974964)
(None, 1, 17.89653798083283)
(None, 1, 17.89907243111085)
(None, 1, 17.90244390568766)
(None, 1, 17.90488313589899)
(None, 1, 17.906417490386765)
(None, 1, 17.907913072631814)
(None, 1, 17.909437734058905)
(None, 1, 17.91156051434801)
(None, 1, 17.91339535371689)
(None, 1, 17.91560309083196)
(None, 1, 17.918079382745894)
(None, 1, 17.92076892199481)
(None, 1, 17.92286205292183)
(None, 1, 17.924664392028426)
(None, 1, 17.92633045810545)
(None, 1, 17.927988541661914)
(None, 1, 17.92964149359802)
(None, 1, 17.93127791031296)
(None, 1, 17.933063714198394)
(None, 1, 17.93622650288055)
(None, 1, 17.938397748473058)
(None, 1, 17.93993153278079)
(None, 1, 17.94153145797317)
(None, 1, 17.943089760022623)
(None, 1, 17.944599596768676)
(None, 1, 17.946556454666126)
(None, 1, 17.948270986046555)
(None, 1, 17.94995415752478)
(None, 1, 17.952293036049063)
(None, 1, 17.955281349638962)
(None, 1, 17.957174917551967)
(None, 1, 17.95927888189975)
(None, 1, 17.960961483197934)
(None, 1, 17.9626395230558)
(None, 1, 17.964309010213064)
(None, 1, 17.96597849737033)
(None, 1, 17.968410885421182)
(None, 1, 17.971212750137983)
(None, 1, 17.97350145281874)
(None, 1, 17.975372213530143)
(None, 1, 17.976900296037478)
(None, 1, 17.978414694223847)
(None, 1, 17.97990913610882)
(None, 1, 17.981414411414548)
(None, 1, 17.98337469039224)
(None, 1, 17.98489307983889)
(None, 1, 17.987120773255363)
(None, 1, 17.98868363674514)
(None, 1, 17.991281377007603)
(None, 1, 17.993242796345374)
(None, 1, 17.99517342596098)
(None, 1, 17.99667699072659)
(None, 1, 17.998191959093003)
(None, 1, 17.999689251878173)
(None, 1, 18.001191676283703)
(None, 1, 18.002933576306056)
(None, 1, 18.004895565823865)
(None, 1, 18.008320067144403)
(None, 1, 18.010544909660673)
(None, 1, 18.01211347495085)
(None, 1, 18.013669496280144)
(None, 1, 18.015178192666117)
(None, 1, 18.016670924010967)
(None, 1, 18.018845590683714)
(None, 1, 18.020600604846987)
(None, 1, 18.022349347029817)
(None, 1, 18.024163089737215)
(None, 1, 18.027152543687194)
(None, 1, 18.029123656085645)
(None, 1, 18.031440867768406)
(None, 1, 18.033139434107714)
(None, 1, 18.03484256188734)
(None, 1, 18.036716743678983)
(None, 1, 18.038471757842256)
(None, 1, 18.0401509380602)
(None, 1, 18.04189112754243)
(None, 1, 18.045153697731596)
(None, 1, 18.047222881096936)
(None, 1, 18.048858157451797)
(None, 1, 18.050549881630623)
(None, 1, 18.05250388862787)
(None, 1, 18.055301762084397)
(None, 1, 18.056820721711087)
(None, 1, 18.05835678673898)
(None, 1, 18.059851228623952)
(None, 1, 18.061398697252645)
(None, 1, 18.062894849677733)
(None, 1, 18.064402975883667)
(None, 1, 18.065892856328315)
(None, 1, 18.0680538386801)
(None, 1, 18.070644736782086)
(None, 1, 18.126380976057)
(None, 1, 18.128504326526144)
(None, 1, 18.131493780476124)
(None, 1, 18.13447696244566)
(None, 1, 18.137264572661465)
(None, 1, 18.140627494537675)
(None, 1, 18.14240531590255)
(None, 1, 18.14518551377783)
(None, 1, 18.148471461348635)
(None, 1, 18.15027722153547)
(None, 1, 18.152967330964426)
(None, 1, 18.156239024034228)
(None, 1, 18.158433076828338)
(None, 1, 18.15995260663507)
(None, 1, 18.161460732841)
(None, 1, 18.162969999407014)
(None, 1, 18.165104753476957)
(None, 1, 18.16754056260805)
(None, 1, 18.170473568734064)
(None, 1, 18.17401894822309)
(None, 1, 18.17667598720972)
(None, 1, 18.178414466151832)
(None, 1, 18.180082812949017)
(None, 1, 18.181756861546603)
(None, 1, 18.18348165616775)
(None, 1, 18.18553772539217)
(None, 1, 18.187648531900432)
(None, 1, 18.189186877648485)
(None, 1, 18.1907103987155)
(None, 1, 18.192243612843193)
(None, 1, 18.193756870669482)
(None, 1, 18.195267277595573)
(None, 1, 18.196772552901304)
(None, 1, 18.198275547486876)
(None, 1, 18.200339599231853)
(None, 1, 18.20228904478878)
(None, 1, 18.20412958595806)
(None, 1, 18.20595188136606)
(None, 1, 18.208696157898817)
(None, 1, 18.210639901655348)
(None, 1, 18.21275355906381)
(None, 1, 18.21446067810372)
(None, 1, 18.21611248967974)
(None, 1, 18.217914828786338)
(None, 1, 18.219971468190796)
(None, 1, 18.2220771430787)
(None, 1, 18.225030105506114)
(None, 1, 18.227861619585)
(None, 1, 18.229416500554215)
(None, 1, 18.230924626760146)
(None, 1, 18.23245670052776)
(None, 1, 18.23397737069457)
(None, 1, 18.236211336091483)
(None, 1, 18.237728014998016)
(None, 1, 18.23929543992811)
(None, 1, 18.240845189276968)
(None, 1, 18.242477614731627)
(None, 1, 18.2456107540517)
(None, 1, 18.247977571397943)
(None, 1, 18.24952789092684)
(None, 1, 18.25103316623257)
(None, 1, 18.252806996337164)
(None, 1, 18.254361307126338)
(None, 1, 18.25647439435476)
(None, 1, 18.259170775764154)
(None, 1, 18.262380319209594)
(None, 1, 18.264392484570926)
(None, 1, 18.265957628780864)
(None, 1, 18.267480009487794)
(None, 1, 18.26913410178398)
(None, 1, 18.27097350259318)
(None, 1, 18.273072335320602)
(None, 1, 18.274717304736143)
(None, 1, 18.276556705545342)
(None, 1, 18.27966760784385)
(None, 1, 18.282298418548642)
(None, 1, 18.28437615461458)
(None, 1, 18.286131738957895)
(None, 1, 18.287655260024906)
(None, 1, 18.289141149209275)
(None, 1, 18.290641863074683)
(None, 1, 18.292127752259052)
(None, 1, 18.29401960963194)
(None, 1, 18.29715845075241)
(None, 1, 18.299776147316276)
(None, 1, 18.301800856638494)
(None, 1, 18.303778241017383)
(None, 1, 18.305320007845676)
(None, 1, 18.30681787081089)
(None, 1, 18.308774728708336)
(None, 1, 18.310345574718674)
(None, 1, 18.31192098216933)
(None, 1, 18.313514635381267)
(None, 1, 18.315769127259625)
(None, 1, 18.31857840431695)
(None, 1, 18.320860835017264)
(None, 1, 18.322387206984477)
(None, 1, 18.323881078689407)
(None, 1, 18.32538407327498)
(None, 1, 18.326878515159947)
(None, 1, 18.328447080450122)
(None, 1, 18.3304883249935)
(None, 1, 18.333766860223783)
(None, 1, 18.336433022091054)
(None, 1, 18.33808198276688)
(None, 1, 18.339776557845905)
(None, 1, 18.341464290764453)
(None, 1, 18.343201059166443)
(None, 1, 18.345203531467096)
(None, 1, 18.346759552796392)
(None, 1, 18.34833553042709)
(None, 1, 18.34987159545498)
(None, 1, 18.353175218607028)
(None, 1, 18.354881767466896)
(None, 1, 18.35687682742703)
(None, 1, 18.35840890119464)
(None, 1, 18.35989821145925)
(None, 1, 18.36140120604482)
(None, 1, 18.36288937594935)
(None, 1, 18.364473906280647)
(None, 1, 18.366519712264346)
(None, 1, 18.369684211486618)
(None, 1, 18.371918747063575)
(None, 1, 18.374334599893263)
(None, 1, 18.3759025950034)
(None, 1, 18.37740844048917)
(None, 1, 18.378899461293898)
(None, 1, 18.380826099649227)
(None, 1, 18.382330804774917)
(None, 1, 18.384005993732583)
(None, 1, 18.38688540293483)
(None, 1, 18.389467178156174)
(None, 1, 18.392087725620243)
(None, 1, 18.393850152124035)
(None, 1, 18.395540165762743)
(None, 1, 18.397203951119607)
(None, 1, 18.3989806321244)
(None, 1, 18.400744198988274)
(None, 1, 18.403243868283848)
(None, 1, 18.406077663082893)
(None, 1, 18.408287110738087)
(None, 1, 18.40982602666618)
(None, 1, 18.41134042485255)
(None, 1, 18.41282859475708)
(None, 1, 18.414335010422892)
(None, 1, 18.416352307404587)
(None, 1, 18.418354209525198)
(None, 1, 18.42010295170803)
(None, 1, 18.421973712419433)
(None, 1, 18.42456347016134)
(None, 1, 18.42654313526039)
(None, 1, 18.428568414762644)
(None, 1, 18.430070839168177)
(None, 1, 18.43161317617651)
(None, 1, 18.433112179501798)
(None, 1, 18.43497096643236)
(None, 1, 18.43797866614362)
(None, 1, 18.44178347755087)
(None, 1, 18.445183461129687)
(None, 1, 18.449151914208432)
(None, 1, 18.451283817378176)
(None, 1, 18.453567958618613)
(None, 1, 18.45525455117708)
(None, 1, 18.45732715562266)
(None, 1, 18.459662042886663)
(None, 1, 18.46192736818578)
(None, 1, 18.464169316103252)
(None, 1, 18.465923189906444)
(None, 1, 18.46796728535002)
(None, 1, 18.46967212366977)
(None, 1, 18.471350733707677)
(None, 1, 18.473047589506862)
(None, 1, 18.47576050613742)
(None, 1, 18.47795113785129)
(None, 1, 18.480463921287786)
(None, 1, 18.481994284515277)
(None, 1, 18.483566270885696)
(None, 1, 18.485654270192356)
(None, 1, 18.48723423908333)
(None, 1, 18.489422019897003)
(None, 1, 18.491150235598393)
(None, 1, 18.49299362766787)
(None, 1, 18.494997810508647)
(None, 1, 18.497727262360364)
(None, 1, 18.499257055407817)
(None, 1, 18.501527512327293)
(None, 1, 18.503053884294506)
(None, 1, 18.50459622130284)
(None, 1, 18.506098075528328)
(None, 1, 18.50760791227438)
(None, 1, 18.50911261740007)
(None, 1, 18.511113379160605)
(None, 1, 18.514365115929007)
(None, 1, 18.518338130448072)
(None, 1, 18.521486094449184)
(None, 1, 18.524663137632338)
(None, 1, 18.526329773889405)
(None, 1, 18.527960488803945)
(None, 1, 18.530266867065944)
(None, 1, 18.532530481824942)
(None, 1, 18.53496515059595)
(None, 1, 18.53703547432137)
(None, 1, 18.538695268417957)
(None, 1, 18.540297474330494)
(None, 1, 18.541919636544435)
(None, 1, 18.543541798758376)
(None, 1, 18.545155408271714)
(None, 1, 18.546858536051342)
(None, 1, 18.549572022861938)
(None, 1, 18.552567178612318)
(None, 1, 18.55410381382025)
(None, 1, 18.555641019208224)
(None, 1, 18.557138311993395)
(None, 1, 18.558647008379367)
(None, 1, 18.56077035884851)
(None, 1, 18.56260804911759)
(None, 1, 18.564198281249286)
(None, 1, 18.565791364281186)
(None, 1, 18.5673490961506)
(None, 1, 18.569916616870945)
(None, 1, 18.572565673337014)
(None, 1, 18.57425739751584)
(None, 1, 18.576050043561754)
(None, 1, 18.57772523251942)
(None, 1, 18.579388447696246)
(None, 1, 18.581084733315393)
(None, 1, 18.58300738041044)
(None, 1, 18.586297319241524)
(None, 1, 18.588951507327955)
(None, 1, 18.591169507683745)
(None, 1, 18.592893161944815)
(None, 1, 18.59456378946216)
(None, 1, 18.597149555943783)
(None, 1, 18.59867991917128)
(None, 1, 18.601566170534007)
(None, 1, 18.60310622682218)
(None, 1, 18.60515773460628)
(None, 1, 18.607993239945444)
(None, 1, 18.61012286239503)
(None, 1, 18.611820288374258)
(None, 1, 18.613523416153885)
(None, 1, 18.61518777169079)
(None, 1, 18.616979277376625)
(None, 1, 18.619174470530815)
(None, 1, 18.621648481724588)
(None, 1, 18.624917894074233)
(None, 1, 18.626699706699387)
(None, 1, 18.628374895657053)
(None, 1, 18.630082584877)
(None, 1, 18.631749791314107)
(None, 1, 18.633899940245133)
(None, 1, 18.63593890406835)
(None, 1, 18.63766198814938)
(None, 1, 18.63964222342847)
(None, 1, 18.642394482481787)
(None, 1, 18.64394765291088)
(None, 1, 18.6459809149337)
(None, 1, 18.647510137801113)
(None, 1, 18.64901313238668)
(None, 1, 18.650568583535936)
(None, 1, 18.652189605389797)
(None, 1, 18.653957733693993)
(None, 1, 18.656055426061332)
(None, 1, 18.659158916019322)
(None, 1, 18.6614379256394)
(None, 1, 18.663028727951136)
(None, 1, 18.66455966135867)
(None, 1, 18.666074059545043)
(None, 1, 18.66774582742247)
(None, 1, 18.669795624666445)
(None, 1, 18.671512436767035)
(None, 1, 18.67366429623818)
(None, 1, 18.676819672579814)
(None, 1, 18.68013184843246)
(None, 1, 18.682203882698)
(None, 1, 18.68392240533871)
(None, 1, 18.68556338349397)
(None, 1, 18.687073220240023)
(None, 1, 18.688613276528198)
(None, 1, 18.690134516875048)
(None, 1, 18.691740714047867)
(None, 1, 18.69419362858016)
(None, 1, 18.696305005268464)
(None, 1, 18.698296073968315)
(None, 1, 18.699916525642138)
(None, 1, 18.7018294796765)
(None, 1, 18.70356852879865)
(None, 1, 18.70564113324423)
(None, 1, 18.707151540170326)
(None, 1, 18.70871668438026)
(None, 1, 18.710265293369034)
(None, 1, 18.71184127099973)
(None, 1, 18.71402392019304)
(None, 1, 18.715928321526807)
(None, 1, 18.7186389574372)
(None, 1, 18.72025826875094)
(None, 1, 18.72186275538364)
(None, 1, 18.723539084701386)
(None, 1, 18.725139009893763)
(None, 1, 18.727659205670783)
(None, 1, 18.730313963937252)
(None, 1, 18.732881484657597)
(None, 1, 18.735750630619123)
(None, 1, 18.73729581852766)
(None, 1, 18.73907363989253)
(None, 1, 18.74120782378244)
(None, 1, 18.743042092971276)
(None, 1, 18.74618150427179)
(None, 1, 18.749055781853677)
(None, 1, 18.751967121138172)
(None, 1, 18.756839309580393)
(None, 1, 18.758843492421168)
(None, 1, 18.7608471050819)
(None, 1, 18.76256049610225)
(None, 1, 18.764919901107973)
(None, 1, 18.77422295864142)
(None, 1, 18.77930212243818)
(None, 1, 18.78169573824631)
(None, 1, 18.78379970259409)
(None, 1, 18.78698643883793)
(None, 1, 18.790548353548115)
(None, 1, 18.792606703492694)
(None, 1, 18.794139347440346)
(None, 1, 18.795683394988803)
(None, 1, 18.797190380834653)
(None, 1, 18.798744121443786)
(None, 1, 18.801368660168134)
(None, 1, 18.80452403650977)
(None, 1, 18.807143443613757)
(None, 1, 18.808981704062877)
(None, 1, 18.810823955772275)
(None, 1, 18.81262116325851)
(None, 1, 18.814859690095744)
(None, 1, 18.816806284752474)
(None, 1, 18.82011503952488)
(None, 1, 18.823855420587606)
(None, 1, 18.826930401543592)
(None, 1, 18.828679143726422)
(None, 1, 18.83037828024577)
(None, 1, 18.83211219774756)
(None, 1, 18.834270899379188)
(None, 1, 18.836102317667827)
(None, 1, 18.8385592234604)
(None, 1, 18.84095626034877)
(None, 1, 18.84297298715042)
(None, 1, 18.84458374576356)
(None, 1, 18.846236697699666)
(None, 1, 18.847846315952726)
(None, 1, 18.849447381505183)
(None, 1, 18.8519191119788)
(None, 1, 18.853707766764433)
(None, 1, 18.855437693005943)
(None, 1, 18.85831767238823)
(None, 1, 18.860435321056976)
(None, 1, 18.862643058172047)
(None, 1, 18.864341624511354)
(None, 1, 18.866053304991585)
(None, 1, 18.868029549010394)
(None, 1, 18.869748641831144)
(None, 1, 18.871390760346486)
(None, 1, 18.874939560915756)
(None, 1, 18.877744846712798)
(None, 1, 18.8800740321764)
(None, 1, 18.881719001591943)
(None, 1, 18.88341984865141)
(None, 1, 18.885244424779568)
(None, 1, 18.887513171158925)
(None, 1, 18.889234544699836)
(None, 1, 18.891303728065175)
(None, 1, 18.893657431270498)
(None, 1, 18.896077845540507)
(None, 1, 18.897611629848242)
(None, 1, 18.900049149519454)
(None, 1, 18.901792189901883)
(None, 1, 18.903304307368096)
(None, 1, 18.905463579179763)
(None, 1, 18.907015609248777)
(None, 1, 18.909075099553434)
(None, 1, 18.912184861491866)
(None, 1, 18.914415405808537)
(None, 1, 18.916129367008928)
(None, 1, 18.91811872516866)
(None, 1, 18.91982299330837)
(None, 1, 18.921518138567436)
(None, 1, 18.92376692864539)
(None, 1, 18.925450100123616)
(None, 1, 18.92743945828335)
(None, 1, 18.92975838050623)
(None, 1, 18.932014012744663)
(None, 1, 18.93439337405179)
(None, 1, 18.936034922387094)
(None, 1, 18.937578399755505)
(None, 1, 18.93909507866204)
(None, 1, 18.94060035396777)
(None, 1, 18.9421170328743)
(None, 1, 18.943709545726158)
(None, 1, 18.946651104552775)
(None, 1, 18.949413056666774)
(None, 1, 18.95179355833398)
(None, 1, 18.953473878912007)
(None, 1, 18.955158760930352)
(None, 1, 18.95686131852994)
(None, 1, 18.958962431977522)
(None, 1, 18.96066555975715)
(None, 1, 18.962372108617018)
(None, 1, 18.96413510530085)
(None, 1, 18.966976882620457)
(None, 1, 18.969395586350345)
(None, 1, 18.97186104484352)
(None, 1, 18.973418206532894)
(None, 1, 18.974946859220267)
(None, 1, 18.97645669596632)
(None, 1, 18.97797679595309)
(None, 1, 18.979520843501543)
(None, 1, 18.981148707515885)
(None, 1, 18.983672894553184)
(None, 1, 18.98629629291745)
(None, 1, 18.988272536936265)
(None, 1, 18.989953427694328)
(None, 1, 18.991656555473956)
(None, 1, 18.993371086854385)
(None, 1, 18.99539408563648)
(None, 1, 18.996940984085136)
(None, 1, 18.998898412162625)
(None, 1, 19.0011745708825)
(None, 1, 19.003410246819534)
(None, 1, 19.006263997919984)
(None, 1, 19.00793234471717)
(None, 1, 19.00955222621095)
(None, 1, 19.01119092364605)
(None, 1, 19.012814226220073)
(None, 1, 19.01466103936979)
(None, 1, 19.016685178511967)
(None, 1, 19.020198627918752)
(None, 1, 19.02271369207541)
(None, 1, 19.024521732982407)
(None, 1, 19.026265913724917)
(None, 1, 19.027947944843064)
(None, 1, 19.029624844340848)
(None, 1, 19.031782975792435)
(None, 1, 19.033938826523862)
(None, 1, 19.037071395663894)
(None, 1, 19.040187429582765)
(None, 1, 19.04402645179242)
(None, 1, 19.04737625952771)
(None, 1, 19.049390135429164)
(None, 1, 19.051149140852715)
(None, 1, 19.05319209593621)
(None, 1, 19.055411236652084)
(None, 1, 19.057705641133243)
(None, 1, 19.059571270224286)
(None, 1, 19.061127291553582)
(None, 1, 19.062639979199833)
(None, 1, 19.064161789726725)
(None, 1, 19.065671056292736)
(None, 1, 19.068096032003066)
(None, 1, 19.069682272874484)
(None, 1, 19.071826149825068)
(None, 1, 19.07473121712912)
(None, 1, 19.07739395791615)
(None, 1, 19.079757924362198)
(None, 1, 19.08153232464683)
(None, 1, 19.083314137271984)
(None, 1, 19.085188889243668)
(None, 1, 19.08695644736782)
(None, 1, 19.08869093504965)
(None, 1, 19.091180911284546)
(None, 1, 19.094046065985797)
(None, 1, 19.096129503852136)
(None, 1, 19.097697498962273)
(None, 1, 19.099312819015733)
(None, 1, 19.10125029079182)
(None, 1, 19.103245350751955)
(None, 1, 19.104755187498004)
(None, 1, 19.106355682870422)
(None, 1, 19.10793394122128)
(None, 1, 19.10946658516893)
(None, 1, 19.112131036496084)
(None, 1, 19.114784654402474)
(None, 1, 19.11692168919258)
(None, 1, 19.118619685351845)
(None, 1, 19.120323383311515)
(None, 1, 19.12200142316938)
(None, 1, 19.123662357626046)
(None, 1, 19.125498907535043)
(None, 1, 19.12810463031807)
(None, 1, 19.131055312025325)
(None, 1, 19.132577122552217)
(None, 1, 19.134264855470764)
(None, 1, 19.1358414032815)
(None, 1, 19.137378038489434)
(None, 1, 19.1395202048999)
(None, 1, 19.141040304886673)
(None, 1, 19.142587203335324)
(None, 1, 19.144202523388785)
(None, 1, 19.14597350259318)
(None, 1, 19.148903087638953)
(None, 1, 19.153428036436786)
(None, 1, 19.15553428150473)
(None, 1, 19.157135917237227)
(None, 1, 19.15864917506352)
(None, 1, 19.161283977028585)
(None, 1, 19.16464803926488)
(None, 1, 19.168645001345624)
(None, 1, 19.170748395513368)
(None, 1, 19.172460075993595)
(None, 1, 19.174172896833905)
(None, 1, 19.176248922359726)
(None, 1, 19.177946348338953)
(None, 1, 19.179720748623584)
(None, 1, 19.181667343280314)
(None, 1, 19.18528912689471)
(None, 1, 19.187528223911983)
(None, 1, 19.189076262720718)
(None, 1, 19.190573555505885)
(None, 1, 19.19210106783318)
(None, 1, 19.19360805367903)
(None, 1, 19.1951138991648)
(None, 1, 19.196648253652572)
(None, 1, 19.200008324628584)
(None, 1, 19.202673916315817)
(None, 1, 19.204722003019672)
(None, 1, 19.206339033613254)
(None, 1, 19.207973739788077)
(None, 1, 19.209564542099812)
(None, 1, 19.21162574294459)
(None, 1, 19.21345659105319)
(None, 1, 19.215147174871937)
(None, 1, 19.21884878369194)
(None, 1, 19.221224153738785)
(None, 1, 19.223921675508258)
(None, 1, 19.22564875084957)
(None, 1, 19.22738095781124)
(None, 1, 19.229094919011626)
(None, 1, 19.23075870436849)
(None, 1, 19.232403673784034)
(None, 1, 19.234828079314326)
(None, 1, 19.237843191366107)
(None, 1, 19.24011649918578)
(None, 1, 19.241895460910737)
(None, 1, 19.243582053469204)
(None, 1, 19.245286321608912)
(None, 1, 19.247391996496813)
(None, 1, 19.2490631941942)
(None, 1, 19.251061105054532)
(None, 1, 19.252934146486094)
(None, 1, 19.255242805468253)
(None, 1, 19.258327479484922)
(None, 1, 19.260686314310608)
(None, 1, 19.262504048278284)
(None, 1, 19.26417581615571)
(None, 1, 19.266039164526592)
(None, 1, 19.26806558438893)
(None, 1, 19.2700697672297)
(None, 1, 19.27249246221987)
(None, 1, 19.27548932851037)
(None, 1, 19.277051051640065)
(None, 1, 19.278624178370563)
(None, 1, 19.28021098942202)
(None, 1, 19.281716264727752)
(None, 1, 19.283829922136213)
(None, 1, 19.285356294103426)
(None, 1, 19.2868792449904)
(None, 1, 19.2885036879245)
(None, 1, 19.29013611337916)
(None, 1, 19.292699642839224)
(None, 1, 19.295691377509364)
(None, 1, 19.29740932997003)
(None, 1, 19.2991215806303)
(None, 1, 19.30108984212855)
(None, 1, 19.302773583786816)
(None, 1, 19.30452403650977)
(None, 1, 19.30686348521409)
(None, 1, 19.309684165872216)
(None, 1, 19.31258695245611)
(None, 1, 19.314259290513572)
(None, 1, 19.316005181796204)
(None, 1, 19.317853705486044)
(None, 1, 19.31999929297675)
(None, 1, 19.321875755488552)
(None, 1, 19.324063536302223)
(None, 1, 19.325840217307018)
(None, 1, 19.328241245455665)
(None, 1, 19.33039025402661)
(None, 1, 19.332410972088546)
(None, 1, 19.33431993486263)
(None, 1, 19.335849727910084)
(None, 1, 19.337559127670154)
(None, 1, 19.339528529528483)
(None, 1, 19.34236859630797)
(None, 1, 19.346017178384248)
(None, 1, 19.347753376606196)
(None, 1, 19.350619671667527)
(None, 1, 19.352668328551424)
(None, 1, 19.35436233345041)
(None, 1, 19.35643835897623)
(None, 1, 19.357976704724283)
(None, 1, 19.359605138918663)
(None, 1, 19.362020991748356)
(None, 1, 19.36498022615621)
(None, 1, 19.36820288374257)
(None, 1, 19.369823335416392)
(None, 1, 19.371468875011974)
(None, 1, 19.373175423871842)
(None, 1, 19.374793024645463)
(None, 1, 19.376436283520885)
(None, 1, 19.378161648322074)
(None, 1, 19.380436096501832)
(None, 1, 19.383251075359556)
(None, 1, 19.385690875750928)
(None, 1, 19.38734040660679)
(None, 1, 19.38906577140798)
(None, 1, 19.390755214866648)
(None, 1, 19.392911065598074)
(None, 1, 19.394622175898263)
(None, 1, 19.396396576182894)
(None, 1, 19.39819321348909)
(None, 1, 19.401206615000753)
(None, 1, 19.403772995361017)
(None, 1, 19.405464719539843)
(None, 1, 19.40715986479891)
(None, 1, 19.408823079975733)
(None, 1, 19.41049085659288)
(None, 1, 19.412239028595668)
(None, 1, 19.413907375392853)
(None, 1, 19.416469194312796)
(None, 1, 19.419202067244754)
(None, 1, 19.42133454059454)
(None, 1, 19.423069598456408)
(None, 1, 19.424792682537436)
(None, 1, 19.426503222657587)
(None, 1, 19.428559862062045)
(None, 1, 19.430075400608494)
(None, 1, 19.43162115869707)
(None, 1, 19.43349077904839)
(None, 1, 19.43507701991981)
(None, 1, 19.437789936550367)
(None, 1, 19.440407633114233)
(None, 1, 19.44210163801322)
(None, 1, 19.443775686610802)
(None, 1, 19.44548223547067)
(None, 1, 19.44716483676886)
(None, 1, 19.448867964548487)
(None, 1, 19.451859129038585)
(None, 1, 19.454274981868274)
(None, 1, 19.456694255778203)
(None, 1, 19.458456682281998)
(None, 1, 19.4601210378189)
(None, 1, 19.461804209297128)
(None, 1, 19.463873962842506)
(None, 1, 19.465581081882416)
(None, 1, 19.46839948182038)
(None, 1, 19.47025712839086)
(None, 1, 19.472188898366547)
(None, 1, 19.474804314210257)
(None, 1, 19.476911129458237)
(None, 1, 19.478610836157625)
(None, 1, 19.480227296571165)
(None, 1, 19.481891652108068)
(None, 1, 19.483833685324477)
(None, 1, 19.485876640407977)
(None, 1, 19.48867565422458)
(None, 1, 19.49091190034165)
(None, 1, 19.49331920047074)
(None, 1, 19.49494136268468)
(None, 1, 19.49667471000643)
(None, 1, 19.49836358328506)
(None, 1, 19.500625487503935)
(None, 1, 19.50219519315419)
(None, 1, 19.503728407281884)
(None, 1, 19.505320349953703)
(None, 1, 19.50690716100516)
(None, 1, 19.50909608217891)
(None, 1, 19.51174057720466)
