(None, 3, 105.44423240082288)
(None, 3, 105.4466014988893)
(None, 3, 105.44939196000529)
(None, 3, 105.45102324509988)
(None, 3, 105.45301716469993)
(None, 3, 105.4560875842156)
(None, 3, 105.45776448371338)
(None, 3, 105.45935699656523)
(None, 3, 105.46141135524954)
(None, 3, 105.46482730386947)
(None, 3, 105.46704929548554)
(None, 3, 105.4687045281418)
(None, 3, 105.47111296863098)
(None, 3, 105.47326653864224)
(None, 3, 105.47478948952921)
(None, 3, 105.47668875924262)
(None, 3, 105.47890904031857)
(None, 3, 105.48135283197023)
(None, 3, 105.48353434080346)
(None, 3, 105.48518900327967)
(None, 3, 105.48727244114602)
(None, 3, 105.49056466069726)
(None, 3, 105.49234533296233)
(None, 3, 105.49392986329363)
(None, 3, 105.49552522704569)
(None, 3, 105.49747638314274)
(None, 3, 105.50018302779286)
(None, 3, 105.502320632763)
(None, 3, 105.50425240273869)
(None, 3, 105.50578960812666)
(None, 3, 105.50830524246336)
(None, 3, 105.54656204243052)
(None, 3, 105.5485776288721)
(None, 3, 105.55127458046152)
(None, 3, 105.55385008370243)
(None, 3, 105.55601562749453)
(None, 3, 105.55813042526309)
(None, 3, 105.56094597430085)
(None, 3, 105.56405117479895)
(None, 3, 105.56614829698626)
(None, 3, 105.56808633894238)
(None, 3, 105.56994113461266)
(None, 3, 105.57236668050304)
(None, 3, 105.57473577856945)
(None, 3, 105.57629465079894)
(None, 3, 105.57798922587796)
(None, 3, 105.58043529824978)
(None, 3, 105.58272457111057)
(None, 3, 105.58434958422471)
(None, 3, 105.58666793626756)
(None, 3, 105.58912370170005)
(None, 3, 105.59121341154683)
(None, 3, 105.59308303189815)
(None, 3, 105.59504160033572)
(None, 3, 105.59655770906221)
(None, 3, 105.60022738779998)
(None, 3, 105.60175375976718)
(None, 3, 105.60378017962952)
(None, 3, 105.60528830583544)
(None, 3, 105.607844422955)
(None, 3, 105.6101764593188)
(None, 3, 105.6134424505882)
(None, 3, 105.61672782797896)
(None, 1, 105.62882134662841)
(None, 1, 105.63034486769543)
(None, 1, 105.63261646497499)
(None, 1, 105.63588017552422)
(None, 1, 105.63736891560879)
(None, 1, 105.6393480105278)
(None, 1, 105.64092854959883)
(None, 1, 105.6428118542711)
(None, 1, 105.64514160991475)
(None, 1, 105.64799308029504)
(None, 1, 105.64979028778127)
(None, 1, 105.65204135857938)
(None, 1, 105.65425080623457)
(None, 1, 105.65574524811954)
(None, 1, 105.6578389492266)
(None, 1, 105.66000164211852)
(None, 1, 105.66246424971149)
(None, 1, 105.66502435809132)
(None, 1, 105.66713687513969)
(None, 1, 105.6700356704633)
(None, 1, 105.67326859129038)
(None, 1, 105.67536913455793)
(None, 1, 105.67709164845891)
(None, 1, 105.67955083497165)
(None, 1, 105.68193475771909)
(None, 1, 105.68421946913958)
(None, 1, 105.68592487763937)
(None, 1, 105.68828257210497)
(None, 1, 105.69081474166283)
(None, 1, 105.69266839697303)
(None, 1, 105.69559456093856)
(None, 1, 105.69842493465737)
(None, 1, 105.7006862686962)
(None, 1, 105.70280790862523)
(None, 1, 105.70451331712502)
(None, 1, 105.70774452741198)
(None, 1, 105.70969226242879)
(None, 1, 105.7112556960986)
(None, 1, 105.71288413029298)
(None, 1, 105.71554630089997)
(None, 1, 105.71876382686597)
(None, 1, 105.72121503085815)
(None, 1, 105.72298087844217)
(None, 1, 105.72547997755771)
(None, 1, 105.72749841489949)
(None, 1, 105.72954365070315)
(None, 1, 105.73203932873844)
(None, 1, 105.7342043023505)
(None, 1, 105.73687673619823)
(None, 1, 105.73846126652951)
(None, 1, 105.74018092953031)
(None, 1, 105.74228432369804)
(None, 1, 105.74499838068868)
(None, 1, 105.74672602621004)
(None, 1, 105.74874731445202)
(None, 1, 105.7504185121494)
(None, 1, 105.75352827408783)
(None, 1, 105.75575710786438)
(None, 1, 105.75769343928039)
(None, 1, 105.75918902152544)
(None, 1, 105.76128215245245)
(None, 1, 105.76327322115232)
(None, 1, 105.76542394026337)
(None, 1, 105.76769439718285)
(None, 1, 105.77016840837663)
(None, 1, 105.77264127921032)
(None, 1, 105.77427313448494)
(None, 1, 105.77731048355828)
(None, 1, 105.78154121945545)
(None, 1, 105.78393540544363)
(None, 1, 105.78544239128948)
(None, 1, 105.78698244757764)
(None, 1, 105.78923750963604)
(None, 1, 105.79135173722455)
(None, 1, 105.7937869761756)
(None, 1, 105.79625186448872)
(None, 1, 105.79941807425112)
(None, 1, 105.80091992847662)
(None, 1, 105.80358095872353)
(None, 1, 105.80630299823473)
(None, 1, 105.80855520939292)
(None, 1, 105.81015000296493)
(None, 1, 105.81202133385638)
(None, 1, 105.81351577574135)
(None, 1, 105.8167840477309)
(None, 1, 105.81894388972262)
(None, 1, 105.82053868329464)
(None, 1, 105.82232904862039)
(None, 1, 105.8252449493452)
(None, 1, 105.82720864940313)
(None, 1, 105.83031213936113)
(None, 1, 105.8330809336356)
(None, 1, 105.83613937937044)
(None, 1, 105.83787044597202)
(None, 1, 105.84119573596558)
(None, 1, 105.84430492772398)
(None, 1, 105.84639748847096)
(None, 1, 105.84859154126507)
(None, 1, 105.85083405936258)
(None, 1, 105.85361596777798)
(None, 1, 105.85554203595328)
(None, 1, 105.85706327630012)
(None, 1, 105.85857425340626)
(None, 1, 105.86111725638487)
(None, 1, 105.86318758011029)
(None, 1, 105.8660835245337)
(None, 1, 105.86783796851694)
(None, 1, 105.87067176331598)
(None, 1, 105.87260752455195)
(None, 1, 105.87457293515)
(None, 1, 105.87686847999124)
(None, 1, 105.87920051635504)
(None, 1, 105.88142592905136)
(None, 1, 105.8831661185336)
(None, 1, 105.88596228144999)
(None, 1, 105.88944037969429)
(None, 1, 105.89132311418653)
(None, 1, 105.89330220910554)
(None, 1, 105.89482744071267)
(None, 1, 105.89750044474043)
(None, 1, 105.9007059969256)
(None, 1, 105.90238346660341)
(None, 1, 105.9039548827938)
(None, 1, 105.90616889188931)
(None, 1, 105.90814399554803)
(None, 1, 105.90961334951125)
(None, 1, 105.91111406337666)
(None, 1, 105.91384294504833)
(None, 1, 105.91647603647327)
(None, 1, 105.91816319921179)
(None, 1, 105.92036010290609)
(None, 1, 105.92212195922984)
(None, 1, 105.92572834798315)
(None, 1, 105.92756090663188)
(None, 1, 105.93011360267118)
(None, 1, 105.93326726847269)
(None, 1, 105.93639812707261)
(None, 1, 105.93854941636371)
(None, 1, 105.94166259938238)
(None, 1, 105.94492231867135)
(None, 1, 105.9473079519589)
(None, 1, 105.9496981466868)
(None, 1, 105.95223487768497)
(None, 1, 105.95412673505786)
(None, 1, 105.95625179606712)
(None, 1, 105.95781009811658)
(None, 1, 105.96074253406256)
(None, 1, 105.96261044387376)
(None, 1, 105.96441848478075)
(None, 1, 105.96597393593001)
(None, 1, 105.96746666727486)
(None, 1, 105.96971773807297)
(None, 1, 105.9715816566239)
(None, 1, 105.9739022893869)
(None, 1, 105.97561739094736)
(None, 1, 105.97817293788687)
(None, 1, 105.98020106828932)
(None, 1, 105.98205187269933)
(None, 1, 105.98445575174817)
(None, 1, 105.98624611707393)
(None, 1, 105.9884281960872)
(None, 1, 105.99026018455588)
(None, 1, 105.99223927947489)
(None, 1, 105.99377648486286)
(None, 1, 105.99670264882839)
(None, 1, 105.99885564865961)
(None, 1, 106.00078057647482)
(None, 1, 106.0023405890644)
(None, 1, 106.00415946339216)
(None, 1, 106.00682847615963)
(None, 1, 106.00900542355254)
(None, 1, 106.01158263733356)
(None, 1, 106.01483950572232)
(None, 1, 106.01717439298633)
(None, 1, 106.01894195111048)
(None, 1, 106.02112231958363)
(None, 1, 106.02329698625638)
(None, 1, 106.02540665240457)
(None, 1, 106.0272409215934)
(None, 1, 106.02915102472757)
(None, 1, 106.031378147964)
(None, 1, 106.03450273458347)
(None, 1, 106.03639687267652)
(None, 1, 106.03825280870687)
(None, 1, 106.04038471187663)
(None, 1, 106.04287753901171)
(None, 1, 106.0450727321659)
(None, 1, 106.04673936842298)
(None, 1, 106.0500441319351)
(None, 1, 106.05308205118848)
(None, 1, 106.05503833890589)
(None, 1, 106.05720844413833)
(None, 1, 106.05937227739031)
(None, 1, 106.06148137335845)
(None, 1, 106.06323353662152)
(None, 1, 106.06531583412779)
(None, 1, 106.06728523598612)
(None, 1, 106.0704086822455)
(None, 1, 106.07215913496846)
(None, 1, 106.07377502520195)
(None, 1, 106.07547074064107)
(None, 1, 106.0780439631618)
(None, 1, 106.08085666129938)
(None, 1, 106.08330672493146)
(None, 1, 106.08651740873698)
(None, 1, 106.08954563492969)
(None, 1, 106.09116437606339)
(None, 1, 106.09348557900643)
(None, 1, 106.09581704519019)
(None, 1, 106.09803846662622)
(None, 1, 106.09969312910245)
(None, 1, 106.10138827436151)
(None, 1, 106.104683914993)
(None, 1, 106.10670634359505)
(None, 1, 106.10835929553116)
(None, 1, 106.10995465928322)
(None, 1, 106.11161616391992)
(None, 1, 106.11450241528264)
(None, 1, 106.11705397096188)
(None, 1, 106.11888196817027)
(None, 1, 106.1204243051786)
(None, 1, 106.12259041915075)
(None, 1, 106.12498346477884)
(None, 1, 106.12658510051133)
(None, 1, 106.12913095439016)
(None, 1, 106.13111461074949)
(None, 1, 106.13341984865141)
(None, 1, 106.13512126589092)
(None, 1, 106.13711518549097)
(None, 1, 106.13861989061667)
(None, 1, 106.14145995739615)
(None, 1, 106.14348295617825)
(None, 1, 106.14549227063938)
(None, 1, 106.14728605704538)
(None, 1, 106.15010502716338)
(None, 1, 106.15313724461636)
(None, 1, 106.15514199763717)
(None, 1, 106.15668091356527)
(None, 1, 106.1587928604336)
(None, 1, 106.1607816484133)
(None, 1, 106.16226240597732)
(None, 1, 106.16499071746895)
(None, 1, 106.16659691464177)
(None, 1, 106.16939193719809)
(None, 1, 106.17097361662918)
(None, 1, 106.17292306218611)
(None, 1, 106.17479553343763)
(None, 1, 106.17790130411579)
(None, 1, 106.18047908807685)
(None, 1, 106.18242226165334)
(None, 1, 106.18397942334272)
(None, 1, 106.18618202883742)
(None, 1, 106.18853573204275)
(None, 1, 106.19114088464573)
(None, 1, 106.19314563766655)
(None, 1, 106.19541609458602)
(None, 1, 106.1975097956931)
(None, 1, 106.19931498569989)
(None, 1, 106.20158544261936)
(None, 1, 106.20364949436434)
(None, 1, 106.20596442532694)
(None, 1, 106.20766470220637)
(None, 1, 106.20930625054167)
(None, 1, 106.21104187858359)
(None, 1, 106.21495901545872)
(None, 1, 106.2164420537429)
(None, 1, 106.21836755173814)
(None, 1, 106.2198905026251)
(None, 1, 106.22278359614832)
(None, 1, 106.2255523904228)
(None, 1, 106.22734845754896)
(None, 1, 106.22905671694895)
(None, 1, 106.23179586186134)
(None, 1, 106.23381372902308)
(None, 1, 106.23546896167935)
(None, 1, 106.23796064845436)
(None, 1, 106.24013417476702)
(None, 1, 106.24208932212436)
(None, 1, 106.24359288688997)
(None, 1, 106.24562956999303)
(None, 1, 106.24776888550329)
(None, 1, 106.25176128614372)
(None, 1, 106.25349748436567)
(None, 1, 106.25631303340343)
(None, 1, 106.25899287959166)
(None, 1, 106.27938137746375)
(None, 1, 106.28475646470129)
(None, 1, 106.28671218223866)
(None, 1, 106.28860118871135)
(None, 1, 106.29261126493302)
(None, 1, 106.294718080181)
(None, 1, 106.29735801376643)
(None, 1, 106.30014676434232)
(None, 1, 106.30289959357567)
(None, 1, 106.30615133034406)
(None, 1, 106.30814410958405)
(None, 1, 106.30986890420519)
(None, 1, 106.31234690665924)
(None, 1, 106.31623040291203)
(None, 1, 106.31846721920914)
(None, 1, 106.3211402232369)
(None, 1, 106.32263637566199)
(None, 1, 106.32413594916731)
(None, 1, 106.32559503988979)
(None, 1, 106.32704899899193)
(None, 1, 106.32906914687382)
(None, 1, 106.33098951324871)
(None, 1, 106.33244233199075)
(None, 1, 106.33387804533159)
(None, 1, 106.33590218447377)
(None, 1, 106.33869207540972)
(None, 1, 106.34174995096451)
(None, 1, 106.34383110811069)
(None, 1, 106.34573493926442)
(None, 1, 106.34850829497923)
(None, 1, 106.35121836070958)
(None, 1, 106.35399456732458)
(None, 1, 106.35738485784272)
(None, 1, 106.36071242855644)
(None, 1, 106.36341736266644)
(None, 1, 106.36631558781)
(None, 1, 106.36893841599424)
(None, 1, 106.37051154272473)
(None, 1, 106.37237888235589)
(None, 1, 106.37411793147804)
(None, 1, 106.37686106765072)
(None, 1, 106.37883503094938)
(None, 1, 106.38089281071392)
(None, 1, 106.38262330713546)
(None, 1, 106.38543201401275)
(None, 1, 106.38756733826273)
(None, 1, 106.3900442003567)
(None, 1, 106.39156258980336)
(None, 1, 106.39372756341542)
(None, 1, 106.3956832809528)
(None, 1, 106.39780777178201)
(None, 1, 106.40094319182225)
(None, 1, 106.40360422206916)
(None, 1, 106.40588494222936)
(None, 1, 106.40782583508569)
(None, 1, 106.4093065926497)
(None, 1, 106.4112315204649)
(None, 1, 106.41428540475941)
(None, 1, 106.4159680060576)
(None, 1, 106.41767455491745)
(None, 1, 106.4191644353621)
(None, 1, 106.42152327018779)
(None, 1, 106.42354455842977)
(None, 1, 106.42637892340886)
(None, 1, 106.42940372852132)
(None, 1, 106.43215085595428)
(None, 1, 106.43428618020427)
(None, 1, 106.43585759639464)
(None, 1, 106.43924959745289)
(None, 1, 106.44149610681069)
(None, 1, 106.44316559396795)
(None, 1, 106.4448561777867)
(None, 1, 106.4473433031214)
(None, 1, 106.45029854626897)
(None, 1, 106.45185513777831)
(None, 1, 106.45373274065018)
(None, 1, 106.45608416313536)
(None, 1, 106.45872124582058)
(None, 1, 106.46131214392257)
(None, 1, 106.4631236059098)
(None, 1, 106.46475831208463)
(None, 1, 106.4670344708045)
(None, 1, 106.46882027468993)
(None, 1, 106.47072980764406)
(None, 1, 106.47290675503697)
(None, 1, 106.47541497703315)
(None, 1, 106.47746933571744)
(None, 1, 106.4790846557709)
(None, 1, 106.48088813523758)
(None, 1, 106.48243161260599)
(None, 1, 106.48565370001232)
(None, 1, 106.48831758115942)
(None, 1, 106.49002013875902)
(None, 1, 106.4922181828134)
(None, 1, 106.49497158222681)
(None, 1, 106.49797871175802)
(None, 1, 106.49962539171369)
(None, 1, 106.50148588918437)
(None, 1, 106.5038880576931)
(None, 1, 106.50578504668634)
(None, 1, 106.50776528196543)
(None, 1, 106.51078723617769)
(None, 1, 106.51366550501986)
(None, 1, 106.515361790639)
(None, 1, 106.51707689219948)
(None, 1, 106.51881594132163)
(None, 1, 106.52223759174197)
(None, 1, 106.52369497192433)
(None, 1, 106.5257288041272)
(None, 1, 106.52845312435855)
(None, 1, 106.53145854334964)
(None, 1, 106.53490870277199)
(None, 1, 106.53666542747538)
(None, 1, 106.5394604500317)
(None, 1, 106.54135173722455)
(None, 1, 106.54303262798261)
(None, 1, 106.54631116321289)
(None, 1, 106.5496683832887)
(None, 1, 106.55155624940132)
(None, 1, 106.55361973096625)
(None, 1, 106.55555492202218)
(None, 1, 106.5585934114556)
(None, 1, 106.56005478289825)
(None, 1, 106.562286467575)
(None, 1, 106.56425757997346)
(None, 1, 106.56686957473691)
(None, 1, 106.56950209598183)
(None, 1, 106.57129873328802)
(None, 1, 106.57278348211231)
(None, 1, 106.57524380898512)
(None, 1, 106.57720864940313)
(None, 1, 106.57909423479558)
(None, 1, 106.58186017816986)
(None, 1, 106.58407247672525)
(None, 1, 106.58600481688097)
(None, 1, 106.58774443618317)
(None, 1, 106.58941506370051)
(None, 1, 106.59090095288488)
(None, 1, 106.59405404850635)
(None, 1, 106.59606222260742)
(None, 1, 106.59883329760206)
(None, 1, 106.60188262045624)
(None, 1, 106.60600844322603)
(None, 1, 106.60796644148357)
(None, 1, 106.61000825620698)
(None, 1, 106.61321266803206)
(None, 1, 106.61521970177303)
(None, 1, 106.61852332492508)
(None, 1, 106.62099049395837)
(None, 1, 106.62302033490094)
(None, 1, 106.6250627198044)
(None, 1, 106.6266101884331)
(None, 1, 106.62877630240524)
(None, 1, 106.63184672192091)
(None, 1, 106.63382524665988)
(None, 1, 106.63700400038316)
(None, 1, 106.63992959416865)
(None, 1, 106.64294812730067)
(None, 1, 106.64614512678523)
(None, 1, 106.64920186197993)
(None, 1, 106.65125451012412)
(None, 1, 106.65293254998198)
(None, 1, 106.65610788262502)
(None, 1, 106.65811833744623)
(None, 1, 106.6598619480087)
(None, 1, 106.66184617454807)
(None, 1, 106.66464803926488)
(None, 1, 106.66750122018529)
(None, 1, 106.66953220148794)
(None, 1, 106.67122620638693)
(None, 1, 106.67359986589365)
(None, 1, 106.67612405293096)
(None, 1, 106.6783614394081)
(None, 1, 106.68045171943493)
(None, 1, 106.68218278603652)
(None, 1, 106.68452679618116)
(None, 1, 106.68613641443422)
(None, 1, 106.6880339736075)
(None, 1, 106.6906932933143)
(None, 1, 106.6930110751771)
(None, 1, 106.69541324368582)
(None, 1, 106.6977817715722)
(None, 1, 106.69949231169234)
(None, 1, 106.70285124230827)
(None, 1, 106.70462735313302)
(None, 1, 106.70646162232187)
(None, 1, 106.70814365344)
(None, 1, 106.71062963841463)
(None, 1, 106.7125653996506)
(None, 1, 106.71534958878615)
(None, 1, 106.71701964612346)
(None, 1, 106.71944747273399)
(None, 1, 106.72171279803311)
(None, 1, 106.72385040300325)
(None, 1, 106.72604160489716)
(None, 1, 106.72815127104535)
(None, 1, 106.73057852747584)
(None, 1, 106.7322081020303)
(None, 1, 106.73398022159478)
(None, 1, 106.73550488302186)
(None, 1, 106.73946706412016)
(None, 1, 106.74206138330239)
(None, 1, 106.74381468692555)
(None, 1, 106.74600303791925)
(None, 1, 106.74883227127798)
(None, 1, 106.75100636777069)
(None, 1, 106.75319928020471)
(None, 1, 106.75632158610402)
(None, 1, 106.75846888413486)
(None, 1, 106.76038753996963)
(None, 1, 106.76316944838503)
(None, 1, 106.76644000109475)
(None, 1, 106.76812659365321)
(None, 1, 106.76981717747196)
(None, 1, 106.77155679677415)
(None, 1, 106.77497331557413)
(None, 1, 106.77647459961958)
(None, 1, 106.77837786059327)
(None, 1, 106.78058502752829)
(None, 1, 106.78354483211619)
(None, 1, 106.78672187529935)
(None, 1, 106.78975067167208)
(None, 1, 106.79317232209242)
(None, 1, 106.79574269371297)
(None, 1, 106.79859644481341)
(None, 1, 106.8018493219419)
(None, 1, 106.8036203011463)
(None, 1, 106.80558742228446)
(None, 1, 106.807118355692)
(None, 1, 106.80907008196908)
(None, 1, 106.81215988760611)
(None, 1, 106.81398959535463)
(None, 1, 106.81716492799767)
(None, 1, 106.82018973311013)
(None, 1, 106.82300129088762)
(None, 1, 106.82477284027205)
(None, 1, 106.82696005090567)
(None, 1, 106.8294887993833)
(None, 1, 106.8309781096479)
(None, 1, 106.83291900250423)
(None, 1, 106.83540213657865)
(None, 1, 106.83820514165554)
(None, 1, 106.84015914865277)
(None, 1, 106.8418793818336)
(None, 1, 106.84356198313179)
(None, 1, 106.84705205515694)
(None, 1, 106.84882075364116)
(None, 1, 106.85090191078736)
(None, 1, 106.85254288894261)
(None, 1, 106.85469930985408)
(None, 1, 106.85674625619785)
(None, 1, 106.85911649462435)
(None, 1, 106.8612101957314)
(None, 1, 106.86307411428233)
(None, 1, 106.86544321234874)
(None, 1, 106.86727120955713)
(None, 1, 106.86919385665217)
(None, 1, 106.87135997062433)
(None, 1, 106.87360933088232)
(None, 1, 106.87564658416541)
(None, 1, 106.87729953610152)
(None, 1, 106.87952551897787)
(None, 1, 106.88284681771115)
(None, 1, 106.88498100160106)
(None, 1, 106.88683807799151)
(None, 1, 106.8899843314525)
(None, 1, 106.89331076180615)
(None, 1, 106.89640284816333)
(None, 1, 106.8980409754184)
(None, 1, 106.90023673875262)
(None, 1, 106.90225289537425)
(None, 1, 106.90390356659019)
(None, 1, 106.90615406720826)
(None, 1, 106.90862864858208)
(None, 1, 106.91081928029594)
(None, 1, 106.91271341838899)
(None, 1, 106.91520168408377)
(None, 1, 106.91693731212568)
(None, 1, 106.92012347818947)
(None, 1, 106.92193950161703)
(None, 1, 106.92392600887656)
(None, 1, 106.92599747296207)
(None, 1, 106.92904109401584)
(None, 1, 106.93139422704112)
(None, 1, 106.9344903046586)
(None, 1, 106.93778708565017)
(None, 1, 106.93987907621711)
(None, 1, 106.9430937512829)
(None, 1, 106.94542065602634)
(None, 1, 106.9480594492517)
(None, 1, 106.95011266757591)
(None, 1, 106.95161794288164)
(None, 1, 106.95333874624251)
(None, 1, 106.95647815754303)
(None, 1, 106.95809404777653)
(None, 1, 106.95987129896136)
(None, 1, 106.96149517171543)
(None, 1, 106.96497555067988)
(None, 1, 106.96719469139576)
(None, 1, 106.96884365207158)
(None, 1, 106.97070300918217)
(None, 1, 106.97344842607502)
(None, 1, 106.97500558776439)
(None, 1, 106.97690998909816)
(None, 1, 106.9794604044173)
(None, 1, 106.98198231073444)
(None, 1, 106.98432175943876)
(None, 1, 106.98669484876545)
(None, 1, 106.98946934484033)
(None, 1, 106.99329069146874)
(None, 1, 106.99497044186673)
(None, 1, 106.99708466945523)
(None, 1, 106.99969381331849)
(None, 1, 107.00180461982676)
(None, 1, 107.00412126132947)
(None, 1, 107.00597491663967)
(None, 1, 107.00859603428378)
(None, 1, 107.01089500020527)
(None, 1, 107.01283760360171)
(None, 1, 107.01613153369308)
(None, 1, 107.01929717327543)
(None, 1, 107.0215744723554)
(None, 1, 107.02346975080852)
(None, 1, 107.02547906526965)
(None, 1, 107.02891040875066)
(None, 1, 107.03042195603683)
(None, 1, 107.03286346696834)
(None, 1, 107.03573945509034)
(None, 1, 107.038738602101)
(None, 1, 107.04116414799137)
(None, 1, 107.04280512614663)
(None, 1, 107.04570506183032)
(None, 1, 107.04793617632704)
(None, 1, 107.05009031651835)
(None, 1, 107.05349999315784)
(None, 1, 107.05575220431604)
(None, 1, 107.05740686679226)
(None, 1, 107.05906837142896)
(None, 1, 107.06078347298943)
(None, 1, 107.06443946740623)
(None, 1, 107.06615970058705)
(None, 1, 107.0677647573998)
(None, 1, 107.06944849905807)
(None, 1, 107.07190312413047)
(None, 1, 107.07384344680676)
(None, 1, 107.07538806453526)
(None, 1, 107.07780733844518)
(None, 1, 107.08080420473568)
(None, 1, 107.08300338915016)
(None, 1, 107.08469853440923)
(None, 1, 107.08629674906149)
(None, 1, 107.08910146467849)
(None, 1, 107.09131091233368)
(None, 1, 107.09282359997992)
(None, 1, 107.09480098435883)
(None, 1, 107.09725903051148)
(None, 1, 107.10089791952707)
(None, 1, 107.10303438413713)
(None, 1, 107.10489374124774)
(None, 1, 107.10789630933864)
(None, 1, 107.11010347627366)
(None, 1, 107.11208884317313)
(None, 1, 107.11481658448471)
(None, 1, 107.11680822336461)
(None, 1, 107.11910604892601)
(None, 1, 107.12063413143333)
(None, 1, 107.12217418772151)
(None, 1, 107.12368288410748)
(None, 1, 107.12659707429218)
(None, 1, 107.12861722217407)
(None, 1, 107.13062197519488)
(None, 1, 107.13211527671977)
(None, 1, 107.1337955972978)
(None, 1, 107.13599250099212)
(None, 1, 107.13851896874957)
(None, 1, 107.14043534386418)
(None, 1, 107.14194232971003)
(None, 1, 107.14412554908338)
(None, 1, 107.14635096177969)
(None, 1, 107.14841615388475)
(None, 1, 107.15102529774802)
(None, 1, 107.15317259577884)
(None, 1, 107.15511405881522)
(None, 1, 107.15660793052014)
(None, 1, 107.15851860383435)
(None, 1, 107.16001817733968)
(None, 1, 107.16328359842905)
(None, 1, 107.16543032627983)
(None, 1, 107.16747271118328)
(None, 1, 107.16898311810938)
(None, 1, 107.17114581100128)
(None, 1, 107.17332104785407)
(None, 1, 107.17572663744303)
(None, 1, 107.17746055494483)
(None, 1, 107.18016149779454)
(None, 1, 107.18275239589653)
(None, 1, 107.18439109333163)
(None, 1, 107.18685883254497)
(None, 1, 107.18967153068253)
(None, 1, 107.19168027496362)
(None, 1, 107.19343871020713)
(None, 1, 107.19547140204992)
(None, 1, 107.19755084865596)
(None, 1, 107.20040117867617)
(None, 1, 107.20192869100347)
(None, 1, 107.20389182088137)
(None, 1, 107.20542218410885)
(None, 1, 107.2092070392147)
(None, 1, 107.21205109725447)
(None, 1, 107.21360426768356)
(None, 1, 107.21542941399176)
(None, 1, 107.21792281130689)
(None, 1, 107.21940584959107)
(None, 1, 107.22142542729293)
(None, 1, 107.22366110322996)
(None, 1, 107.22601594679536)
(None, 1, 107.22813131474395)
(None, 1, 107.2302848847552)
(None, 1, 107.23179358114118)
(None, 1, 107.23459772657814)
(None, 1, 107.2372182740422)
(None, 1, 107.23887578741864)
(None, 1, 107.2405737835779)
(None, 1, 107.24292976750338)
(None, 1, 107.24624023281591)
(None, 1, 107.24846450515214)
(None, 1, 107.25125439608811)
(None, 1, 107.25422560427681)
(None, 1, 107.25654566685976)
(None, 1, 107.25890108060521)
(None, 1, 107.26134943369719)
(None, 1, 107.26369629474203)
(None, 1, 107.26518332428648)
(None, 1, 107.26672224021458)
(None, 1, 107.26840712223292)
(None, 1, 107.2714564450871)
(None, 1, 107.27329698625638)
(None, 1, 107.27498471917492)
(None, 1, 107.27669183821483)
(None, 1, 107.27981699501434)
(None, 1, 107.2824073229363)
(None, 1, 107.2840517221718)
(None, 1, 107.28577195535262)
(None, 1, 107.2880937284757)
(None, 1, 107.29044001934051)
(None, 1, 107.29209069055645)
(None, 1, 107.29419522508427)
(None, 1, 107.29686537821182)
(None, 1, 107.29967180436894)
(None, 1, 107.3011901938156)
(None, 1, 107.30312253397133)
(None, 1, 107.30464719539842)
(None, 1, 107.30764748276916)
(None, 1, 107.30949828717915)
(None, 1, 107.31176418265832)
(None, 1, 107.31367713669268)
(None, 1, 107.31968740449484)
(None, 1, 107.32274014842926)
(None, 1, 107.3257729360623)
(None, 1, 107.32881940801627)
(None, 1, 107.33043757896993)
(None, 1, 107.33288878296212)
(None, 1, 107.33519116996382)
(None, 1, 107.33703627257343)
(None, 1, 107.33896747236908)
(None, 1, 107.34045735281373)
(None, 1, 107.34260522102458)
(None, 1, 107.34579423798858)
(None, 1, 107.34778701722855)
(None, 1, 107.34928202929358)
(None, 1, 107.35102164859576)
(None, 1, 107.35331890397713)
(None, 1, 107.35590353009866)
(None, 1, 107.35782389647355)
(None, 1, 107.35987426389757)
(None, 1, 107.36291218315095)
(None, 1, 107.36468772379567)
(None, 1, 107.36745423734999)
(None, 1, 107.3691813126913)
(None, 1, 107.37131891766144)
(None, 1, 107.37309901974648)
(None, 1, 107.37506043908425)
(None, 1, 107.37657141619037)
(None, 1, 107.37859555533255)
(None, 1, 107.38187295020276)
(None, 1, 107.38335712884701)
(None, 1, 107.38591951794699)
(None, 1, 107.38885195389297)
(None, 1, 107.39159623042572)
(None, 1, 107.39376120403779)
(None, 1, 107.39589196684746)
(None, 1, 107.39848457548956)
(None, 1, 107.40043059996624)
(None, 1, 107.40246101108886)
(None, 1, 107.40504905829064)
(None, 1, 107.40718438254063)
(None, 1, 107.40892913346318)
(None, 1, 107.41096011476584)
(None, 1, 107.41272083072951)
(None, 1, 107.41439031788677)
(None, 1, 107.41782679298815)
(None, 1, 107.41989255527325)
(None, 1, 107.42157800747164)
(None, 1, 107.42398530760073)
(None, 1, 107.42639146736974)
(None, 1, 107.42918477938593)
(None, 1, 107.43088106500508)
(None, 1, 107.43319314506749)
(None, 1, 107.43539803128236)
(None, 1, 107.43691699090905)
(None, 1, 107.43959170547693)
(None, 1, 107.44117566562818)
(None, 1, 107.44346322794885)
(None, 1, 107.44547197222995)
(None, 1, 107.44753830469509)
(None, 1, 107.44905555378166)
(None, 1, 107.45152044209479)
(None, 1, 107.45403322553129)
(None, 1, 107.45579508185504)
(None, 1, 107.4589464669364)
(None, 1, 107.46195986844806)
(None, 1, 107.46524239493863)
(None, 1, 107.46675622294495)
(None, 1, 107.46820276970656)
(None, 1, 107.4696413339476)
(None, 1, 107.47109244214953)
(None, 1, 107.47252815549038)
(None, 1, 107.47397812333223)
(None, 1, 107.47613169334349)
(None, 1, 107.47760503856698)
(None, 1, 107.47922149898052)
(None, 1, 107.48066747556209)
(None, 1, 107.48214025060553)
(None, 1, 107.48403495887861)
(None, 1, 107.48551514626259)
(None, 1, 107.48866995242417)
(None, 1, 107.49060913474038)
(None, 1, 107.49218796327128)
(None, 1, 107.49391047717228)
(None, 1, 107.49721181960416)
(None, 1, 107.49986201643031)
(None, 1, 107.50194032267629)
(None, 1, 107.50346783500358)
(None, 1, 107.50565960707753)
(None, 1, 107.5078416860908)
(None, 1, 107.50954082261015)
(None, 1, 107.51323159800938)
(None, 1, 107.51625640312184)
(None, 1, 107.51853826364213)
(None, 1, 107.5200982762317)
(None, 1, 107.52186811507602)
(None, 1, 107.52510787806358)
(None, 1, 107.526736882438)
(None, 1, 107.52886023290715)
(None, 1, 107.53082393296508)
(None, 1, 107.53339202386546)
(None, 1, 107.53582669263646)
(None, 1, 107.53730003785995)
(None, 1, 107.53880759388585)
(None, 1, 107.54068462657769)
(None, 1, 107.54278916110552)
(None, 1, 107.54499746840062)
(None, 1, 107.54665897303732)
(None, 1, 107.5491614932331)
(None, 1, 107.55196164740978)
(None, 1, 107.5534623612752)
(None, 1, 107.55556518526289)
(None, 1, 107.55712063641215)
(None, 1, 107.55991965022875)
(None, 1, 107.56233379251833)
(None, 1, 107.56418516710836)
(None, 1, 107.5658557946257)
(None, 1, 107.56763076509039)
(None, 1, 107.57037960306346)
(None, 1, 107.57265918286357)
(None, 1, 107.57418498465076)
(None, 1, 107.57570451445748)
(None, 1, 107.57812036728717)
(None, 1, 107.58017985759183)
(None, 1, 107.58213329440905)
(None, 1, 107.58481713185756)
(None, 1, 107.58731965205334)
(None, 1, 107.58929703643223)
(None, 1, 107.59130235963308)
(None, 1, 107.59363097491664)
(None, 1, 107.59750078684846)
(None, 1, 107.5994405393447)
(None, 1, 107.60142875714436)
(None, 1, 107.60295855019181)
(None, 1, 107.6052518143129)
(None, 1, 107.60707353954085)
(None, 1, 107.60929439079683)
(None, 1, 107.61137269704282)
(None, 1, 107.61429258902791)
(None, 1, 107.61624545566508)
(None, 1, 107.61791209192215)
(None, 1, 107.61949548189337)
(None, 1, 107.62262348959307)
(None, 1, 107.62475026114245)
(None, 1, 107.62634220381427)
(None, 1, 107.62849748436567)
(None, 1, 107.63014587486144)
(None, 1, 107.63312221467051)
(None, 1, 107.6348504303719)
(None, 1, 107.63679702502863)
(None, 1, 107.63831199339504)
(None, 1, 107.6404541598055)
(None, 1, 107.6429754959426)
(None, 1, 107.64534117292877)
(None, 1, 107.64769658667421)
(None, 1, 107.65065011928166)
(None, 1, 107.65278145227137)
(None, 1, 107.65482098627463)
(None, 1, 107.65781443148488)
(None, 1, 107.66028160051818)
(None, 1, 107.66221679157411)
(None, 1, 107.66410408750667)
(None, 1, 107.66720928800478)
(None, 1, 107.67044391937198)
(None, 1, 107.67214419625141)
(None, 1, 107.67492952574705)
(None, 1, 107.67829358798335)
(None, 1, 107.68087935446496)
(None, 1, 107.6828316509221)
(None, 1, 107.68439679513203)
(None, 1, 107.68721063362968)
(None, 1, 107.68904034137819)
(None, 1, 107.69186957473691)
(None, 1, 107.6948903885891)
(None, 1, 107.69730966249904)
(None, 1, 107.69927165201685)
(None, 1, 107.70107456130347)
(None, 1, 107.70292080427316)
(None, 1, 107.70597982018802)
(None, 1, 107.70746342865223)
(None, 1, 107.709367829986)
(None, 1, 107.71097060607858)
(None, 1, 107.7139195772457)
(None, 1, 107.71669635404075)
(None, 1, 107.71833448129581)
(None, 1, 107.72012427644152)
(None, 1, 107.72334123222748)
(None, 1, 107.72519716825785)
(None, 1, 107.72682845335243)
(None, 1, 107.73034646419954)
(None, 1, 107.7331905222393)
(None, 1, 107.73489593073909)
(None, 1, 107.7370956853336)
(None, 1, 107.73953491554494)
(None, 1, 107.743550693567)
(None, 1, 107.74647400663234)
(None, 1, 107.74973999790174)
(None, 1, 107.75302024367214)
(None, 1, 107.7546384146258)
(None, 1, 107.75656619334121)
(None, 1, 107.75926884673105)
(None, 1, 107.76121544138778)
(None, 1, 107.76315576406407)
(None, 1, 107.76538288730049)
(None, 1, 107.76803650520688)
(None, 1, 107.7698662129554)
(None, 1, 107.7713965761829)
(None, 1, 107.77324738059289)
(None, 1, 107.77507366726117)
(None, 1, 107.77840979067551)
(None, 1, 107.78011690971542)
(None, 1, 107.78170828220719)
(None, 1, 107.78354939355651)
(None, 1, 107.786346696833)
(None, 2, 107.94359550971815)
(None, 2, 107.94628961040738)
(None, 2, 107.94889191211017)
(None, 2, 107.95074841832057)
(None, 2, 107.95238255431535)
(None, 2, 107.9541586651401)
(None, 2, 107.95723934789649)
(None, 2, 107.96000928253105)
(None, 2, 107.96215658056188)
(None, 2, 107.96363961884605)
(None, 2, 107.96565406492755)
(None, 2, 107.967767722336)
(None, 2, 107.97015848724394)
(None, 2, 107.97175328081595)
(None, 2, 107.97364627854891)
(None, 2, 107.97640880084296)
(None, 2, 107.97825333327252)
(None, 2, 107.97984641630441)
(None, 2, 107.98227538327502)
(None, 2, 107.9848577286764)
(None, 2, 107.98683853413554)
(None, 2, 107.98837859042371)
(None, 2, 107.99021399997262)
(None, 2, 107.99177344238217)
(None, 2, 107.99544540184009)
(None, 2, 107.9971553717802)
(None, 2, 107.99869884914861)
(None, 2, 108.00047210907316)
(None, 2, 108.00303506835319)
(None, 2, 108.00474845937353)
(None, 2, 108.00687466074288)
(None, 2, 108.00961152493511)
(None, 2, 108.01230391508423)
(None, 2, 108.01468270621132)
(None, 2, 108.01659680060575)
(None, 2, 108.0192213393301)
(None, 2, 108.02172614024605)
(None, 2, 108.02373260380698)
(None, 2, 108.02528691459615)
(None, 2, 108.02739087894393)
(None, 2, 108.03117630422982)
(None, 2, 108.03266048287408)
(None, 2, 108.03457685798868)
(None, 2, 108.03605590501256)
(None, 2, 108.0383286426522)
(None, 2, 108.04039953655766)
(None, 2, 108.04186204836039)
(None, 2, 108.04457496499094)
(None, 2, 108.04605800327512)
(None, 2, 108.0487600864849)
(None, 2, 108.0511730884144)
(None, 2, 108.0530837617286)
(None, 2, 108.05573566909487)
(None, 2, 108.05795252909058)
(None, 2, 108.05942986557436)
(None, 2, 108.06152242632133)
(None, 2, 108.06431402779742)
(None, 2, 108.06775050289879)
(None, 2, 108.06955512272555)
(None, 2, 108.07150513846253)
(None, 2, 108.07301896646885)
(None, 2, 108.07538635399514)
(None, 2, 108.07758724894973)
(None, 2, 108.08010402364651)
(None, 2, 108.08324571566718)
(None, 2, 108.08583775412924)
(None, 2, 108.08804720178443)
(None, 2, 108.08955532799037)
(None, 2, 108.09239767549002)
(None, 2, 108.09489791496563)
(None, 2, 108.09650582267857)
(None, 2, 108.0983087319652)
(None, 2, 108.09983111267213)
(None, 2, 108.10200920042513)
(None, 2, 108.10458014222571)
(None, 2, 108.1063482705299)
(None, 2, 108.10794192374185)
(None, 2, 108.10963022684042)
(None, 2, 108.11287341090822)
(None, 2, 108.11520031565168)
(None, 2, 108.1167312490592)
(None, 2, 108.11861170283129)
(None, 2, 108.12080233454516)
(None, 2, 108.12277116622344)
(None, 2, 108.12452903128693)
(None, 2, 108.12720203531467)
(None, 2, 108.12974275757313)
(None, 2, 108.13161922008493)
(None, 2, 108.13329783012284)
(None, 2, 108.13494508025855)
(None, 2, 108.13686430627335)
(None, 2, 108.1399273134485)
(None, 2, 108.14159566024568)
(None, 2, 108.14388550328651)
(None, 2, 108.14543810353557)
(None, 2, 108.14783571060399)
(None, 2, 108.15004572843921)
(None, 2, 108.15281851397397)
(None, 2, 108.15450111527215)
(None, 2, 108.1571684174995)
(None, 2, 108.15894737922446)
(None, 2, 108.16078050805322)
(None, 2, 108.16376939182317)
(None, 2, 108.16634147398382)
(None, 2, 108.16827039305932)
(None, 2, 108.1702050139352)
(None, 2, 108.17170344708045)
(None, 2, 108.17355254095033)
(None, 2, 108.17745257242427)
(None, 2, 108.1793763598794)
(None, 2, 108.18086053852365)
(None, 2, 108.18300840673452)
(None, 2, 108.18508443226033)
(None, 2, 108.1867710248188)
(None, 2, 108.18895196347198)
(None, 2, 108.19049943210068)
(None, 2, 108.19284515278544)
(None, 2, 108.19532087451934)
(None, 2, 108.19724751287467)
(None, 2, 108.19875449872052)
(None, 2, 108.20157803027884)
(None, 2, 108.20355142339746)
(None, 2, 108.2050156457403)
(None, 2, 108.20695881931678)
(None, 2, 108.20845839282212)
(None, 2, 108.21225351116868)
(None, 2, 108.21396804254911)
(None, 2, 108.21628183315164)
(None, 2, 108.21945032363419)
(None, 2, 108.22230521509472)
(None, 2, 108.224601330116)
(None, 2, 108.22623033449042)
(None, 2, 108.2293435175091)
(None, 2, 108.23162423766928)
(None, 2, 108.23353377062341)
(None, 2, 108.2350099667471)
(None, 2, 108.23825372099495)
(None, 2, 108.24013930638739)
(None, 2, 108.24171186293785)
(None, 2, 108.24377363396266)
(None, 2, 108.24590496695237)
(None, 2, 108.24890753504326)
(None, 2, 108.25049206537456)
(None, 2, 108.25225734277855)
(None, 2, 108.25406139242527)
(None, 2, 108.25655250902025)
(None, 2, 108.25846945431489)
(None, 2, 108.26139732882055)
(None, 2, 108.2641159472515)
(None, 2, 108.266571712684)
(None, 2, 108.26858615876549)
(None, 2, 108.27042784029486)
(None, 2, 108.273078037121)
(None, 2, 108.27573279538747)
(None, 2, 108.27757105583659)
(None, 2, 108.27912650698585)
(None, 2, 108.28079485378304)
(None, 2, 108.28446396234075)
(None, 2, 108.2859538427854)
(None, 2, 108.28788390222097)
(None, 2, 108.28945075697102)
(None, 2, 108.29154787915833)
(None, 2, 108.29435715621565)
(None, 2, 108.29663388511557)
(None, 2, 108.29847499646489)
(None, 2, 108.30143993267315)
(None, 2, 108.3033215268053)
(None, 2, 108.30512785717218)
(None, 2, 108.30678251964841)
(None, 2, 108.30968929749258)
(None, 2, 108.3120487024983)
(None, 2, 108.31357450428547)
(None, 2, 108.31550285318092)
(None, 2, 108.31784629314552)
(None, 2, 108.32183527270571)
(None, 2, 108.32465595336383)
(None, 2, 108.3276465476739)
(None, 2, 108.33047920211285)
(None, 2, 108.33378852706531)
(None, 2, 108.33555551500942)
(None, 2, 108.33828553704117)
(None, 2, 108.34047331785484)
(None, 2, 108.34241364053113)
(None, 2, 108.3447280013137)
(None, 2, 108.3472721446524)
(None, 2, 108.34952891725091)
(None, 2, 108.35116476378582)
(None, 2, 108.3528017506808)
(None, 2, 108.35444843063645)
(None, 2, 108.35667270297269)
(None, 2, 108.35814034639577)
(None, 2, 108.36037374161265)
(None, 2, 108.36208827299308)
(None, 2, 108.36410785069494)
(None, 2, 108.36625229782557)
(None, 2, 108.36848341232228)
(None, 2, 108.37163878866392)
(None, 2, 108.3747593840231)
(None, 2, 108.37742326517021)
(None, 2, 108.37914463871113)
(None, 2, 108.38219567210542)
(None, 2, 108.38435437373705)
(None, 2, 108.38583513130106)
(None, 2, 108.38778685757815)
(None, 2, 108.38936169484876)
(None, 2, 108.39286944245515)
(None, 2, 108.39520090863891)
(None, 2, 108.39703004620739)
(None, 2, 108.39933243320911)
(None, 2, 108.40192390149113)
(None, 2, 108.40372966167797)
(None, 2, 108.4062869191576)
(None, 2, 108.40877461467232)
(None, 2, 108.4113695040346)
(None, 2, 108.41284570015829)
(None, 2, 108.4147552331124)
(None, 2, 108.41744477236132)
(None, 2, 108.41998663497986)
(None, 2, 108.42155634063012)
(None, 2, 108.42359017283297)
(None, 2, 108.42541931040145)
(None, 2, 108.42800336634296)
(None, 2, 108.4308200557408)
(None, 2, 108.43274327301589)
(None, 2, 108.43423372364057)
(None, 2, 108.43655150550337)
(None, 2, 108.43858362716611)
(None, 2, 108.44005526184948)
(None, 2, 108.442682081294)
(None, 2, 108.44561052597969)
(None, 2, 108.44762782296138)
(None, 2, 108.44910116818487)
(None, 2, 108.45101640293939)
(None, 2, 108.45359076582021)
(None, 2, 108.45685390618942)
(None, 2, 108.45853023550717)
(None, 2, 108.46060512067291)
(None, 2, 108.4626737338582)
(None, 2, 108.46541059805044)
(None, 2, 108.46710232222927)
(None, 2, 108.46879062532786)
(None, 2, 108.47046353356536)
(None, 2, 108.47308636174958)
(None, 2, 108.47497650858234)
(None, 2, 108.47748872183881)
(None, 2, 108.4790019796651)
(None, 2, 108.48088585451742)
(None, 2, 108.483855352166)
(None, 2, 108.48534010099029)
(None, 2, 108.48790249009028)
(None, 2, 108.4917369508596)
(None, 2, 108.49425201501626)
(None, 2, 108.49583540498747)
(None, 2, 108.49752541862618)
(None, 2, 108.49994355217603)
(None, 2, 108.50251335361654)
(None, 2, 108.5042370078776)
(None, 2, 108.5059823289802)
(None, 2, 108.50863138544626)
(None, 2, 108.5109708341506)
(None, 2, 108.51321107152795)
(None, 2, 108.51499630523334)
(None, 2, 108.51752334317084)
(None, 2, 108.51986564277536)
(None, 2, 108.52134069853896)
(None, 2, 108.52325650347353)
(None, 2, 108.52565867198227)
(None, 2, 108.52805855977083)
(None, 2, 108.52989396931976)
(None, 2, 108.53180065137367)
(None, 2, 108.533285970378)
(None, 2, 108.53552164631505)
(None, 2, 108.53812793927811)
(None, 2, 108.53965716214552)
(None, 2, 108.54200117229016)
(None, 2, 108.54492961697585)
(None, 2, 108.5478871408436)
(None, 2, 108.55076426932568)
(None, 2, 108.55264415291772)
(None, 2, 108.5553701836892)
(None, 2, 108.55705335516743)
(None, 2, 108.55901420432515)
(None, 2, 108.56078347298943)
(None, 2, 108.56368340867313)
(None, 2, 108.56559693288753)
(None, 2, 108.56747624629953)
(None, 2, 108.56959446514831)
(None, 2, 108.57237979464395)
(None, 2, 108.57434634560208)
(None, 2, 108.577078648354)
(None, 2, 108.57870423164819)
(None, 2, 108.58080249419557)
(None, 2, 108.58373892140182)
(None, 2, 108.58670214706996)
(None, 2, 108.58889791040419)
(None, 2, 108.59167924863955)
(None, 2, 108.59387843305402)
(None, 2, 108.5954612528452)
(None, 2, 108.59709367829986)
(None, 2, 108.600598004826)
(None, 2, 108.60216714029622)
(None, 2, 108.60407952415055)
(None, 2, 108.60557852747584)
(None, 2, 108.60777372063002)
(None, 2, 108.61007838835191)
(None, 2, 108.61288367414895)
(None, 2, 108.61454346824553)
(None, 2, 108.6161530864986)
(None, 2, 108.61783340707662)
(None, 2, 108.61946640271132)
(None, 2, 108.62110395978634)
(None, 2, 108.62323871385628)
(None, 2, 108.62492587659479)
(None, 2, 108.6267880846056)
(None, 2, 108.62843761546146)
(None, 2, 108.63007517253648)
(None, 2, 108.63168022934921)
(None, 2, 108.63345862089413)
(None, 2, 108.63676623530647)
(None, 2, 108.638411204722)
(None, 2, 108.6403116147955)
(None, 2, 108.64194518061024)
(None, 2, 108.64465752706074)
(None, 2, 108.64771882369577)
(None, 2, 108.64965230421157)
(None, 2, 108.65114104429615)
(None, 2, 108.65334764105114)
(None, 2, 108.6558997669104)
(None, 2, 108.65745065661933)
(None, 2, 108.66014703802873)
(None, 2, 108.66267749704647)
(None, 2, 108.66481111075633)
(None, 2, 108.66635002668443)
(None, 2, 108.6679471009766)
(None, 2, 108.66956812283047)
(None, 2, 108.67180836020782)
(None, 2, 108.67340657486008)
(None, 2, 108.67510229029918)
(None, 2, 108.67734537857675)
(None, 2, 108.67938719330016)
(None, 2, 108.68234015572757)
(None, 2, 108.68462030570772)
(None, 2, 108.68756471543455)
(None, 2, 108.69095158487244)
(None, 2, 108.69592754608195)
(None, 2, 108.69763922656217)
(None, 2, 108.70042113497757)
(None, 2, 108.702918523553)
(None, 2, 108.70446770272181)
(None, 2, 108.7060009168495)
(None, 2, 108.70975726295335)
(None, 2, 108.71179907767677)
(None, 2, 108.71346343321368)
(None, 2, 108.71574985517427)
(None, 2, 108.71820676096684)
(None, 2, 108.72033923431663)
(None, 2, 108.72228925005359)
(None, 2, 108.72390285956693)
(None, 2, 108.72663231141865)
(None, 2, 108.72862395029854)
(None, 2, 108.73051238659119)
(None, 2, 108.73275661522882)
(None, 2, 108.7350498793499)
(None, 2, 108.73723594962345)
(None, 2, 108.73890144552044)
(None, 2, 108.74070435480708)
(None, 2, 108.74401938155992)
(None, 2, 108.74632861072212)
(None, 2, 108.74814007270936)
(None, 2, 108.74975710330294)
(None, 2, 108.75126123824859)
(None, 2, 108.75354937074931)
(None, 2, 108.75640597274996)
(None, 2, 108.7581507236725)
(None, 2, 108.76074048141442)
(None, 2, 108.76329830907407)
(None, 2, 108.7651821839264)
(None, 2, 108.7671185153424)
(None, 2, 108.79006598123424)
(None, 2, 108.79490509923413)
(None, 2, 108.79702502862304)
(None, 2, 108.79880342016796)
(None, 2, 108.8019434016485)
(None, 2, 108.80506228646757)
(None, 2, 108.80845428752583)
(None, 2, 108.81153097902194)
(None, 2, 108.81446512550804)
(None, 2, 108.81698874236528)
(None, 2, 108.81949696436146)
(None, 2, 108.82146750657988)
(None, 2, 108.82300528214789)
(None, 2, 108.8254798635217)
(None, 2, 108.82853545835633)
(None, 2, 108.83017187507127)
(None, 2, 108.83222851447573)
(None, 2, 108.83500244037057)
(None, 2, 108.83674662111308)
(None, 2, 108.83945725702348)
(None, 2, 108.84263201948647)
(None, 2, 108.84603827504573)
(None, 2, 108.84787938639505)
(None, 2, 108.85067783003161)
(None, 2, 108.85407325217011)
(None, 2, 108.85577466940961)
(None, 2, 108.85795788878296)
(None, 2, 108.86089659670938)
(None, 2, 108.86396074424461)
(None, 2, 108.86602536616962)
(None, 2, 108.86785108265786)
(None, 2, 108.87034562033308)
(None, 2, 108.87230932039101)
(None, 2, 108.8737997710157)
(None, 2, 108.87657711799078)
(None, 2, 108.87874209160285)
(None, 2, 108.88114426011157)
(None, 2, 108.88261589479494)
(None, 2, 108.8845088925279)
(None, 2, 108.88600903621328)
(None, 2, 108.88889015595565)
(None, 2, 108.89079968890977)
(None, 2, 108.89261400179721)
(None, 2, 108.89467976408231)
(None, 2, 108.89646043634738)
(None, 2, 108.89850339143088)
(None, 2, 108.90098367460509)
(None, 2, 108.90257447691683)
(None, 2, 108.90451080833284)
(None, 2, 108.90719863704163)
(None, 2, 108.90911330161612)
(None, 2, 108.91104165051156)
(None, 2, 108.91323684366576)
(None, 2, 108.91533852729337)
(None, 2, 108.91803775960297)
(None, 2, 108.91989255527325)
(None, 2, 108.92141778688038)
(None, 2, 108.92306446683605)
(None, 2, 108.9264650205949)
(None, 2, 108.92820635043721)
(None, 2, 108.92978574914815)
(None, 2, 108.9314250167633)
(None, 2, 108.93411683673237)
(None, 2, 108.93687308704597)
(None, 2, 108.93881055882206)
(None, 2, 108.94047890561924)
(None, 2, 108.94294721501261)
(None, 2, 108.94565785092301)
(None, 2, 108.94856291822705)
(None, 2, 108.95029683572885)
(None, 2, 108.95299720839853)
(None, 2, 108.95495520665605)
(None, 2, 108.95745601631171)
(None, 2, 108.96139767092858)
(None, 2, 108.96365615406721)
(None, 2, 108.96568428446966)
(None, 2, 108.96875470398533)
(None, 2, 108.97145621701509)
(None, 2, 108.97400264107395)
(None, 2, 108.97627765943375)
(None, 2, 108.97863934515962)
(None, 2, 108.98073931824713)
(None, 2, 108.98220753185026)
(None, 2, 108.98480869319296)
(None, 2, 108.98697537734515)
(None, 2, 108.9899403135534)
(None, 2, 108.99140339553617)
(None, 2, 108.99421267259349)
(None, 2, 108.99841090822838)
(None, 2, 109.00084044537903)
(None, 2, 109.0025669505403)
(None, 2, 109.00415661249195)
(None, 2, 109.0064521573332)
(None, 2, 109.00837195352804)
(None, 2, 109.01144579412396)
(None, 2, 109.01467700441091)
(None, 2, 109.01768242340201)
(None, 2, 109.01968204480247)
(None, 2, 109.0221212750138)
(None, 2, 109.02503432483842)
(None, 2, 109.0275471082749)
(None, 2, 109.02927019235594)
(None, 2, 109.03096761833517)
(None, 2, 109.03437273353434)
(None, 2, 109.03586204379894)
(None, 2, 109.03773736595068)
(None, 2, 109.03928939601968)
(None, 2, 109.04108090170553)
(None, 2, 109.04401276747146)
(None, 2, 109.04644629588239)
(None, 2, 109.04837521495787)
(None, 2, 109.05088001587382)
(None, 2, 109.05305582290664)
(None, 2, 109.05474754708547)
(None, 2, 109.056292734994)
(None, 2, 109.0601123710823)
(None, 2, 109.06277055042901)
(None, 2, 109.06482091785303)
(None, 2, 109.06652974743305)
(None, 2, 109.06984990580625)
(None, 2, 109.07176913182106)
(None, 2, 109.07338673259468)
(None, 2, 109.07530595860949)
(None, 2, 109.0785251951156)
(None, 2, 109.08209737306652)
(None, 2, 109.08370642113954)
(None, 2, 109.0857031916398)
(None, 2, 109.0883043529825)
(None, 2, 109.08981361954851)
(None, 2, 109.09161994991538)
(None, 2, 109.09464874628813)
(None, 2, 109.09774083264531)
(None, 2, 109.09975356818669)
(None, 2, 109.10185582199435)
(None, 2, 109.10351903717118)
(None, 2, 109.10696292461307)
(None, 2, 109.1084539454178)
(None, 2, 109.11059440128815)
(None, 2, 109.11213103649608)
(None, 2, 109.1144989942024)
(None, 2, 109.11669931897696)
(None, 2, 109.11924859393602)
(None, 2, 109.12073163222018)
(None, 2, 109.12265028805496)
(None, 2, 109.12523263345633)
(None, 2, 109.12680861108704)
(None, 2, 109.12871757386112)
(None, 2, 109.13113684777105)
(None, 2, 109.13318094321463)
(None, 2, 109.13517885407497)
(None, 2, 109.13720926519758)
(None, 2, 109.13902300790498)
(None, 2, 109.14254615037244)
(None, 2, 109.14457485095494)
(None, 2, 109.14611718796327)
(None, 2, 109.14781917538282)
(None, 2, 109.15051042517186)
(None, 2, 109.15249180081102)
(None, 2, 109.15467730090454)
(None, 2, 109.15665924672375)
(None, 2, 109.15836294468342)
(None, 2, 109.16120073074273)
(None, 2, 109.16304754389246)
(None, 2, 109.16505856889371)
(None, 2, 109.16825043675792)
(None, 2, 109.17045817387299)
(None, 2, 109.17213906463105)
(None, 2, 109.17416548449339)
(None, 2, 109.17647756455578)
(None, 2, 109.17979316148867)
(None, 2, 109.18127505941276)
(None, 2, 109.18316748696569)
(None, 2, 109.18469556947302)
(None, 2, 109.18699738629469)
(None, 2, 109.18881797116258)
(None, 2, 109.19110838438345)
(None, 2, 109.19307265462142)
(None, 2, 109.1951053464642)
(None, 2, 109.19729426763794)
(None, 2, 109.1989420879537)
(None, 2, 109.20041885425742)
(None, 2, 109.2026665039753)
(None, 2, 109.2050356020417)
(None, 2, 109.20725303221745)
(None, 2, 109.20950125211537)
(None, 2, 109.21101279940154)
(None, 2, 109.21271877808137)
(None, 2, 109.21570253023094)
(None, 2, 109.21741820197146)
(None, 2, 109.21975137869534)
(None, 2, 109.22301280852442)
(None, 2, 109.22633353707766)
(None, 2, 109.22845745772685)
(None, 2, 109.23044453516643)
(None, 2, 109.23314547801614)
(None, 2, 109.2347579471694)
(None, 2, 109.23666576958341)
(None, 2, 109.23906280647176)
(None, 2, 109.24136405311341)
(None, 2, 109.24364078201333)
(None, 2, 109.24525895296699)
(None, 2, 109.24806880020435)
(None, 2, 109.25180233910659)
(None, 2, 109.25383332040926)
(None, 2, 109.25541043840003)
(None, 2, 109.25710159239881)
(None, 2, 109.25958928791356)
(None, 2, 109.26150794374831)
(None, 2, 109.2638126114702)
(None, 2, 109.26549236186818)
(None, 2, 109.26810207591149)
(None, 2, 109.27065306141067)
(None, 2, 109.27267263911253)
(None, 2, 109.27436094221112)
(None, 2, 109.27818570991977)
(None, 2, 109.28025717400526)
(None, 2, 109.28226306738615)
(None, 2, 109.28400439722847)
(None, 2, 109.28756859265881)
(None, 2, 109.28939544950714)
(None, 2, 109.29137055316586)
(None, 2, 109.2930879354465)
(None, 2, 109.29529339184141)
(None, 2, 109.29769955161042)
(None, 2, 109.30073062870332)
(None, 2, 109.30259568761431)
(None, 2, 109.30533825360696)
(None, 2, 109.30744848993518)
(None, 2, 109.30952850672128)
(None, 2, 109.31213993130471)
(None, 2, 109.31465043402105)
(None, 2, 109.31760453680855)
(None, 2, 109.32022052283229)
(None, 2, 109.322764666171)
(None, 2, 109.3267011891675)
(None, 2, 109.32908967335526)
(None, 2, 109.33194114373555)
(None, 2, 109.33451436625629)
(None, 2, 109.33802895602315)
(None, 2, 109.3412670084706)
(None, 2, 109.34445773597471)
(None, 2, 109.3460508190066)
(None, 2, 109.34941887250318)
(None, 2, 109.35194705080076)
(None, 2, 109.35368096830256)
(None, 2, 109.35683919554438)
(None, 2, 109.36094620237286)
(None, 2, 109.36324231739414)
(None, 2, 109.36472478549827)
(None, 2, 109.3664336150783)
(None, 2, 109.3694361831692)
(None, 3, 109.39022551760944)
(None, 3, 109.39259290513573)
(None, 3, 109.39542555957469)
(None, 1, 109.43541969812388)
(None, 1, 109.43734918737941)
(None, 1, 109.43999596312531)
(None, 1, 109.44217747195854)
(None, 1, 109.44386577505713)
(None, 1, 109.44635746183215)
(None, 1, 109.448775595382)
(None, 1, 109.45120114127236)
(None, 1, 109.4530838757646)
(None, 1, 109.4545714754891)
(None, 1, 109.45795606420684)
(None, 1, 109.46077047288452)
(None, 1, 109.46242855644098)
(None, 1, 109.46413282458069)
(None, 1, 109.46646714166465)
(None, 1, 109.46857452709267)
(None, 1, 109.47109985449005)
(None, 1, 109.4725925858349)
(None, 1, 109.47408816807996)
(None, 1, 109.47708902563073)
(None, 1, 109.47897518120321)
(None, 1, 109.48089383703798)
(None, 1, 109.48315517107682)
(None, 1, 109.48554194472446)
(None, 1, 109.4878089805637)
(None, 1, 109.48981715466476)
(None, 1, 109.49152427370467)
(None, 1, 109.4943734633648)
(None, 1, 109.4965361562567)
(None, 1, 109.4981434937896)
(None, 1, 109.49980898968658)
(None, 1, 109.50148132774405)
(None, 1, 109.50441547423014)
(None, 1, 109.50592017935584)
(None, 1, 109.50860857824466)
(None, 1, 109.51015604687336)
(None, 1, 109.51221325645785)
(None, 1, 109.51433261566672)
(None, 1, 109.51596047968107)
(None, 1, 109.5179184779386)
(None, 1, 109.52039933129285)
(None, 1, 109.52315957286673)
(None, 1, 109.52514322922606)
(None, 1, 109.52787553197798)
(None, 1, 109.53184911667708)
(None, 1, 109.53334298838202)
(None, 1, 109.53525879331657)
(None, 1, 109.53679599870455)
(None, 1, 109.5388725944104)
(None, 1, 109.54070857413937)
(None, 1, 109.54331657764256)
(None, 1, 109.54500145966091)
(None, 1, 109.5465346737886)
(None, 1, 109.54963360230626)
(None, 1, 109.55156252138175)
(None, 1, 109.55316301675417)
(None, 1, 109.55535649936824)
(None, 1, 109.5579941522335)
(None, 1, 109.55939850567215)
