((-2, -1, -13, -4, 1, -1, 0, -2), 2, 5.701810153669486e-07)
((-10, -44, 5, -3, 1, -1, -1, -3), 2, 0.18984633051454847)
((0, -2, 3, -5, 0, 1, 0, 0), 2, 0.2112885577784379)
((4, 21, -3, -4, 3, 3, 1, 1), 2, 0.23588103515222977)
((3, 17, -8, -2, -4, -4, -3, 0), 2, 0.2571054532682491)
((0, -3, -7, -2, -1, 1, -2, -1), 2, 0.27944457526931077)
((0, 5, 7, -8, -2, 0, -2, -1), 2, 0.3071491006249754)
((1, 4, 0, 8, 1, -4, -1, 0), 2, 0.3282577719948752)
((1, 4, 5, -9, -3, -2, -1, 2), 2, 0.35502834084736884)
((-2, -2, -1, -2, -5, -1, -1, 0), 2, 0.5008076614082673)
((-3, 1, 28, 2, 0, 2, -1, 2), 2, 0.5500370902750497)
((0, 3, 17, -1, -7, 0, 0, 0), 2, 0.570348078404451)
((-2, -1, 17, 2, -4, -1, -2, -1), 2, 0.5938480889527998)
((0, 4, 2, 5, 12, 0, 2, -2), 2, 0.6143928512985017)
((1, 1, 20, 0, -3, -3, -7, -1), 2, 0.6329836033045411)
((0, -1, 2, 6, 1, 1, 1, 1), 2, 0.6535768310365492)
((-11, -15, -1, -19, -17, -10, -2, 43), 3, 2.1403563289237435)
((20, 7, 17, 22, 11, 7, 3, -46), 3, 2.160341173512355)
((-14, 9, -10, 6, -2, 5, -9, -9), 2, 2.1803818958404726)
((6, -4, -12, -20, 10, 5, 2, -10), 3, 2.2443043192922456)
((4, 7, 1, 5, 0, 1, 3, -26), 3, 2.2643610066887936)
((1, -3, 28, 2, -2, -1, -6, 7), 3, 2.2854799413169697)
((-2, -8, -43, -7, -8, 4, -3, 7), 3, 2.3082227514769116)
((-5, -3, -7, -8, -3, -2, 5, -5), 3, 2.3245242267062523)
((3, -3, 4, -11, -4, 2, -7, 10), 3, 2.457797767057108)
((-3, 1, -11, 1, 3, 1, 6, -1), 3, 2.5668009823078535)
((-1, -4, -19, -1, 0, 3, 23, 4), 3, 2.5939837920344573)
((1, 8, -14, 1, 4, 6, 2, 12), 3, 2.6157099694439996)
((4, -9, 33, 0, -9, -1, 0, 20), 3, 2.639014407904077)
((8, -2, -18, 2, 2, 4, -4, 3), 3, 2.6610137020199804)
((-8, 0, -2, 10, 1, -2, -2, -13), 3, 2.6803365664497507)
((4, 0, 21, -12, 2, 1, -8, -6), 3, 2.7021442797444903)
((-10, -2, -5, -2, -2, -7, -15, -16), 3, 2.724587174690349)
((0, 2, -6, 0, -3, -4, 4, 9), 3, 2.75310933962205)
((-6, -10, 6, 7, -2, 0, -20, 0), 3, 2.7733005897382244)
((-9, 4, 1, 10, 1, -3, -23, -60), 3, 2.7963872190504317)
((0, -2, 0, 4, 0, -1, 18, 10), 3, 2.8168401822526596)
((-5, -8, -42, -14, -7, -4, 0, 11), 3, 2.841754811900134)
((-14, 7, 6, 7, 5, 2, -2, 1), 3, 2.8634302431993084)
((-3, 1, -1, 20, 3, 5, 6, 0), 3, 2.8883334692264753)
((-3, -1, 20, 2, -7, -3, -1, 3), 3, 2.9141307390857376)
((-6, -1, 23, -4, -3, -5, -3, -4), 3, 2.9434232185691993)
((-1, -2, 15, -1, -6, -3, 3, -9), 3, 3.3387519535827037)
((-1, -2, 3, 1, 2, -6, 5, 2), 3, 3.3592482505420995)
((-26, 0, 23, 16, -2, 3, -1, 6), 3, 3.3803107372497547)
((1, -1, 19, 5, -2, -9, 3, 15), 3, 3.4022912153921507)
((2, 0, -44, -5, 3, 1, 3, 1), 3, 3.4285548933219827)
((1, -1, -17, -1, -3, -2, -11, -14), 3, 3.452689515340435)
((0, -3, 5, 0, -2, 0, -5, -3), 3, 3.4803284698793324)
((0, 1, 15, 5, 1, -1, 0, -4), 3, 3.5014878873596)
((1, 6, 30, 8, 1, -3, -2, 11), 3, 3.5206739083456826)
((10, 7, -30, -26, -3, 0, -1, 5), 3, 3.543851766620349)
((1, -6, -18, 1, -8, -3, 0, 5), 3, 3.5643606075620826)
((0, -4, 15, 3, -4, -3, 3, -8), 3, 3.585033090455227)
((11, -2, 26, 1, -2, -3, 4, 1), 3, 3.60466328245228)
((-3, -3, 11, 3, -2, 0, -14, -5), 3, 3.624891024153438)
((-14, 3, 7, -1, 0, -2, -3, -5), 3, 3.645122186940688)
((-6, -8, 29, -9, -2, -2, 2, -7), 3, 3.66737635197046)
((9, 1, 16, 1, -5, -3, -4, 11), 3, 3.688732481901029)
((-2, -5, -15, -16, -4, -3, 0, 6), 3, 3.7125842941358593)
((0, -4, -9, 7, 4, 6, 1, -2), 3, 3.731938518521475)
((5, -1, -5, 9, -1, 1, 5, 22), 3, 3.758432549581516)
((-3, 2, -25, -7, 2, -1, 6, 1), 3, 3.779078804147953)
((4, -8, 2, -3, -3, -6, -12, -8), 3, 3.799580802917502)
((4, 5, 8, -1, 2, 2, -13, -38), 3, 3.823315157863167)
((-10, -17, 5, -23, -9, -1, 9, 13), 3, 3.8460437134977243)
((-1, 5, -51, -4, 1, 0, 3, 6), 3, 3.867101068576241)
((-4, -3, -12, 5, -1, 1, 7, -4), 3, 3.8910030567404235)
((-1, -9, -43, -7, -6, -5, -11, -9), 3, 3.9115854510331394)
((5, 4, 14, 3, 2, -1, 1, 3), 3, 3.93079998106999)
((0, 2, -8, -3, -1, 1, 0, 0), 3, 3.955938691856504)
((6, 4, 7, -9, -2, 2, 1, 1), 3, 3.980660600320784)
((-1, 0, 14, 9, 2, 3, -3, -2), 3, 4.001296591628944)
((1, -2, -12, -6, -4, -4, -1, -2), 3, 4.023778829064863)
((-5, -8, -10, -3, 2, -3, -4, -4), 3, 4.050998700557466)
((3, -1, 9, -1, 1, 9, 11, -3), 3, 4.075293543441236)
((0, 1, 3, -4, -10, -3, -2, -2), 3, 4.095082245760562)
((0, -2, -1, -16, 3, 2, -3, -2), 3, 4.117798827593796)
((-3, -7, -17, -5, -6, -6, -4, -5), 3, 4.144458781329309)
((-1, -2, -66, -8, 4, 1, -8, -5), 3, 4.168438314111581)
((-3, -12, -41, 1, 8, -2, -3, -2), 3, 4.19176727035532)
((0, 3, 9, -27, -5, 1, -2, 0), 3, 4.211613560957197)
((-1, 0, -3, 2, 9, 4, 0, -9), 3, 4.2337770672055255)
((-1, 2, 2, 8, 5, -1, 1, -2), 3, 4.255722194124969)
((2, 3, 13, -9, -5, -2, 0, 2), 3, 4.279485628302417)
((-3, -5, -31, -7, -8, -5, -7, -2), 3, 4.301839575009878)
((-1, -1, 13, -2, 8, 1, 0, 2), 3, 4.3222976698412445)
((1, 4, 7, 2, 15, 3, 3, 1), 3, 4.347950113722604)
((0, 1, -3, -5, 7, 1, -2, -2), 3, 4.368864353366263)
((1, 2, 13, -48, -23, -5, -3, 0), 3, 4.391428126687379)
((1, 0, 26, 21, 17, 5, 3, 2), 3, 4.409253695770796)
((2, 3, 3, 19, 12, -2, -4, 3), 3, 4.431259832058884)
((0, 1, -1, 6, -22, -4, 0, 0), 3, 4.455647044267144)
((0, 2, -11, -8, -7, 1, -2, 1), 3, 4.479948729323098)
((-2, -6, 10, 29, 1, 1, 2, 0), 3, 4.5023807908296645)
((0, -2, -32, -1, -9, -4, -2, -1), 3, 4.522678664795713)
((3, 2, -29, 2, 0, 3, 1, 1), 3, 4.542249557967168)
((0, 4, 6, -24, -7, -1, 0, 0), 3, 4.562983050228956)
((-1, 0, 16, 5, 2, -3, -3, -2), 3, 4.586768721466004)
((-3, 1, 69, -9, -9, -6, -5, -5), 3, 4.607603135767512)
((3, 1, 8, -14, 2, -1, -11, 2), 3, 4.63298987529571)
((8, 0, -41, -35, -7, -2, -8, 12), 3, 4.657401605287631)
((-2, -1, 8, 5, 4, -3, -6, -24), 2, 4.805414895066737)
((14, 0, 15, 9, 0, 1, -5, 5), 2, 4.827599498012634)
((9, -8, 14, -11, -12, -8, -6, -2), 2, 4.849528089682631)
((-3, 18, 25, 10, 0, -4, 3, -16), 2, 4.872571955418687)
((11, -8, 16, 15, 8, 7, 9, 74), 2, 4.895757796227568)
((8, -2, 10, -10, -4, -5, -1, 40), 2, 4.919253815508809)
((-6, 1, -16, -1, 1, 3, -2, -32), 2, 4.943963750171767)
((34, 3, 29, -15, -4, -5, -3, 1), 2, 4.971837619288996)
((0, -6, -14, -30, -2, -5, -8, -21), 2, 4.998953717836802)
((1, -5, -6, -16, -1, -2, -2, -2), 2, 5.021232400650234)
((-4, 14, -50, -1, -2, -1, 2, -11), 2, 5.042302299711089)
((7, 11, 20, 31, 9, 4, 3, 19), 2, 5.063330005376807)
((5, 8, 15, 3, -1, -1, 0, 5), 2, 5.088184766017668)
((-21, -5, -1, -2, 1, -4, -4, 8), 2, 5.111631179550572)
((-4, 0, 45, -8, 2, 1, 1, -14), 2, 5.13055434708857)
((4, 5, 19, 21, 4, 4, 1, -3), 2, 5.159403225742077)
((7, -2, -8, 3, -2, -2, -2, -15), 2, 5.178802494427906)
((8, 7, 21, 3, 3, 0, -1, 8), 2, 5.201997458133033)
((-1, 4, 0, -24, -4, -3, -2, -1), 2, 5.223745872602175)
((-6, 0, -2, 8, 2, 1, -1, 3), 2, 5.243688523795649)
((0, 0, -4, 0, 2, 0, 0, -6), 2, 5.266809934149794)
((-40, -12, -9, -2, -2, -3, -2, -14), 2, 5.290128627135257)
((-4, 2, 24, 2, 1, 4, 3, -8), 2, 5.311451686566935)
((-8, 3, 3, 4, 0, 0, -1, -3), 2, 5.335119330333801)
((-13, -3, -78, -6, -4, -3, -6, -28), 2, 5.35639050329308)
((1, 4, 31, 8, 0, -3, 1, 7), 2, 5.3841930997833884)
((-5, 2, 25, -4, -3, -1, -2, -12), 2, 5.4061068667469865)
((0, -2, 22, 8, 1, 0, 1, 5), 2, 5.428148924439042)
((5, -3, 4, -1, -3, -2, 4, 30), 2, 5.451548583128686)
((-1, -7, -27, -2, -3, 1, -4, -17), 2, 5.4782723971379195)
((-3, 2, 11, 9, 1, 1, -1, -1), 2, 5.506694780391931)
((-3, -8, -30, -1, -1, -4, -2, -3), 2, 5.530937166622287)
((-2, 0, 25, 4, -3, 0, 1, -8), 2, 5.556681409647121)
((1, 1, -5, 0, -1, -1, 1, 3), 2, 5.577674904451916)
((0, 1, 73, 15, 1, 2, 1, -6), 2, 5.599920516766458)
((-5, -3, -12, -11, 0, -2, -2, -3), 2, 5.6217077035446446)
((1, -8, -26, -19, -4, -2, -2, -1), 2, 5.643698444945317)
((-3, 5, 20, 10, 3, -1, -3, -5), 2, 5.666858627608507)
((-1, 1, 15, 4, 0, 0, 1, -2), 2, 5.688843667199025)
((-3, -4, -23, -18, -5, -3, -1, -3), 2, 5.714902079963326)
((1, 1, 10, 7, 0, 1, 2, -1), 2, 5.7375867316597)
((-1, -3, 10, 25, 3, 3, 0, -3), 2, 5.761165427188169)
((-2, -7, -30, -12, -12, -4, -2, 0), 2, 5.781225535670809)
((0, 0, -10, 4, 15, 1, 0, 2), 2, 5.804435894263352)
((-2, -8, -21, -6, -14, -5, -3, 0), 2, 5.826974579619792)
((-5, -11, -73, -15, -5, 0, -2, -4), 2, 5.8509888934440015)
((12, 6, 30, -16, -7, -3, 0, 2), 2, 5.874626887798069)
((-10, 3, -12, 3, -3, -2, -1, -2), 2, 5.894562696819359)
((22, 3, 2, 11, -1, 0, 1, 3), 2, 5.918140822166813)
((27, -1, -26, 10, 1, 2, 2, 6), 2, 5.941843246975617)
((33, -11, -15, -13, -4, -7, 0, 15), 2, 5.966564585258882)
((-34, -31, -26, 4, -9, -16, -22, -34), 2, 5.991162194261812)
((43, 24, 35, 16, 7, 7, 11, 17), 2, 6.014217463618174)
((-16, -2, 5, 2, 7, 6, 6, 12), 1, 6.121721672979521)
((6, -63, -50, -7, -9, -11, -19, -40), 1, 6.145395018556541)
((-41, -44, -24, -11, -9, -4, -6, -6), 1, 6.1674798398247495)
((61, 58, 17, 17, 10, 11, 4, 6), 1, 6.189544704757419)
((26, -12, -36, 3, 1, 0, -1, 15), 1, 6.209337968524868)
((9, 2, -6, 8, 1, 1, 14, 12), 1, 6.235467653916089)
((-35, -10, -5, -2, -1, 1, 11, 4), 1, 6.2573962455860865)
((1, 2, 4, -22, -2, -3, -3, -3), 1, 6.278113202598429)
((22, 2, -2, 3, 1, -3, -14, -5), 1, 6.305148335442053)
((-22, 14, 2, 8, 4, 4, 0, 3), 1, 6.325939415986393)
((-1, 11, -5, -18, 1, 1, 0, -8), 1, 6.35191572268448)
((15, 3, -1, 8, 7, 8, 12, -1), 1, 7.529445002905073)
((11, 4, 4, 1, 3, 19, 40, 35), 1, 7.548581418142818)
((5, -2, 1, -3, -3, -17, -14, -11), 1, 7.568752711923454)
((-16, 1, -3, 4, 0, 1, 3, -9), 1, 7.5901852461100825)
((16, 4, 7, 0, -2, 0, -2, -13), 1, 7.764360721598286)
((21, 0, 6, -6, -6, -2, -1, -1), 1, 7.786679887263809)
((-16, -8, -34, -6, -1, -4, -7, -8), 1, 7.80599533934038)
((-6, 1, 0, -11, 2, -1, -4, -6), 1, 7.829660132202171)
((-16, -8, -1, 4, 0, -1, -2, -6), 1, 7.851255738159193)
((18, -3, 0, 8, 3, 2, -1, -1), 1, 7.872887265520185)
((-3, -2, -33, -10, -2, -3, -6, -1), 1, 7.901094690531403)
((-9, 2, 14, 2, 0, 0, -1, -1), 1, 7.920192903641119)
((-2, 2, -2, -5, -4, -3, -4, -3), 1, 7.94546845787132)
((-1, -3, 3, -4, -2, 1, -2, -5), 1, 7.966473356296423)
((-4, 1, 33, 1, 0, -1, 1, 2), 1, 7.988880329838314)
((-14, -3, 1, -2, -6, -9, 10, -12), 1, 8.129410563971744)
((14, 1, 2, 5, 2, 2, -19, -4), 1, 8.15026493460879)
((-8, 1, 3, 6, 5, 2, -4, 2), 1, 8.172745461501663)
((-7, -3, 0, 2, 2, -3, -2, 1), 1, 8.199262299802319)
((-5, -32, 14, -10, 3, 0, -1, -1), 1, 8.239918486922043)
((1, 11, 10, -4, -6, -3, 0, 0), 1, 8.270196809381074)
((1, -8, 0, -5, 0, 0, -3, -3), 1, 8.297441768838354)
((1, 4, 2, -1, -1, -3, -7, -16), 1, 8.322613550123759)
((-11, 2, 1, 4, -1, 1, 0, 5), 1, 8.35259138718769)
((4, 1, -5, -4, -5, -2, -4, -4), 1, 8.379513054009257)
((3, -1, 1, 0, 0, 1, 1, 3), 1, 8.405556642067157)
((6, 4, 25, -7, -4, -2, -1, 2), 1, 8.431639002434103)
((-1, 1, 12, 2, 2, -6, -4, 0), 1, 8.588022549518795)
((3, 2, 30, 0, -6, -8, -4, 2), 1, 8.612880161064734)
((1, 2, 10, -12, -7, -7, -3, 1), 1, 8.637449261016895)
((-3, -2, 8, -6, -4, -3, -2, 0), 1, 8.66343469061123)
((-2, 1, 52, -7, -2, 0, 1, -1), 1, 8.695876850023577)
((1, 3, 19, 10, 7, -1, -3, 0), 1, 8.719833005384219)
((-1, 1, -8, 8, 2, 1, 3, 0), 1, 8.745626283976375)
((-1, -1, -18, -2, 4, 0, 1, -1), 1, 8.761110689810694)
((-2, -2, 33, 0, -2, -4, 2, -1), 1, 8.786626860429381)
((2, 2, 14, 10, 12, 6, 2, 0), 1, 8.815069770199946)
((1, 0, -13, -2, -8, -2, -1, 0), 3, 8.83350714351285)
((-1, 1, -3, -3, -2, 4, -5, -1), 3, 8.850846918371175)
((-3, 0, 4, -7, -3, -3, 3, 1), 3, 8.885248219752325)
((3, -3, -41, -10, 2, -11, -33, 3), 1, 11.112042280062651)
((-11, 40, -27, -28, -7, 8, -34, -20), 1, 11.13578974917167)
((-14, -36, -22, 8, 13, 52, 48, 109), 1, 11.16126486675725)
((-12, 8, 23, 11, -1, -5, -4, -41), 1, 11.183226528926138)
((2, -29, 15, -13, -1, -13, -11, -52), 1, 11.203725676790611)
((13, 2, 18, 11, -6, 3, 16, 3), 1, 11.232625301554485)
((1, 0, -6, 1, -5, -12, 9, 5), 3, 11.26591075868856)
((7, 5, -32, 17, 7, -7, -1, 6), 3, 11.287678559312225)
((10, 18, 11, 6, -3, -5, 4, 3), 3, 11.310612380112314)
((2, 2, 39, -1, -10, -15, 1, 12), 3, 11.335769906872335)
((-5, -10, -12, -5, -7, -3, -8, 34), 3, 11.355486766383724)
((3, -9, -41, -1, -9, -6, 8, 16), 3, 11.378247822336157)
((-1, 0, 4, 3, 3, -4, -1, -5), 3, 11.401597305096448)
((-4, 1, 6, 19, 3, 1, -4, -43), 3, 11.424012261172555)
((0, -4, -6, -8, -5, -6, -2, -6), 3, 11.444547330440995)
((7, -2, -7, 2, 9, 1, -18, -5), 3, 11.47459644013185)
((0, 1, 8, -2, -1, 0, -4, 8), 3, 11.511030436832781)
((-3, -1, 14, 4, 1, 1, 0, 5), 3, 11.53183634208352)
((-5, -6, 10, -7, -8, -3, -9, -15), 3, 11.555566135581063)
((1, 0, 11, 8, 2, -8, 6, 18), 3, 11.579517729493583)
((1, 0, 6, 11, 5, 5, 12, -8), 3, 11.60240137436432)
((-5, -1, -3, -4, -6, -1, -4, -5), 3, 11.63327667634644)
((-8, -1, 12, 2, 5, 1, -3, -12), 3, 11.654505655910581)
((-6, -7, 11, -4, -8, -6, -12, -9), 3, 11.67563428361602)
((-3, 1, -7, 8, 5, 2, -11, 13), 3, 11.696618655524569)
((-1, 2, -9, 0, 2, 1, -2, -2), 3, 11.718929838655878)
((-14, -12, -2, -17, -16, -7, 1, -4), 3, 11.74074325376077)
((2, -8, 5, 4, 6, 0, -3, 13), 3, 11.76820488200389)
((3, 0, 0, 17, 5, -8, 5, 4), 3, 11.789094033682874)
((0, -4, 8, 4, 1, 1, -3, 10), 3, 11.809912482915951)
((-5, -7, -11, -8, -2, 2, 0, 5), 3, 11.834309388201472)
((4, 0, -2, -5, -2, -1, -1, -2), 3, 11.861183159817747)
((-3, -1, 16, 15, 8, 9, -5, -18), 3, 11.884390667505214)
((4, -5, -25, -7, -6, -3, 1, 11), 3, 11.90907722474654)
((-2, -4, 6, -3, -8, -9, -12, -9), 3, 11.929964095701463)
((0, 1, -11, -14, -1, -2, -4, -3), 3, 11.958626525162943)
((-2, 2, -17, -6, -3, -1, -2, 0), 3, 11.979508834669742)
((0, -3, 20, 7, -8, 1, -2, -5), 3, 11.999351704185528)
((-4, -4, -7, -4, 1, -1, -5, -16), 3, 12.021805432570678)
((-1, 1, 19, 0, -1, -1, 1, -1), 3, 12.043963807189868)
((-1, 0, -4, -4, 1, 1, 9, 2), 3, 12.065886697049713)
((-1, 0, 0, -2, -3, 2, 2, 4), 3, 12.087281029108311)
((2, 2, 18, -9, -5, -6, -4, -1), 3, 12.108832731127151)
((0, 4, 1, 0, 0, 0, 5, 2), 3, 12.132772921419363)
((0, 1, 14, 9, 4, 3, -3, 0), 3, 12.159504717962811)
((2, 5, -5, -3, 5, 1, 15, -3), 3, 12.177512174790131)
((-2, 0, -2, -1, -1, -4, -4, -6), 3, 12.199661426513075)
((-1, 0, 20, 2, -1, -2, -3, 1), 3, 12.223701398482977)
((0, 0, 3, 8, 4, 2, 1, 1), 3, 12.245211477287695)
((0, 0, 6, -1, 2, 0, 2, 0), 3, 12.26722274520492)
((-3, -4, -13, -3, 4, 4, -3, -1), 3, 12.291482236865738)
((0, 1, 19, 0, -3, -1, -4, 0), 3, 12.314405224226535)
((0, -5, -4, -1, 0, 1, 5, 3), 3, 12.334747572311782)
((2, 2, 16, 8, 1, 2, 5, -1), 3, 12.35988685327931)
((1, -1, -2, 1, 0, 0, 1, 1), 3, 12.381139780446098)
((-2, -3, -1, 7, -2, -2, -3, -2), 3, 12.405275542826582)
((0, 1, -11, -31, -17, -6, -3, -1), 3, 12.427917430946803)
((0, -3, -5, 1, -7, -3, 1, 5), 3, 12.44825464740291)
((3, 2, 2, 2, 25, 8, 4, 1), 3, 12.471990142710606)
((0, 0, -5, 5, -5, -2, 0, -1), 3, 12.50035436750105)
((-3, -8, -1, 14, 5, -2, 0, -1), 3, 12.525271277872585)
((-2, -3, 5, 6, -1, 0, -1, -2), 3, 12.550424243184484)
((0, -2, -7, -33, -16, -9, -3, -2), 3, 12.574437416646663)
((3, 1, -2, 10, 21, 6, 2, 1), 3, 12.600682278602989)
((2, 1, 6, -6, 0, 0, -1, 1), 3, 12.626112351888354)
((-4, -3, 2, 24, 13, 3, -2, -2), 3, 12.656808046850633)
((18, -6, 34, -4, 2, 0, -6, 68), 3, 12.939036245836967)
((14, 5, 10, 16, 2, -3, -5, -5), 2, 12.965574751016206)
((-15, -5, 22, -4, -4, -7, -6, -26), 2, 12.991507723957124)
((4, 4, -16, -14, -1, -1, -1, 0), 2, 13.014151322620393)
((-15, -7, -17, -1, -1, -3, -3, -30), 2, 13.042057692055497)
((0, -5, -3, 7, -5, -3, -4, -16), 2, 13.070738937490486)
((-4, -9, 19, -14, -6, -4, -5, 13), 2, 13.096568707667624)
((-9, -4, -50, -9, 1, -1, -3, -24), 2, 13.125569254471216)
((4, -9, -14, -4, -7, -3, -4, -6), 2, 13.141782921824191)
((-3, -3, -4, -7, -5, -3, -3, -1), 2, 13.173507223338193)
((0, 2, 30, -9, -4, -2, -1, -10), 2, 13.200825736146454)
((-4, -8, 14, 18, -2, -3, 0, 20), 2, 13.224614828469594)
((16, -7, 1, -6, -4, 0, 0, 6), 2, 13.250584292995498)
((-1, 0, -17, -6, -3, -1, -2, -1), 2, 13.279323126713038)
((-1, -4, -18, 10, -4, -3, -4, -4), 2, 13.301669661067299)
((-2, -1, -31, 18, 1, 1, -1, 3), 2, 13.325392612392656)
((-3, -3, 7, 9, 2, -1, -5, -20), 2, 13.353672450392827)
((-3, -3, 17, -2, 1, 2, 1, -5), 2, 13.37892918864952)
((-4, 7, 7, -4, -5, -4, -4, -28), 2, 13.419664060749366)
((-6, 2, -4, 4, -1, -1, -3, -7), 2, 13.451912928797505)
((2, -2, 7, 23, 0, -4, -2, -1), 2, 13.4823902444309)
((7, -5, 10, -30, -6, -4, -4, -4), 2, 13.511830970978357)
((-6, -1, 0, 18, 1, 0, 1, -1), 2, 13.545799504968842)
((0, 0, -22, 8, 5, 1, -1, 3), 2, 13.570190138263195)
((2, 0, 18, 27, 2, 3, 2, 5), 2, 13.597022286665348)
((0, -2, 8, -16, -4, -5, -4, 2), 2, 13.626789156753594)
((-2, -1, 2, -8, -3, -2, 0, 6), 2, 13.661963623591582)
((-13, 1, 29, 25, 4, 1, 1, 8), 2, 13.689149284223262)
((1, 3, 4, -1, -2, -3, -2, 0), 2, 13.713807902594837)
((-3, 0, -29, 3, -3, 0, 1, 0), 2, 13.739675874900005)
((3, -2, 1, 3, -6, -2, -5, -16), 2, 13.768346857076716)
((-2, 2, 13, 8, 1, 2, 1, -5), 2, 13.797359377681632)
((0, -1, 5, 1, -1, -1, -1, 3), 2, 13.821732335364509)
((0, 6, -6, 0, 1, 0, 1, 2), 2, 13.847441227166389)
((-2, -5, 19, -2, -4, -1, 0, 1), 2, 13.873349682323648)
((0, 2, 11, 7, 1, -1, 1, -3), 2, 13.90521766945352)
((3, 3, -31, 3, 1, 2, 0, 0), 2, 13.929928174297494)
((0, 4, 33, -3, 1, -1, 1, -2), 2, 13.960231014540186)
((0, -4, 11, 18, 13, 6, 2, 2), 2, 13.985883458421545)
((0, -11, -42, -4, 0, 1, -1, -1), 2, 14.018155703891315)
((-6, -14, -65, -25, 0, -3, 0, -3), 2, 14.045211363251491)
((0, 4, 29, 11, -4, -3, -1, 0), 2, 14.073670238090486)
((1, 3, 12, -29, -21, -12, -5, -1), 2, 14.09612738756173)
((-1, 2, -4, -13, -7, -3, 0, -1), 2, 14.121454258083313)
((3, 6, -30, -4, -1, -4, -2, 1), 2, 14.142752229550315)
((0, 0, 1, 6, 1, 2, 0, 0), 2, 14.16515977327322)
((-1, 0, 11, 9, -3, -2, -2, -1), 2, 14.190661689366523)
((-12, -1, -20, -28, -6, -3, -1, -4), 2, 14.21239470894825)
((7, 6, 28, -11, 9, 4, 2, 4), 2, 14.233940138975921)
((0, -1, -2, -6, 0, -3, -3, -1), 2, 14.25481503612952)
((-30, -5, -60, -18, -5, -5, -6, -8), 2, 14.283728345237762)
((-28, -42, -74, -37, -11, -11, -13, -27), 2, 14.310275973313248)
((-17, -8, 57, 25, 2, -3, -2, 2), 3, 14.33159618183985)
((-12, -27, 0, -7, -11, -14, -18, -35), 1, 14.441096594935994)
((-59, -12, 2, -13, -9, -3, 2, -4), 1, 14.469866218428365)
((24, 16, -7, -12, -6, -3, 1, 7), 1, 14.49333943046899)
((10, 7, 5, -4, -7, -5, -3, 5), 1, 14.527675161033374)
((14, -12, -18, -13, 0, -1, -9, -9), 1, 14.562375237266576)
((-7, -2, 0, 18, 18, 8, 5, 7), 1, 14.59399576583578)
((23, 2, -5, 5, 10, 4, 5, 6), 1, 14.62490926994593)
((11, 1, -1, -2, 0, 3, 3, 2), 1, 14.772197859654504)
((-11, 6, -4, -3, -2, -1, -6, -6), 1, 14.795905986273462)
((6, -5, -8, 3, -8, -4, 3, 1), 1, 14.808692865724081)
((10, -5, 1, 1, 1, -1, -5, -2), 1, 14.842411660429837)
((8, 2, 2, -2, -2, 3, -1, -5), 1, 14.869056219277935)
((11, 6, -1, -2, 1, 0, 6, 6), 1, 14.896334249234105)
((18, 4, -2, 3, 0, 0, -1, 1), 1, 14.923770219331532)
((3, 0, -3, 6, -2, -1, 1, -2), 1, 14.949567489190793)
((-12, 2, -1, -10, -4, -2, 1, 2), 1, 14.982702418536812)
((3, -4, -5, -5, -2, -2, -1, 0), 1, 15.000863254057265)
((-19, 1, 2, -7, -2, -1, 1, 0), 1, 15.025794989135202)
((-8, -8, 0, -10, -2, 0, -2, 0), 1, 15.04908574325091)
((21, -6, -3, 8, 2, 0, -4, 1), 1, 15.075827803052634)
((27, 13, 1, -4, -2, 1, 2, 1), 1, 15.103547153114699)
((-7, -2, -1, -10, 0, 1, 1, 7), 1, 15.134052977798861)
((-25, -10, 2, -1, -1, -2, -1, 1), 1, 15.163021594465595)
((7, 5, 4, -4, -1, -2, -3, 3), 1, 15.192456619202899)
((-19, -2, 0, 1, -3, 0, -1, -6), 1, 15.22668287501233)
((-4, 5, -4, 23, -2, 0, 2, 3), 1, 15.251990929560408)
((3, -12, 0, -15, -2, -5, -6, -1), 1, 15.277272185600763)
((8, -5, -1, -6, -6, -2, -2, -4), 1, 15.308045995362148)
((-24, -15, -2, 1, -4, -5, -5, -4), 1, 15.331060211685404)
((-25, 7, 2, -3, 2, 2, 2, -2), 1, 15.356485723522647)
((9, 0, 0, 2, -3, -2, -2, -5), 1, 15.379770205647187)
((-3, 2, -1, 2, 5, 2, 4, 6), 1, 15.404475578862021)
((21, 2, 4, 4, -2, 0, -3, -3), 1, 15.42942898081854)
((16, -10, -5, 14, -6, -4, -5, -4), 1, 15.45167345277105)
((0, 1, 2, 13, 9, 1, -3, -1), 1, 15.545619327767987)
((15, -9, -3, 2, -1, 0, 1, 1), 1, 15.574546321220598)
((-4, 1, 0, -10, -3, -2, -1, -2), 1, 15.60258953409939)
((0, -3, 5, -5, 0, -2, -3, -6), 1, 15.62724872265198)
((17, -2, -1, 9, 3, 1, -1, 0), 1, 15.654456050162246)
((-52, 7, 3, 23, -1, -3, -3, -2), 1, 15.67853251371713)
((-4, 0, 3, -2, -3, -3, -2, 0), 1, 15.704568119240815)
((4, 0, -1, 0, 2, -1, 2, -1), 1, 15.741291767897554)
((-1, 1, -1, -7, 0, -3, -1, 1), 1, 15.793872720772663)
((-2, -1, -2, -10, -5, -3, -2, 0), 1, 15.816998122393917)
((2, -1, 0, -5, 2, -1, -1, -1), 1, 15.84470150738755)
((0, -1, -2, 2, 0, -1, -1, 0), 1, 15.872163705811683)
((-4, -4, -22, -10, 1, 1, 0, -4), 1, 15.89551261839096)
((0, 3, 5, 9, 0, -2, -1, 1), 1, 15.92366815692978)
((3, 6, 20, 14, 6, 3, -1, -1), 1, 15.949440338824367)
((2, 0, 8, 8, -2, -3, -1, 4), 1, 15.968904608145948)
((2, 2, 10, 6, -1, -1, -5, -4), 1, 15.994592973431276)
((-16, 7, 18, 4, 2, 2, -7, -6), 1, 16.02076770312271)
((0, 10, 33, 10, 2, 1, 1, -3), 1, 16.055314400662777)
((-3, 6, -8, -9, 1, -4, 4, 2), 2, 18.641015173087)
((-29, -28, 62, 18, 3, 3, -1, 2), 2, 18.66397237130872)
((16, -16, -70, -13, -3, 5, 6, 29), 2, 18.686506495217035)
((18, -5, -118, -35, 5, 4, -1, 46), 2, 18.71151691527509)
((1, 5, -3, 3, 1, 3, 2, -20), 2, 18.734786002512216)
((-16, -1, -13, 15, -2, -4, -5, -9), 2, 18.76092424061867)
((23, 54, 2, -6, -3, -4, 0, 12), 2, 18.797765346564574)
((-4, -3, -19, -19, 0, -2, -4, -4), 2, 18.8306853176678)
((-4, 2, 19, 7, -1, -2, 1, -4), 2, 18.85653447399946)
((-15, -4, -35, -8, 1, 3, -4, -13), 2, 18.877505731744655)
((-45, -16, 18, -56, 0, 2, -11, -63), 2, 18.904784331881842)
((10, 7, -42, -24, -1, -2, -2, -3), 2, 18.933053906623737)
((0, -1, -11, -12, -2, -3, -2, 13), 2, 18.955436362381967)
((27, 4, -30, -2, 1, 5, 3, 13), 2, 18.984694631004505)
((4, 15, 26, 9, 3, 1, 0, 0), 2, 19.00413381236141)
((-17, 6, 2, 3, 1, 1, 0, 0), 2, 19.029492613019855)
((-6, 2, 3, 6, -5, -5, -1, -9), 2, 19.05559835080843)
((-1, 6, -3, 8, 0, -4, -2, 3), 2, 19.079090378822563)
((-10, -2, 13, -1, -3, -4, -6, -36), 2, 19.10541392575901)
((12, -2, 0, 2, -1, -1, -2, 6), 2, 19.129554249587617)
((-3, 1, 11, -17, -2, 1, 1, -4), 2, 19.15911072288119)
((3, 0, -48, 0, 0, 1, 2, 5), 2, 19.182219589253002)
((17, 9, 19, 8, 3, 3, 2, 4), 2, 19.213341209433757)
((-16, -9, 54, 10, -2, -1, -1, -3), 2, 19.23934431463957)
((-3, -2, 7, -7, -1, 0, -1, -1), 2, 19.266112032586985)
((-6, -4, -11, -8, -3, -2, -2, -1), 2, 19.288947212071417)
((4, -7, 4, 3, 1, -1, 1, 3), 2, 19.31867645021265)
((12, -1, 11, 2, 2, 0, 0, 7), 2, 19.35925338217124)
((-1, 1, 16, 6, -1, -2, -2, -3), 2, 19.392533707676176)
((0, -2, 10, 0, 0, 2, 0, -4), 2, 19.4163592915843)
((-4, -3, -26, 2, -1, -4, -3, -2), 2, 19.440189436940546)
((-6, -8, -5, 7, 2, 2, 6, 1), 2, 19.465251743471)
((-3, 1, 4, -12, -8, -6, -5, -1), 2, 19.49398601574042)
((-2, -2, 6, 3, -5, -3, -1, -2), 2, 19.52061746042516)
((-9, -15, -30, 1, -7, -5, -2, -4), 2, 19.54544656292033)
((-3, -3, -12, -14, -3, -2, -1, -2), 2, 19.569058899128706)
((-3, -5, -14, -6, -7, -7, -3, -2), 2, 19.59516748782236)
((0, 0, 0, 16, 0, 3, -2, 1), 2, 19.62731486364976)
((-2, 0, 7, 3, 6, 2, 1, 3), 2, 19.661575330320115)
((-11, -4, 3, 0, -1, 1, -1, -5), 2, 19.684676784338723)
((-3, -3, -3, 43, 2, 1, 1, -3), 2, 19.716112004077935)
((-2, -1, 8, 29, 11, 9, 5, 1), 2, 19.740053334732178)
((3, 5, 8, -3, 1, -2, -1, 2), 2, 19.765425249553974)
((1, 3, 3, 2, 7, 8, 3, 0), 2, 19.788104199440195)
((-10, 2, -5, -28, -15, -3, 3, 10), 2, 19.82155614943076)
((-13, -12, 4, -14, 4, 4, 3, 13), 2, 19.848532553629802)
((12, -3, -17, -4, 8, 0, -6, -7), 3, 19.87578093417317)
((-4, 3, 10, 32, 3, 4, 2, -2), 3, 20.120579030224725)
((-6, 9, 31, 21, 3, -8, -7, -26), 3, 20.14776183995133)
((9, 3, 16, -5, -3, -7, -2, 24), 3, 20.17094311931209)
((12, 2, -24, -4, -1, -6, -14, 0), 3, 20.197790662601655)
((-4, -11, 20, -10, -9, -1, -3, 1), 3, 20.220567113441504)
((17, 9, -10, 5, 1, 3, 9, 10), 3, 20.24754522818359)
((-10, 1, 35, 2, -3, -2, -11, -32), 3, 20.27398908331428)
((0, 0, -13, 0, 3, 2, 2, 9), 3, 20.298635157703515)
((-18, 0, -9, -8, 0, 2, 11, 22), 3, 20.32558191248976)
((6, -5, 2, 7, 0, -5, 6, 9), 3, 20.36329824629425)
((0, -5, -4, -17, -3, 1, -6, 6), 3, 20.388003619509085)
((8, -6, -2, -7, -3, -4, 2, 13), 3, 20.412215786145627)
((0, -1, -20, 4, -3, -2, -2, 4), 3, 20.43746397168709)
((-28, 3, 2, 11, 3, -2, -18, -59), 3, 20.462098072275005)
((1, 5, 13, 8, 4, 0, -4, -1), 3, 20.4893213648537)
((8, 11, -13, -2, 3, 3, 1, -4), 3, 20.509827925071374)
((1, 0, 13, 8, 2, 1, -11, -8), 3, 20.535105760025637)
((21, 2, 20, 5, 1, -1, 12, 38), 3, 20.563816654873424)
((10, 4, 2, -1, -1, -4, 5, 1), 3, 20.587798468379756)
((-2, -3, 11, 1, -2, 1, -8, -28), 3, 20.61243256896767)
((-6, -10, -35, -1, -6, -5, -19, -44), 3, 20.63715447743195)
((-6, 0, 9, 6, 0, 2, 1, 12), 3, 20.65349529515135)
((-2, 8, 4, -5, 2, 1, 1, 5), 3, 20.680505910211316)
((-2, 1, -8, 0, 3, 1, 0, 1), 3, 20.70654664736414)
((-35, -10, 3, -6, -5, -3, -9, -1), 3, 20.729264939740418)
((1, -4, -9, -9, 1, -3, -4, -6), 3, 20.756398143718688)
((4, -4, 1, -6, -3, -3, 0, 0), 3, 20.783243406284193)
((-2, -4, 14, 4, -1, -1, -10, -20), 3, 20.80840150322523)
((1, -10, -54, 0, -8, -3, 1, 5), 3, 20.846175425312275)
((1, 3, 4, 14, 4, 1, 0, 0), 3, 20.879785315444096)
((0, 2, 24, 6, 1, -1, 0, -3), 3, 20.91039149198696)
((2, 4, 20, 1, 1, 0, -6, 1), 3, 20.93352829722852)
((-2, -1, 20, 0, 1, 1, -1, 0), 3, 20.962953628888563)
((4, 3, -24, 27, 8, 4, 1, 4), 3, 20.990281834774084)
((0, 0, 2, 7, 0, 0, -1, 1), 3, 21.019240188182543)
((-2, -2, 15, -4, -2, -2, -4, -6), 3, 21.048164900911093)
((2, -3, -4, -1, 1, 1, -2, -4), 3, 21.073514008492275)
((0, -2, -13, 8, 2, -1, -2, -2), 3, 21.09763836725245)
((1, 0, -10, -6, 1, 1, -3, 3), 3, 21.12253018965931)
((0, -3, -5, -3, -3, -6, -2, 1), 3, 21.14298201249951)
((-1, -6, 13, 7, 3, -1, -1, 2), 3, 21.166258512089833)
((3, -1, -28, -23, -4, -1, 8, 2), 3, 21.191551741931512)
((0, -3, 5, -7, 1, -1, -3, -2), 3, 21.21660720628978)
((0, 0, -5, 3, 6, 1, 1, -1), 3, 21.243845323574874)
((4, 5, 29, 51, 43, 13, 2, 3), 3, 21.274320358484207)
((1, 1, -18, -17, -20, -5, -5, -1), 3, 21.299375252661463)
((1, 4, 16, -1, -3, -2, 0, 0), 3, 21.328055927915436)
((1, 3, -5, -12, -10, -9, -5, -1), 3, 21.359284742127084)
((0, -1, -38, -7, -1, -2, -6, -2), 3, 21.385921318440964)
((0, -3, 26, -4, -3, -13, -11, -1), 3, 21.41412817327117)
((-5, -20, -102, -40, -13, -7, 16, -2), 3, 21.433777751422745)
((-9, 11, 88, 20, 4, -2, -17, -7), 3, 21.459919980796304)
((-8, -1, -52, -31, -8, -3, -43, -4), 3, 21.486141465331)
((7, 3, 22, 6, 2, -14, 45, 20), 3, 21.505840079049896)
((-7, -2, 21, -12, -3, 18, 1, 2), 3, 21.52986009468426)
((4, 5, 33, 3, 5, 7, 0, -7), 2, 21.583700577422313)
((9, 17, 79, 58, 13, 7, 5, -10), 2, 21.606335623370352)
((9, 12, 54, 28, 4, 2, -1, -25), 2, 21.630384148055484)
((-1, 0, -40, -4, -6, -1, -2, -11), 2, 21.652925114135986)
((-21, -4, -20, -5, -7, 0, -5, -25), 2, 21.683412693027655)
((8, -11, -18, 15, -4, -5, 6, -10), 2, 21.710223174551224)
((2, 1, -29, 5, -2, -2, -3, 0), 2, 21.74338661294801)
((1, 5, 22, -8, 2, 1, 2, -3), 2, 21.76947467512511)
((-25, -5, -21, 7, 1, -1, -2, -5), 2, 21.798678206370177)
((4, -8, -59, 5, 9, 4, 2, 11), 2, 21.82574412898863)
((-3, -7, -84, -14, -2, -4, -2, 0), 2, 21.856180391588918)
((-5, 4, 33, 6, 0, -1, 0, 11), 2, 21.882838634781383)
((8, 0, 25, 12, 5, 3, 1, -13), 2, 21.916204487438627)
((0, 0, 4, -3, -5, -5, -3, -3), 2, 21.94554999375652)
((-8, -7, -18, 5, -7, -4, -5, -2), 2, 21.97251043288713)
((-4, 4, -34, 1, 1, 0, 0, -4), 2, 22.005270183125038)
((-1, 0, 17, -5, 0, 0, 0, 5), 2, 22.042760725247444)
((0, 3, 39, -7, -2, -1, 1, -3), 2, 22.077460231299632)
((-1, 1, 36, 0, 3, 0, 0, 8), 2, 22.10745973524215)
((-3, -4, -27, -13, -4, 2, 0, -8), 2, 22.134848380315297)
((6, 2, 0, 6, 4, 1, 1, -8), 2, 22.168284365237433)
((-1, 1, -1, -12, 4, 3, 0, -10), 2, 22.19601911018691)
((-7, 4, 34, -2, 5, 1, 0, -2), 2, 22.224030392928842)
((-5, -3, -16, 13, -1, -1, -1, 1), 2, 22.25133123012563)
((4, 2, 26, 9, 2, -1, 0, 3), 2, 22.2825201316662)
((1, -3, -32, 1, -4, -6, -3, 1), 2, 22.310685363282282)
((-5, 0, 6, -6, -3, 1, 0, -4), 2, 22.339950474077007)
((11, -5, -31, -7, -2, -1, 0, -2), 2, 22.389079551085082)
((-3, 4, 19, 5, -1, 0, 0, -2), 2, 22.422279481066855)
((-4, -1, -19, -2, 0, 0, -2, -3), 2, 22.45690486358704)
((-8, 0, -8, -8, 1, -2, -2, -11), 2, 22.497953905426357)
((1, 2, 9, 0, -1, -1, -1, 1), 2, 22.530014613739425)
((0, 0, -4, 1, 3, 2, 0, 2), 2, 22.55882643062693)
((0, -3, -11, -6, -2, 0, -1, 0), 2, 22.588394307540813)
((15, 2, 4, -2, 0, 0, 1, 5), 2, 22.612106995607895)
((0, 1, -1, -2, -1, -1, -1, 1), 2, 22.646444436715324)
((-4, -2, -5, -2, -3, 0, -2, -2), 2, 22.67332790140886)
((-3, 1, -3, 0, -1, -3, -1, -1), 2, 22.698984336557327)
((-3, -15, -50, -27, -2, 0, -1, -2), 2, 22.722007105595814)
((1, 3, 19, -5, -8, -1, -2, 0), 2, 22.7494824181833)
((-1, 0, 5, -4, -1, -1, -2, -1), 2, 22.774742577526087)
((0, 3, 16, 18, 5, 3, 0, 1), 2, 22.799977648904196)
((2, 0, 10, -1, -1, -2, -1, -2), 2, 22.825455617394855)
((-1, 0, -1, 2, -8, -6, -2, -1), 2, 22.847824388808714)
((0, 0, -1, -3, 8, 10, 6, 1), 2, 22.87343806038103)
((-5, -8, -5, 9, -7, -2, 0, -1), 2, 22.906696148826367)
((-2, -7, -11, -31, -25, -11, -4, -2), 2, 22.937094209298625)
((-18, -4, 29, 5, 5, 0, -2, -5), 2, 22.961684976129373)
((-56, -10, 0, -25, -8, -4, -5, -10), 2, 22.98087897964967)
((-20, -4, -20, -10, -6, -3, -3, -5), 3, 23.045892729564855)
((115, 33, 9, 23, 8, 4, 4, 19), 3, 23.07035805657222)
((15, 11, 8, 5, 2, 2, -1, 9), 1, 23.35863131468347)
((22, -7, -8, 1, -4, -5, -4, 0), 1, 23.38028678964711)
((-92, -27, 1, 2, 1, 1, 1, -7), 1, 23.411093669907384)
((-25, 2, -2, 19, 3, -1, 1, -2), 1, 23.44665015802567)
((18, 9, 3, -7, -1, -1, 2, 1), 1, 23.470223721925)
((-7, -2, 3, 0, 0, 2, 2, 0), 1, 23.494037902212817)
((-8, -6, -6, -10, -6, -2, -3, 2), 1, 23.51563065726476)
((10, 3, 5, 5, 9, 3, 7, 6), 1, 23.543457201357715)
((10, 19, 1, 8, 5, 3, 0, -8), 1, 23.57034465731836)
((-21, 8, 3, -16, -6, -3, 3, 8), 1, 23.59287079869246)
((-3, 3, -1, -3, -1, 1, -1, 4), 1, 23.614490922433145)
((9, 7, 1, -5, -3, -4, -7, 3), 1, 23.63829655000573)
((20, 6, 1, 14, 5, 1, 3, 5), 1, 23.66022970312385)
((-8, 3, 0, -7, -1, 3, 6, 6), 1, 23.68559534595448)
((6, 4, -3, -4, -4, -4, -1, -3), 1, 23.708175084344028)
((-57, -13, -19, -7, -9, -5, -3, -6), 1, 23.729143491184146)
((29, 4, -1, -2, 2, -2, -5, -7), 1, 23.759538700751328)
((26, 15, 4, 13, 0, 0, 1, -2), 1, 23.781518038531694)
((4, -21, -1, -4, 1, -1, -6, -23), 1, 23.810417663295567)
((34, 1, 0, -3, 0, -2, -3, 2), 1, 23.83629247777292)
((42, 12, 1, 9, 0, 2, 2, -5), 1, 23.861881631561573)
((3, 0, 1, 1, -3, -1, -3, -5), 1, 23.88513076246316)
((14, 5, 1, -7, -2, -2, 0, -4), 1, 23.914006439624387)
((-8, -4, 0, -1, 4, 0, 0, 3), 1, 23.93935953847268)
((-15, 1, -1, 6, -1, -5, -2, 3), 1, 23.96917145286114)
((-5, -13, -4, -7, -1, 0, -5, -7), 1, 23.989851918288498)
((-1, 3, -5, -11, -8, 0, 0, 4), 1, 24.014207770540914)
((5, 5, -1, -8, -1, 2, 2, -3), 1, 24.03602688745596)
((-27, 9, 0, -11, 1, -2, -1, -9), 1, 24.071293153437423)
((9, -12, -4, -3, -1, -4, 3, 30), 1, 24.095825191623586)
((19, 1, 1, 9, -1, -1, -2, -10), 1, 24.11914844605717)
((4, 4, 1, -1, 4, -2, -3, -6), 1, 24.149450716118846)
((-7, -2, 1, -3, -2, 1, 0, -1), 1, 24.175789087761693)
((-4, 0, -4, 0, -3, -2, -4, -3), 1, 24.206254999774778)
((0, 1, 5, 14, 1, -3, -2, -4), 1, 24.23586278935974)
((11, 3, 4, -6, 4, 1, 1, 1), 1, 24.263327268507933)
((-2, 1, -12, 3, 2, 0, -3, -2), 1, 24.294318887417187)
((-1, -3, 4, 4, -1, -1, -1, -1), 1, 24.318814434018368)
((4, 5, 8, 9, 10, 6, 0, -3), 1, 24.347540153572556)
((2, 0, -1, 3, -6, -10, -3, -1), 1, 24.373770761003495)
((-8, -3, -5, -2, 2, 9, 3, 1), 1, 24.39655861546365)
((3, 4, 1, 4, 0, -3, -5, 3), 1, 24.43002367961757)
((4, 1, 10, 2, -2, 1, -3, 1), 1, 24.457192804999803)
((1, 6, 32, 10, 5, 4, 7, 3), 1, 24.48729437134407)
((-1, -2, -3, -1, -2, 5, 3, 1), 1, 24.510376439208155)
((0, 1, 7, 6, -1, -6, -4, -2), 1, 24.533957985641702)
((2, 3, 3, 12, 8, 4, 3, 0), 1, 24.57162699442192)
((-1, 0, -5, 0, -1, 0, 4, 1), 1, 24.601956062991317)
((-1, -2, -22, -3, 0, 0, 1, -1), 1, 24.626376915879483)
((-2, 1, 37, -5, 0, 1, 0, -1), 1, 24.66148011009055)
((3, -1, 16, 4, 5, 0, 1, 0), 1, 24.702877532530252)
((1, 2, -6, -4, 2, -1, 1, 1), 1, 24.73086942911766)
((1, 0, -28, -3, 5, -2, 0, 3), 1, 25.178996926154145)
((2, 2, -4, 3, 4, -1, -3, -1), 1, 25.212261286590653)
((6, -1, 6, 3, 0, -1, 1, 0), 1, 25.24836970993181)
((1, -7, -9, -1, -4, -6, -2, 21), 1, 25.27878886710164)
((3, 3, 5, 6, 1, 3, 0, -6), 1, 25.30817257554756)
((-14, -5, -2, -1, 2, 1, 1, -9), 1, 25.34219698727755)
((-2, 2, 4, 8, 3, 2, 3, -5), 1, 25.376590306124484)
((3, 0, -37, -8, 0, 1, -3, 0), 1, 25.40678823306035)
((-7, -9, 24, -2, -4, -1, -2, -2), 1, 25.445217863315065)
((11, 4, -27, -1, -1, 0, 1, -1), 1, 25.490988574142634)
((58, 2, 8, -1, -3, 0, 0, 5), 1, 25.52167742693273)
((-9, -19, 8, -3, -1, -4, -8, -10), 1, 25.549582656005803)
((-51, -22, 2, -3, -4, -8, -18, -28), 1, 25.579923128195507)
((50, 3, 4, -5, -4, -5, -3, 5), 1, 25.626584461769077)
((-15, 4, 14, -4, 0, 2, -2, 13), 1, 25.65049044120037)
((-36, 4, 10, 3, 6, 1, 0, 7), 1, 25.67729351037074)
((-35, -11, 6, 7, 3, 2, 0, -1), 1, 25.69986754695013)
((-26, -10, 2, -2, 1, 5, 3, 3), 1, 25.724736562116377)
((5, 4, -3, -12, -2, 1, -1, 12), 1, 25.74176615850234)
((-3, 7, -4, 0, 2, 0, -5, 2), 1, 25.766344951531764)
((6, -4, 5, -2, -1, -2, -3, -1), 1, 25.789896278371494)
((18, 7, -1, 6, 1, 4, 0, 6), 1, 25.807092367613947)
((15, 6, 1, -1, 0, -3, 1, 1), 1, 25.839206102761445)
((30, 0, 2, -3, -1, 1, -5, 6), 1, 25.861779569159822)
((14, 0, -2, 1, -4, -4, 1, 8), 1, 25.887997632608425)
((3, 3, -2, -3, -1, 0, -5, -1), 1, 25.914470566970895)
((-22, -7, -2, 2, 1, 0, 1, -2), 1, 25.93984932396488)
((15, 2, -1, 0, -3, 0, 4, 4), 1, 25.967448936013717)
((29, 3, -5, -2, -2, -4, -5, -1), 1, 25.99582912587259)
((-2, -1, -2, 0, 1, 2, 4, 2), 1, 26.02125862897694)
((13, 7, 0, 12, 3, 0, 4, 4), 1, 26.043804156505566)
((16, 3, 4, 5, 1, -3, 2, 4), 1, 26.068932033852786)
((-25, -19, 2, -9, -2, -2, -2, -1), 1, 26.09376341707202)
((24, 3, -2, -4, -1, -1, -1, -3), 1, 26.116267891567535)
((-64, -19, 1, 5, 3, 0, -2, -4), 1, 26.14158734973592)
((2, 8, 2, 7, 0, 2, 1, 3), 1, 26.16553153129524)
((24, 5, 2, -1, -1, -3, 0, 1), 1, 26.187185865896847)
((15, 17, 1, -2, 0, 0, 0, 2), 1, 26.20907283435272)
((12, -16, -4, -3, -3, -3, 2, -5), 1, 26.237287101536126)
((-21, -23, -5, -5, -4, -4, -1, 4), 1, 26.259473985206082)
((-1, 3, -3, 8, 1, -2, 0, -1), 1, 26.286911665846556)
((22, 12, 1, -2, 0, -1, 2, 4), 1, 26.31451298843844)
((7, 4, 1, -2, 0, 1, 2, 0), 1, 26.341829790703656)
((5, 12, 1, -2, -1, 0, -1, 2), 1, 26.364163210894564)
((2, 3, 2, 0, 2, -1, -5, -12), 1, 26.388135331323635)
((16, -3, -5, -5, -9, -5, 3, 14), 1, 26.40963115560297)
((-14, -2, 3, -1, -2, -7, -4, -2), 1, 26.435967246521752)
((-14, -4, 12, -1, -1, -1, 0, 6), 1, 26.461508505105115)
((-11, -5, -6, 0, -4, -2, -13, -12), 1, 26.496664155969597)
((25, 7, 17, 15, 9, 8, -6, 0), 1, 26.519266701599758)
((13, 11, 82, 13, -3, -7, -4, 2), 1, 26.543519921269404)
((-17, -11, -68, -25, -9, 10, 18, -11), 1, 26.575138739295564)
((-12, -13, -62, -35, -6, -2, 5, -5), 1, 26.59984297214837)
((-3, 1, -2, 6, 6, 1, 3, -13), 1, 26.624530669751724)
((-8, -2, 54, -5, -8, -8, 20, 16), 1, 26.651468871822736)
((24, 9, 62, 52, 1, 8, 26, 102), 1, 26.67441865769126)
((1, 9, 31, 22, 2, 0, 8, 6), 1, 26.70408859700689)
((-8, 3, 20, -7, 1, 3, -9, -15), 1, 26.72719233174956)
((-9, -11, 22, -14, -3, -1, 23, 8), 1, 26.759397866040533)
((3, 11, -15, 8, 8, 12, 13, 23), 3, 26.85700601369917)
((12, 2, -87, -22, -5, -6, -9, 24), 3, 26.880902300053197)
((-9, 6, 36, 26, 11, 11, 6, -12), 3, 26.903420458893084)
((-8, 4, -15, 13, 10, 9, -8, 3), 3, 26.9282660966377)
((-1, -5, -13, -12, -12, -18, -12, 11), 3, 26.957952571202778)
((-1, -5, -13, -12, -12, -18, -12, 11), 3, 26.975517567562175)
((-7, -3, -15, 13, -2, -3, -15, -39), 3, 27.005399044034508)
((-9, -14, -28, -16, -12, -4, 9, 1), 3, 27.03952551816625)
((0, 4, 10, 7, 0, 1, 5, -7), 3, 27.065819985870913)
((2, 7, -23, -9, -1, 3, -6, 3), 3, 27.088957361293488)
((12, -1, 7, -2, -1, 1, -10, 8), 3, 27.11605692459185)
((3, 1, -16, -7, 2, -4, -7, -6), 3, 27.140072948959105)
((-6, -12, 3, 4, -6, -7, 11, -10), 3, 27.167390321405335)
((-3, 0, 3, -8, -5, -2, -9, 2), 3, 27.197343070504594)
((9, 5, 12, 10, 8, 6, 0, 0), 3, 27.231906873475122)
((0, 0, -9, -2, 2, 4, 13, 1), 3, 27.259923858027207)
((9, 2, -3, 15, -3, -2, 2, -5), 3, 27.283115400646242)
((1, -2, -44, -4, -2, 2, -7, 4), 3, 27.306561243998132)
((-1, 3, -8, -2, 2, 5, 1, 29), 3, 27.328463037160407)
((-6, 2, -1, 6, 3, -1, -3, -1), 3, 27.355690891187226)
((-12, -10, -17, -6, 0, -1, 3, -9), 3, 27.380500037346856)
((5, 2, 2, 0, 8, 1, -4, 4), 3, 27.404404876416116)
((0, 1, -2, -1, -1, -1, -4, -3), 3, 27.432740021974777)
((-2, -6, -23, -16, -6, -1, -6, -7), 3, 27.45657757968422)
((2, 3, 4, -2, 0, -10, -25, -4), 3, 27.49104559224417)
((-11, -4, 8, 0, -4, 1, -9, -7), 3, 27.522731121449127)
((-1, -4, -16, 10, -2, -1, -2, -6), 3, 27.551763028208565)
((-5, -6, 6, -7, 3, -1, 1, 9), 3, 27.576120020823012)
((-2, -6, 1, -23, -6, -4, 10, 7), 3, 27.60078776209083)
((0, -3, 14, -4, 3, 0, 16, 10), 3, 27.625515372365264)
((0, 2, 8, 6, 0, 0, -9, -16), 3, 27.65065978496193)
((-5, -2, 7, 6, -8, -3, -3, -3), 3, 27.67738188842812)
((-8, -10, 64, -27, -14, -16, -8, -5), 3, 27.697729368142504)
((4, 0, -29, 6, 3, 3, 5, 10), 3, 27.72278312195773)
((3, -2, -22, 6, 5, 3, 4, 12), 3, 27.754640845829325)
((-1, -4, -27, 0, -5, 0, -9, -7), 3, 27.780247675229454)
((2, 6, 14, -6, -2, 2, 6, -3), 3, 27.802927765477705)
((-8, 0, -12, 3, 0, 0, -10, -14), 3, 27.828544287955097)
((0, -3, 11, -2, -10, -6, -1, -2), 3, 27.85382326327139)
((0, 1, 1, -2, 6, 0, -6, -12), 3, 27.87600900657932)
((1, 3, 37, 6, 6, 2, 1, 5), 3, 27.901787460465073)
((-5, 0, -19, -2, 7, 1, 3, 3), 3, 27.924679087870025)
((-1, 3, 6, 13, 5, 14, 14, -10), 3, 27.958188055962125)
((0, 0, -5, -4, -4, -1, -5, -3), 3, 27.985886309326624)
((-2, -3, 16, 0, -2, -4, -3, 3), 3, 28.01118809188353)
((0, 4, -15, -1, 2, 0, -7, -15), 3, 28.04238098469121)
((-1, -5, 7, 6, -5, 0, 0, 0), 3, 28.066772188166578)
((2, 0, -1, -4, 5, 6, 1, 1), 3, 28.091021416569117)
((-2, -2, -24, -13, -9, -3, -1, 5), 3, 28.113219703859386)
((0, 3, 1, -9, 5, -1, 1, 0), 3, 28.15373904753542)
((1, 3, -6, -6, -6, -3, -2, 3), 3, 28.16822050496371)
((-2, -6, -12, 5, 3, -2, -1, 0), 3, 28.19278162238166)
((-1, 2, -1, 15, 7, 2, 0, -2), 3, 28.216539354748953)
((0, 0, 10, 2, -1, 0, -2, 0), 3, 28.245147046832958)
((0, 1, 4, 7, 8, -2, -1, 0), 3, 28.26787389192447)
((-2, 0, -1, -5, -2, -1, -1, 0), 3, 28.289430725572448)
((-3, -2, -18, -13, -2, 1, 0, 1), 3, 28.30826095360494)
((1, 0, 10, 22, -1, -2, -2, 1), 3, 28.334372963384684)
((1, 0, 6, 9, 6, 0, -1, 0), 3, 28.361286647672035)
((2, 3, 53, 7, 3, -1, 0, -1), 3, 28.381951148030964)
((-4, -11, -65, -24, -7, -4, -3, -4), 3, 28.405982567285637)
((-1, -2, 11, -4, -3, -1, -1, -1), 3, 28.432904804288217)
((-2, -2, -8, 3, -4, -2, 0, 0), 3, 28.45136612520377)
((-2, -2, -13, 1, -3, 0, 1, 0), 3, 28.475603949986002)
((-27, -2, -58, -3, -2, -3, 1, -2), 3, 28.500344104242775)
((1, 2, 1, 3, 7, 2, 1, 1), 1, 32.168950906844394)
((1, 4, -2, 2, -3, -5, -3, -2), 1, 32.19236196915435)
((3, 4, 27, 17, 11, 1, -2, 2), 1, 32.21276190552214)
((0, 0, 7, 6, 2, 2, -1, -1), 1, 32.23777004485614)
((0, 0, -21, 1, 5, 1, 4, -2), 1, 32.26048149506024)
((-3, -1, 33, 10, 6, 0, 4, 1), 1, 32.28897287021711)
((-6, -7, -42, -17, -16, -18, -10, -6), 1, 32.311235017781094)
((1, 2, 24, 20, 21, -4, -16, -1), 1, 32.33516551499605)
((-2, -1, -21, 1, -9, 15, 15, 2), 1, 32.361946347106816)
((5, 3, 1, 27, 42, 18, -7, 6), 1, 32.3841748539909)
((9, 12, 26, -4, 27, -1, -55, 25), 1, 32.4091425104728)
((2, 5, 39, 10, 3, 2, 5, 5), 1, 32.433621521824534)
((8, 6, 48, 46, 14, -6, -1, -11), 1, 32.466388114234626)
((-10, 1, 41, -2, 10, -5, 19, 0), 1, 32.48898096678752)
((-38, -22, -53, -46, -20, 3, 12, -28), 1, 32.51568083319411)
((18, -6, -16, 8, -4, 2, -8, -18), 3, 32.64166004781538)
((-20, -13, -56, -18, -15, 1, -2, 0), 2, 32.67289228311312)
((-6, 67, -6, 4, 1, -11, -13, 19), 2, 32.69576566472558)
((25, -17, 35, -1, 3, -3, 2, 15), 2, 32.72134854652307)
((15, 0, -36, 1, 5, -1, 4, 17), 2, 32.74316253180897)
((-40, -20, -3, -9, -5, -8, -10, -89), 2, 32.76696872956258)
((22, -10, -17, -12, -4, -1, -4, 10), 2, 32.7942746983885)
((18, -1, -25, -9, -1, 0, 1, 24), 2, 32.816847024424845)
((-2, 2, -17, -31, -4, -6, -7, -25), 2, 32.84560809520198)
((30, 3, -3, 11, -3, -4, -1, -4), 2, 32.86585579323868)
((3, -2, 18, -13, -9, -7, -5, -14), 2, 32.89424681653684)
((17, 2, -7, -4, 0, -2, -2, 24), 2, 32.91630597965936)
((-11, 0, 19, 7, -10, -6, -1, -3), 2, 32.94439765792446)
((-16, -17, 1, -8, 2, 1, 1, -45), 2, 32.970591773770416)
((11, 0, -5, -14, -2, 0, 0, -7), 2, 32.99253747087088)
((2, -2, -13, 7, -2, 2, 0, 8), 2, 33.01431439439079)
((14, -3, -8, 7, 2, 2, 1, 7), 2, 33.03972280079757)
((10, 4, -8, 1, 0, -1, -2, 21), 2, 33.06479366004326)
((2, -3, 8, 7, -5, -3, 0, 6), 2, 33.088452180913876)
((-9, 4, 0, -3, -5, -2, -2, -12), 2, 33.11051761602756)
((-8, -2, -2, -1, 4, 1, 1, 4), 2, 33.14735416052534)
((-4, 5, 3, -1, -3, 2, 1, -20), 2, 33.17729322528023)
((-8, 0, 4, 6, 5, 1, 3, 5), 2, 33.20520244562041)
((-1, 2, -6, 3, -1, 0, 1, -1), 2, 33.22897728341817)
((3, 2, 15, 14, 2, -1, 2, -4), 2, 33.25132609849649)
((-12, -6, -15, 11, 11, 3, 3, -3), 2, 33.27879000746367)
((13, 8, 9, 3, 4, -1, -2, 3), 2, 33.30218738542925)
((16, 2, 41, 13, 9, 7, 6, 2), 2, 33.32825378072777)
((-4, 5, 13, 6, 2, 4, 4, 40), 2, 33.35072233381932)
((3, 0, 0, -8, 2, 0, 2, 17), 2, 33.37474177927267)
((0, -3, -15, -11, -4, -7, -2, 5), 2, 33.40041075840347)
((-4, 4, 8, 7, 2, 1, 0, 11), 2, 33.42253606252377)
((7, 1, 0, -8, -1, -4, -4, -16), 2, 33.44726538334125)
((0, 3, 3, -7, 10, 4, 1, 0), 2, 33.474474991575576)
((-11, 0, -1, 5, -1, 1, 0, -22), 2, 33.503469266388)
((36, -4, -17, -10, -4, -3, -1, 30), 2, 33.53033790637514)
((0, 2, 8, 3, 2, 1, -1, -13), 2, 33.55683364797822)
((1, 3, -10, -6, -8, -4, 1, -4), 2, 33.57967509945382)
((16, 2, 23, -21, 7, 4, 0, 3), 2, 33.602566726858775)
((-2, 3, 6, -1, -7, -3, -4, -6), 2, 33.62777043828104)
((-7, -17, 10, 10, -3, -1, -2, -5), 2, 33.6605951891547)
((-3, -4, -8, -3, -1, 0, 0, -3), 2, 33.69064714975063)
((-16, -2, 6, 0, -3, -7, -6, -33), 2, 33.719307298488054)
((1, -4, -18, -15, -3, 1, 2, 9), 2, 33.74176330759726)
((7, 4, 1, 10, 2, -2, 0, 9), 2, 33.76668363905489)
((11, 2, 0, -1, 2, -5, 1, 17), 2, 33.789606056234675)
((30, 14, 3, -19, -2, 0, 5, 17), 2, 33.81968538551934)
((-65, -13, -47, -13, -10, -3, -1, 0), 2, 33.84540054931239)
((16, 2, -1, 5, -4, 0, -4, -14), 2, 33.86812967512796)
((58, 3, -6, 9, 8, 6, 17, 65), 2, 33.89199973315529)
((-19, 9, 20, -8, 3, 1, 4, -15), 2, 33.91594790598171)
((-5, -10, -53, -18, -2, 2, 25, 88), 3, 33.96606396632739)
((42, 29, 11, 24, 18, -9, -46, 9), 3, 33.98864655562201)
((-14, -3, -35, 0, 1, 0, 2, 35), 3, 34.012073583000394)
((-11, -1, 11, 1, 3, 3, -2, -55), 3, 34.03953521124351)
((-26, -14, 8, -7, -7, -6, -12, -110), 3, 34.062081308953154)
((-5, -7, -33, 8, 0, 2, -6, 24), 3, 34.08980921173045)
((5, -3, 20, -16, -12, -7, -11, -19), 3, 34.11133012397446)
((-20, -6, -12, -34, 2, -2, -23, -106), 3, 34.13983347293265)
((-20, -6, -12, -34, 2, -2, -23, -106), 3, 34.16125517367999)
((2, 0, 40, 10, 1, -2, -8, -7), 3, 34.19193490357384)
((11, 4, 5, -10, 1, -5, -1, -26), 3, 34.214727319482115)
((16, 5, -12, -3, 10, 1, -2, -6), 3, 34.23840921777437)
((6, -2, -6, 2, -6, -3, 0, 16), 3, 34.26222339806218)
((-37, -7, -21, -12, 2, -4, 0, -46), 3, 34.2840265499088)
((18, 6, -7, -4, 2, 0, -3, -6), 3, 34.310480668297764)
((4, -2, 1, 7, 0, 1, -3, -6), 3, 34.33445792035597)
((-11, -6, 6, -9, -8, -5, -2, 2), 3, 34.35828863589324)
((3, 6, -2, 4, 1, 3, 4, 0), 3, 34.37995893556327)
((14, 3, 4, 13, 13, 6, 4, -2), 3, 34.404575930720725)
((-28, -4, -4, 7, 0, -1, 1, 11), 3, 34.42761010337952)
((-5, -4, 9, -12, -2, 0, 5, 27), 3, 34.454551156355606)
((1, 2, -17, 16, 2, -1, -9, -27), 3, 34.48337095577733)
((-4, 0, -26, 5, -7, 1, -5, -35), 3, 34.50710417036097)
((-18, 2, 21, -9, 0, 0, 8, -23), 3, 34.527724196600694)
((-14, -4, 21, 18, -7, 0, -4, -28), 3, 34.55594416559425)
((6, -1, -7, -4, 0, 0, -2, 23), 3, 34.57612230154707)
((0, -1, -3, 6, 3, -2, -2, -7), 3, 34.59366106957976)
((-2, -8, -3, 5, -1, 1, 8, 7), 3, 34.61532224635355)
((-1, 3, 9, -1, 3, 3, -5, 8), 3, 34.639662133537534)
((-9, -8, 7, -42, -6, -3, -8, -30), 3, 34.6692590896832)
((0, 0, -6, -1, -6, -3, -3, -10), 3, 34.69436986159996)
((6, 2, -10, 1, -1, -2, -1, -11), 3, 34.71904957666911)
((0, 0, -8, 3, 5, -1, 1, -28), 3, 34.74146111165912)
((-10, -4, -8, -3, -3, 0, 1, 18), 3, 34.763411940388714)
((6, 1, -32, -5, -1, 0, 5, 24), 3, 34.78749638647781)
((3, 1, 13, 33, 3, -1, 0, 16), 3, 34.80983778920294)
((5, -1, 0, -14, -3, 0, 1, 7), 3, 34.83916561990935)
((10, -4, 4, 11, 3, 2, 1, -8), 3, 34.8626582181045)
((-5, -4, -27, 0, -10, -4, -4, -7), 3, 34.888387636422934)
((-2, -2, -3, -19, -6, -4, -6, 0), 3, 34.91072048643283)
((5, 7, 8, -6, 9, 5, 3, 16), 3, 34.943721423240234)
((2, 0, 5, -4, -6, -1, 19, 17), 3, 34.967899379015854)
((1, 1, 11, 2, 2, -4, -3, -4), 3, 34.99356208615549)
((1, 2, -31, -17, 3, -2, -1, -1), 3, 35.01449742249672)
((-3, -3, -1, -6, -7, -7, -8, -17), 3, 35.038627483067046)
((-4, -1, -18, -25, -6, -4, -15, -49), 3, 35.067361755336464)
((1, -2, 7, 7, 6, 1, 2, 16), 3, 35.08987991417635)
((0, -5, -23, 9, 9, 8, 1, 3), 3, 35.11348483803153)
((-6, -2, -10, -14, -2, -1, 4, 2), 3, 35.14034948675156)
((1, -1, 0, -5, 3, 2, 0, 15), 3, 35.1645468286817)
((0, 4, 20, 15, 7, 4, 10, 7), 3, 35.191579110620246)
((0, 4, 14, 7, 3, 3, 2, 3), 3, 35.22544843311406)
((0, -3, 24, 6, -2, -2, -2, 3), 3, 35.25216255404603)
((-2, 0, -7, -1, 0, -2, -6, -19), 3, 35.27062843640971)
((-1, 1, 0, 3, 4, -1, 3, 7), 3, 35.2958218845737)
((-1, -2, 0, -1, -2, -2, -1, -4), 3, 35.32105638577079)
((-3, -3, 7, -10, -2, -1, -1, 2), 3, 35.345445308522095)
((1, 1, 0, -3, -1, -1, -4, 0), 3, 35.368879748253676)
((4, -2, 10, 1, -5, -2, 1, 3), 3, 35.390601364215094)
((4, -2, 10, 1, -5, -2, 1, 3), 3, 35.40918299332489)
((-2, -1, 2, -2, -4, 1, 0, 1), 3, 35.43253589717128)
((3, -1, 0, -1, -3, -3, -1, 2), 3, 35.46334733887967)
((11, 6, 18, -3, -3, 0, 1, 3), 3, 35.487812095706026)
((8, 9, 21, -29, 3, 1, 3, 5), 3, 35.511724347128485)
((31, 2, -2, -6, -3, 3, 0, 8), 3, 35.53465075557537)
((9, 7, 4, 7, 4, 8, -20, -3), 3, 35.56699826493917)
((-3, -72, -29, -12, -2, -2, -19, -68), 3, 35.591772630056866)
((-78, -34, -8, 12, 7, -7, -37, -12), 3, 35.61311963709119)
((-2, 18, -2, -38, -23, -21, -12, -12), 3, 35.63892774038974)
((-46, -26, 9, -7, -17, 3, 4, -27), 3, 35.66639849152911)
((-10, -11, -31, 6, -7, -7, -9, -29), 1, 35.746223263499466)
((-3, -34, 10, 13, -1, -4, -22, -4), 1, 35.77533157451496)
((-18, -20, 6, 10, 0, -8, -1, 25), 1, 35.80099884310272)
((19, -14, -4, 9, -7, -7, -9, -12), 1, 35.825435661059316)
((20, 11, 7, 3, -1, 3, 8, 12), 1, 35.84719034751963)
((54, -20, -2, 2, 3, -7, -11, -5), 1, 35.86991263116302)
((-4, 3, -4, 18, 5, 8, -6, -15), 1, 35.893733083442)
((50, -20, -20, 0, 2, -1, 10, 8), 1, 35.91661672831274)
((31, -8, 3, 14, 5, 2, -3, 5), 1, 35.93764500415947)
((23, -1, -11, -2, -17, -4, 6, 18), 1, 35.96777507955451)
((-13, 7, -13, -25, 1, -3, -9, 1), 1, 35.99100197339649)
((-6, 2, -8, 5, 6, 1, 5, -4), 1, 36.01561668782988)
((68, -11, 13, 2, -5, 2, -2, 2), 1, 36.04140711551696)
((-80, -31, -43, -17, -4, -3, -1, 2), 1, 36.06766566181766)
((109, 17, 24, 0, 3, -1, -5, 1), 1, 36.08419577963416)
((-82, 21, -1, 1, 2, -8, -4, -2), 1, 36.10787881828844)
((73, 1, 2, 0, 5, 1, 2, -13), 1, 36.129801708148285)
((-81, -21, -15, -30, -7, 1, 5, -8), 1, 36.15594279715982)
((64, -12, -8, -5, 0, -1, -3, 5), 1, 36.177171206542944)
((-40, -28, -1, -9, -3, -1, -1, -5), 1, 36.21156737629495)
((42, 35, 30, -5, -10, 2, 11, 23), 1, 36.239766818771955)
((13, -4, -5, 1, -4, -2, 0, -8), 1, 36.26094220132065)
((5, -19, 4, -2, -5, 0, 3, 9), 1, 36.28469309151576)
((-6, 2, 15, 0, 0, 3, 3, -3), 1, 36.309202892642325)
((-36, -45, 7, 12, 2, 7, 18, 32), 1, 36.332077984797834)
((39, 31, 3, -1, -3, 1, 3, 7), 1, 36.36104489092152)
((-33, 9, 1, 32, 4, 2, 10, 15), 1, 36.38322094115219)
((-19, 17, 6, 6, 6, 1, -4, -10), 1, 36.4103855050863)
((-12, 10, -1, 3, -4, 0, 3, 8), 1, 36.43361924110047)
((-42, 12, 1, 3, -1, -4, 2, -11), 1, 36.45958813544536)
((34, 8, -2, -9, -17, -5, -6, -5), 1, 36.48841705776333)
((13, -13, -1, -7, -13, -8, -3, 9), 1, 36.51812405884496)
((29, -1, 0, -7, -6, -1, 1, 6), 1, 36.54809733446077)
((21, 11, -2, -17, 4, 1, -5, -1), 1, 36.58332653867623)
((-3, -10, -5, -4, -8, -5, -3, -2), 1, 36.609613023846684)
((33, -4, -2, -1, -2, -3, 6, 6), 1, 36.6391489706237)
((15, -7, -1, 1, 8, 3, 0, -3), 1, 36.66147782936649)
((-20, -18, 1, 6, 3, -3, -2, -5), 1, 36.69311090191803)
((7, 11, -1, -5, 0, -1, -1, -5), 1, 36.72408769612089)
((4, -5, -6, 7, 1, -1, -3, -9), 1, 36.764067648556384)
((1, -4, -10, 3, -3, -3, -2, -1), 1, 36.79208634365152)
((0, 1, -11, -5, -6, -4, -2, -2), 1, 36.8260138246089)
((14, 10, 6, 3, 3, 3, 2, 3), 1, 36.85466770135515)
((1, -2, 8, -5, 5, 0, 1, 5), 1, 36.88268525608825)
((12, 6, 2, 2, -1, -1, 1, 1), 1, 36.909458105664804)
((-3, -3, -22, 3, -2, -1, -1, -1), 1, 36.94449972032621)
((-6, -8, -16, -1, 4, 0, 0, 4), 1, 36.97513611646289)
((3, -3, -39, -16, -6, -7, -4, -3), 1, 37.00835372205614)
((4, 5, 26, -15, 5, 3, 0, -2), 1, 37.03267308272357)
((6, 19, 63, 38, 4, 4, 3, 5), 1, 37.065170549694415)
((-1, -4, -50, -9, 3, 3, -2, -1), 1, 37.09954163148175)
((-7, -13, 52, 18, -21, -12, -5, -4), 1, 37.128591784033674)
((-17, -58, 37, -52, -52, -29, -24, -23), 1, 37.16470362846093)
((-4, -8, -5, -5, -3, -6, -2, -6), 1, 37.19277535039049)
((0, 8, 43, 19, 4, 3, -1, 6), 1, 37.218334284585325)
((6, 4, -9, 5, 5, 9, 7, 5), 1, 37.24743119198052)
((-1, -6, -10, -6, -8, -3, -2, 1), 1, 37.27235380416221)
((-3, -8, -28, 2, -1, -2, -2, -5), 1, 37.302244403530786)
((-3, -3, -10, -3, -3, 1, 1, 5), 2, 40.219813904320205)
((-93, -30, 22, 7, -10, -12, -4, 23), 3, 40.48907219574998)
((60, -19, 3, -9, -4, -1, 5, 13), 3, 40.520429870871105)
((-25, 0, -15, 8, 5, -3, -44, -76), 3, 40.553519185735894)
((-6, -2, 11, -12, -1, 9, 17, 23), 3, 40.58239828398322)
((7, 4, -5, 8, 3, -4, -1, -15), 3, 40.61702366650341)
((7, 8, -1, 5, 7, 0, -14, 3), 3, 40.64843436845896)
((-7, -5, 54, 5, -2, -2, 6, 20), 3, 40.67950581271036)
((1, -1, -22, -4, -5, 3, -6, 16), 3, 40.71103739304117)
((13, 8, 13, -8, -4, -5, 2, 42), 3, 40.74194690588421)
((-19, -1, -9, -6, 3, -2, -1, 3), 3, 40.77159460814025)
((13, 12, 24, 6, 8, 5, 14, 29), 3, 40.80551695746849)
((-1, 0, -4, 12, 0, -2, 0, -29), 3, 40.83463895282836)
((6, 0, 15, -3, 5, 2, 1, 10), 3, 40.87420096257959)
((-3, -5, -3, -6, -3, -1, -2, -14), 3, 40.90365993491954)
((-7, 4, 9, 13, 5, 3, 3, -10), 3, 40.93237938248256)
((6, 2, -1, -11, 6, -1, 0, -1), 3, 40.963799207334354)
((-8, -8, 7, -12, -3, 1, 5, 14), 3, 40.99468705329881)
((2, -6, -8, -6, -2, -1, 4, -2), 3, 41.02867839452991)
((-5, -8, -26, -13, -9, -7, -6, -17), 3, 41.05796346166017)
((-5, -3, -15, -7, 2, 1, 3, 16), 3, 41.08493644477312)
((-3, -2, -19, -25, -8, -5, 0, -8), 3, 41.11194534929004)
((-6, 1, 20, -4, 0, -4, 1, -19), 3, 41.14331784911756)
((-4, -7, -40, 1, -2, 2, 2, 8), 3, 41.17401639498492)
((1, 5, 1, 3, -7, -2, 3, 0), 3, 41.201127932084596)
((-2, -1, -3, 20, -1, -3, -6, -35), 3, 41.23126484965182)
((-3, -2, 3, -21, -7, -5, 2, 0), 3, 41.259928989656345)
((-5, -3, -1, 11, 1, 2, 0, -5), 3, 41.29119372527196)
((-10, -2, -2, -5, -7, -2, 9, -12), 3, 41.32969861942071)
((-2, 0, -8, 1, -7, -4, 0, -15), 3, 41.37493507063687)
((-4, -2, -1, -6, -5, -2, -3, 5), 3, 41.41164218404417)
((-5, -3, -7, -5, 1, 4, 0, -6), 3, 41.44249752969075)
((1, 5, 46, 5, -4, -4, -3, 0), 3, 41.47506170784039)
((0, 6, 8, 9, -1, 2, 1, 6), 3, 41.5149310451589)
((-1, 0, -4, -1, 16, 5, -2, -4), 3, 41.55405857697643)
((-2, 1, 35, 38, 7, -2, -5, -9), 3, 41.60073644579945)
((-2, -9, 2, 7, 11, 4, -1, -1), 3, 41.62878422012636)
((-3, -6, -25, 6, -7, 0, -3, 0), 3, 41.6527882706923)
((6, 9, 2, -1, 6, 1, 4, 1), 3, 41.68423147296572)
((0, -1, 5, -12, -6, -3, -4, -3), 3, 41.7166411320602)
((-9, -13, -13, -14, -16, -11, -9, -4), 3, 41.76291588290535)
((-1, -3, 2, 2, -18, -11, -6, -2), 3, 41.80288614226358)
((1, 2, 19, -9, -6, 0, -1, 0), 3, 41.85040559826528)
((17, 2, 57, -9, -5, 2, 12, 14), 3, 41.88854671692622)
((10, 5, -14, 17, 5, 0, -6, -1), 3, 41.94402361917838)
((-26, 4, -14, 5, 1, 4, 3, -7), 3, 41.99256312901657)
((-12, -45, 92, 3, 5, 4, -3, -18), 3, 42.029494893743916)
((-17, 7, 10, 10, 3, -2, -1, 0), 2, 42.09932268197185)
((-3, 38, 66, 26, 11, 2, -2, -5), 2, 42.13220160004197)
((-5, 5, 7, -1, -1, -1, -5, 18), 2, 42.160704949000156)
((-8, 6, -50, -19, -8, -6, -5, -30), 2, 42.19233517064662)
((12, 12, 1, 20, 7, 2, 2, -5), 2, 42.2223517800196)
((6, 4, -23, 2, -2, -1, 1, -2), 2, 42.2520684741785)
((16, -1, 3, 17, 0, 0, 1, 11), 2, 42.28333777124224)
((10, 16, 27, -1, 9, 3, 0, -22), 2, 42.315684140244)
((2, -1, 37, 3, -2, -1, 1, 2), 2, 42.35127141813712)
((-20, 1, -17, 10, -4, -5, 0, -8), 2, 42.387687169045556)
((1, -2, -5, 3, 4, 5, 1, -1), 2, 42.42257711555688)
((4, 1, 24, 34, 0, -1, 0, -10), 2, 42.45152805661213)
((-4, 2, 2, -1, 2, -2, 1, -5), 2, 42.491563316606126)
((-7, -45, -17, -8, -3, -4, -2, -7), 2, 42.52888280442392)
((-31, -34, -44, -19, -18, -10, -6, 5), 2, 42.551057714292554)
((2, 4, 3, -1, -15, -2, -1, -13), 2, 42.57647524359558)
((-37, 0, 27, 4, 4, -7, -6, -4), 2, 42.5975103616145)
((-4, 5, -13, -15, -4, -1, 0, -1), 2, 43.05006930550242)
((-1, 0, -26, -5, 3, -3, -3, 1), 2, 43.08245900826135)
((1, 7, 14, 17, 6, 5, 2, 3), 2, 43.104505057220514)
((-3, 4, -27, 3, 5, 1, -1, 1), 2, 43.126235796078184)
((-1, 1, 10, -3, 2, 1, 0, -6), 2, 43.15018453908562)
((0, -1, -3, -12, -7, -3, -2, -8), 2, 43.16948060500767)
((3, 4, 48, -10, 0, 0, 1, 8), 2, 43.19160761967102)
((-2, 3, 0, 7, -4, -1, -1, -1), 2, 43.213208927438195)
((2, -3, -16, 16, 4, 3, 2, 8), 2, 43.24032901725311)
((1, -5, -15, -6, -7, -4, -2, -3), 2, 43.262897922203365)
((2, 0, -6, 19, 1, 1, 1, 2), 2, 43.28623201007624)
((-1, 1, -11, -5, -1, 1, -1, -1), 2, 43.308982802770394)
((-1, -6, -33, 5, 5, -1, 0, 1), 2, 43.330833849822305)
((9, 7, 22, 7, -3, -1, -3, 1), 2, 43.35814380991533)
((-1, -1, -13, -23, -4, -3, -3, -15), 2, 43.382699225523126)
((-3, -7, -34, -17, -8, -4, 0, -6), 2, 43.40630928100744)
((-6, -1, -32, 14, -1, -2, -1, -1), 2, 43.4271305811456)
((11, 11, 29, 3, 4, -1, 0, 2), 2, 43.44740051624189)
((-2, 1, 15, -20, -3, 0, 1, 2), 2, 43.48240906040441)
((0, 2, 24, -11, -1, 2, 0, -1), 2, 43.51459121727375)
((4, 0, 0, -1, 3, 3, 0, 2), 2, 43.541358365040146)
((-4, 4, -6, -7, -1, 0, 1, -1), 2, 43.569636492497274)
((8, 2, 1, -16, -8, -3, -1, 14), 2, 43.596349473067214)
((1, 1, -14, -13, -4, -2, 1, 5), 2, 43.62451299414025)
((0, 0, 1, -15, 3, -2, 0, -14), 2, 43.64676202754088)
((13, 5, 6, 3, 2, 5, 3, 26), 2, 43.67051177737396)
((1, -4, 1, 7, -6, -2, -3, 2), 2, 43.69216326107049)
((0, 2, 6, 5, -2, 1, -1, -4), 2, 43.715446602833005)
((6, 0, -50, -17, -3, -4, 0, 2), 2, 43.74453609787499)
((-7, -1, -5, -4, 1, -1, -2, -3), 2, 43.76755088437926)
((3, 5, 22, -1, -1, -2, -1, 2), 2, 43.79120883506887)
((6, -1, 3, 1, 0, -2, -4, -19), 2, 43.813642036937466)
((-1, 3, -3, -5, 2, 2, -1, -3), 2, 43.83777266768881)
((-3, -12, -13, -7, -3, 0, -1, 1), 2, 43.86522175194959)
((-3, -4, 27, 4, 2, -2, -1, 3), 2, 43.89181556468732)
((1, 1, -28, 33, 3, 2, 1, 3), 2, 43.9141107827502)
((-5, 0, 27, -2, 2, 2, 1, -11), 2, 43.93286802761273)
((2, -4, -36, -2, -1, 0, -1, -2), 2, 43.95734532842141)
((4, 5, 25, 37, 3, 0, -1, 2), 2, 43.978873653018624)
((-1, -2, 2, -1, -3, 0, -2, -3), 2, 44.00271748271924)
((-1, -3, 4, 5, 0, -1, -1, 4), 2, 44.025857138865874)
((-1, 2, 14, -3, -4, 3, -1, 0), 2, 44.04746186771914)
((1, 3, 22, 10, 6, 6, 1, 0), 2, 44.0724500507176)
((-1, -5, -5, -2, -3, -3, 0, 0), 2, 44.09307919985358)
((-1, 0, -7, 2, 4, -1, -1, 1), 2, 44.11315299268059)
((0, -2, -6, 3, -2, -2, -4, -2), 2, 44.14128914506488)
((1, 7, 21, -7, -1, 1, -2, -2), 2, 44.1627918115164)
((-1, -2, -5, -12, 1, -1, 0, 0), 2, 44.18288556067895)
((0, -1, -8, -8, 0, 1, 0, -1), 2, 44.20570762600003)
((-1, -1, -1, -7, -3, -1, -1, 0), 2, 44.229680316610114)
((-2, -4, -12, -19, -20, -3, -2, 0), 2, 44.251538776015224)
((4, 3, 9, 11, 14, -2, -2, -2), 2, 44.271668446581735)
((-9, 2, -7, -13, -7, -1, -3, -1), 2, 44.29244242169562)
((1, -3, -5, 13, 0, 2, 0, 1), 2, 44.31375122660191)
((-3, -2, -11, 1, 0, -1, 2, 0), 2, 44.33543350007327)
((-7, 3, 9, 14, 7, 0, 0, 0), 2, 44.360553394886274)
((4, 2, -3, 3, -1, -3, 1, 0), 2, 44.38311773838841)
((5, 7, 18, -35, 8, 7, 4, 0), 2, 44.40685608460118)
((-15, -7, 7, 10, -2, -5, -4, -12), 2, 44.432106550866706)
((-25, -5, -1, 9, 6, -2, -1, -10), 2, 44.4549776517551)
((5, 25, -16, 15, 3, 1, 0, -1), 2, 44.482094320483924)
((46, 2, 3, 13, 3, 4, -4, 3), 2, 44.507587683862)
((127, 63, 19, 6, 6, 20, 25, 43), 3, 44.561551895880385)
((-68, -2, -4, 3, 7, 9, -8, -26), 3, 44.5813103786059)
((27, -9, 11, 0, 2, 8, -2, -18), 3, 44.60461766797105)
((-15, 5, -22, 3, 14, 9, 4, 21), 3, 44.63105696165361)
((40, -2, -12, 0, 2, 3, 4, -4), 1, 44.71991910271754)
((2, 3, -1, -1, 6, 3, 1, -1), 1, 44.74101637046713)
((2, 19, 1, -14, -7, 2, 7, 21), 1, 44.7678713261099)
((15, 3, 3, -3, -2, 1, 7, 17), 1, 44.78847310655714)
((18, 1, -2, -3, 5, 5, 11, 0), 1, 44.81070161344122)
((14, -2, -1, -7, -4, -1, 0, 17), 1, 44.83170651186632)
((50, -4, 2, 6, 4, 7, 2, 7), 1, 44.85428625025587)
((29, 1, -7, -3, -6, -3, -1, -17), 1, 44.87795332384172)
((17, 6, 1, 1, 3, -1, -2, 2), 1, 44.89938015621819)
((-8, -11, 1, 7, -9, -7, -12, -43), 1, 44.92858083655818)
((12, -3, -1, 1, -2, -2, -2, -3), 1, 44.95862424443888)
((-31, -4, 0, -3, -2, -2, 0, 29), 1, 44.97906295311572)
((-17, 0, -1, -11, -6, -1, -1, -2), 1, 45.00380538809656)
((-3, 6, -4, 9, 1, 0, -3, 10), 1, 45.02855238452552)
((-3, 4, 0, -13, -3, -4, 1, 2), 1, 45.04876074007215)
((7, -11, -1, 0, 1, 0, -1, -1), 1, 45.07035520566714)
((-15, -19, 1, -1, 4, -1, 1, -7), 1, 45.09360889801685)
((11, 2, -1, 3, 3, 1, 0, 3), 1, 45.115054546366835)
((-9, -2, 1, -2, 0, 0, 0, 1), 1, 45.134701843794346)
((-2, 3, 3, -4, 0, 0, 0, 10), 1, 45.1567621472789)
((-20, -2, 1, -3, 1, -2, -5, -7), 1, 45.17782349362452)
((18, 6, 2, -2, -2, -3, -5, -3), 1, 45.20184179871584)
((-12, -1, -3, -1, -3, 0, -1, -5), 1, 45.22253309758249)
((2, -3, 2, 2, 2, -1, -1, -4), 1, 45.24387782389275)
((-4, 5, 0, -4, -4, -5, -6, -5), 1, 45.271033264930615)
((10, -5, 1, 8, 3, 1, -1, -1), 1, 45.29241562318789)
((-2, -6, -3, 33, 3, -1, 1, 4), 1, 45.314213643405374)
((-28, 6, 4, -2, 0, -2, -4, -8), 1, 45.33853414443483)
((-13, 4, 1, -8, 3, 1, -3, -3), 1, 45.36017479469207)
((17, 5, 1, 1, 1, 1, 0, -4), 1, 45.38733080591095)
((11, 3, 0, 1, -5, -2, 0, -5), 1, 45.41066489378383)
((-6, 8, 4, 4, -1, 4, 1, 9), 1, 45.439900355165754)
((-15, 5, 0, 4, 3, -2, -2, -11), 1, 45.46465476394791)
((3, -3, -1, 4, -2, -1, 1, 0), 1, 45.48691919223596)
((-10, 7, -1, -2, -5, -2, 2, 3), 1, 45.51042490459446)
((-5, 12, 2, -3, 1, 0, -2, -8), 1, 45.53031281841046)
((23, 7, 3, -6, 2, -1, 0, 11), 1, 45.55428265811547)
((-47, -8, -5, -2, -1, 1, -1, 10), 1, 45.5746318483729)
((-12, -17, -6, 19, -4, -6, -5, -12), 1, 45.595197707416176)
((-38, -3, -1, -5, -1, -1, 2, -4), 1, 45.617466697152345)
((-2, 0, -1, -3, -2, -4, 3, 16), 1, 45.641631538764614)
((19, -6, -3, -20, -5, -4, -3, -16), 1, 45.66203717694256)
((-10, -5, -5, -7, -2, -1, -2, -4), 1, 45.68686114780859)
((15, 6, 1, 0, -4, 0, 0, 1), 1, 45.70883991540794)
((-20, -4, -3, -4, -9, -5, -1, 2), 1, 45.72904827095458)
((13, -3, 1, -5, -2, 0, -1, 0), 1, 45.754957866473866)
((4, -3, -4, -2, 1, 1, -2, -1), 1, 45.77629632079296)
((8, -6, -7, 4, -5, -4, 1, -2), 1, 45.80053243503215)
((4, 4, 2, -6, -4, -3, -1, -4), 1, 45.823981129289116)
((6, 4, 1, -6, -3, -1, 0, -1), 1, 45.84380746355546)
((-1, -2, 3, 10, 9, 3, 1, -3), 1, 45.86557982562724)
((5, -5, -1, -4, 2, 1, 0, -6), 1, 45.88800447478061)
((15, 3, 3, 6, 5, 3, 0, -1), 1, 45.90856406183271)
((14, 0, -2, -18, -9, -2, -6, -13), 1, 45.94039669773963)
((4, -3, -1, -6, -3, -1, 1, -1), 1, 45.96766845570463)
((1, -1, -5, -6, -6, -4, 0, 3), 1, 45.98977152276533)
((2, -3, 1, -14, 3, 2, 0, 2), 1, 46.01171607950376)
((2, 4, 0, 0, 0, 0, 0, -2), 1, 46.037588043076035)
((4, 1, -1, -1, -1, -2, -2, 1), 1, 46.063615095884494)
((2, -1, 2, 4, 2, 2, 0, -1), 1, 46.08930916297997)
((4, 3, 3, 1, 0, 4, 3, 2), 1, 46.11665561465799)
((0, 3, 1, -6, -4, -2, 0, 1), 1, 46.13532904291125)
((21, 1, 1, 3, -5, -2, -3, 1), 1, 46.15870133291216)
((9, 2, 0, -1, -1, -2, -2, -2), 1, 46.17934359621149)
((22, 7, 1, -2, 3, 2, 5, 1), 1, 46.20590889989845)
((-1, -3, -1, 0, 0, -2, -1, -2), 1, 46.228908861696326)
((-12, -8, -4, -1, 3, -2, -4, -2), 1, 46.25690588991287)
((2, 0, -4, -7, -11, -3, -4, -2), 1, 46.27832188885005)
((-7, 1, 1, -14, -3, -5, -3, -5), 1, 46.30219422760144)
((-13, 0, 1, -5, -5, -5, -2, -5), 1, 46.33006695635663)
((10, -1, -2, 18, -2, -4, -2, -1), 1, 46.360988443001)
((2, 5, 1, -6, 2, 3, 2, 0), 2, 46.38324773965991)
((-4, -1, -4, -5, -2, -7, -1, -2), 2, 46.408382459179315)
((4, -12, -4, -7, -6, -3, -3, 0), 1, 48.32823439457324)
((-26, 6, 4, 4, 1, 0, 1, 2), 1, 48.357358100476155)
((-6, 4, 1, -2, 0, 0, -3, -3), 1, 48.37869712497626)
((4, -3, 4, 3, 4, 4, 2, 1), 1, 48.4018886675953)
((12, -3, -1, -2, -7, -6, -1, -5), 1, 48.42757703288063)
((-2, 6, -3, -1, 6, 1, -2, -6), 1, 48.45258973366275)
((-27, -8, -2, -5, -7, -4, 1, -45), 1, 48.48822205585607)
((-24, 1, -2, 3, -4, -6, -13, -17), 1, 48.51601267854506)
((5, -6, -3, 3, 3, 3, 8, 27), 1, 48.545369588483254)
((-19, -4, -4, -3, -5, -7, -4, -7), 1, 48.5694260957026)
((7, 2, 1, 4, 4, 0, 7, 11), 1, 48.59651140447558)
((4, 6, 0, -3, -2, 0, 1, 12), 1, 48.62011860905481)
((42, 1, -2, 1, -4, -1, 0, 10), 1, 48.63786891424421)
((-21, -13, -4, -4, -3, -3, -2, -3), 1, 48.66300819521173)
((6, 1, -2, 0, 1, 0, -3, -4), 1, 48.68779852539786)
((-1, 4, 0, -1, -9, -7, -2, 9), 1, 48.7059069042649)
((0, -2, -7, -3, 0, -2, -10, -42), 1, 48.72840909803635)
((-32, -17, 1, 1, 3, 2, -4, -2), 1, 48.756152395701065)
((-21, -2, -1, 1, 9, 2, 1, 4), 1, 48.77868081779923)
((-23, -9, -7, -6, -5, -2, -2, -7), 1, 48.8086415494327)
((-4, -19, -5, 0, -2, 0, 1, -7), 1, 48.837763544792566)
((-7, 5, 1, 2, 10, 2, 0, 2), 1, 48.86094140306723)
((23, 5, 3, -2, -11, -3, 2, 5), 1, 48.8828317926092)
((-13, 4, -3, -10, -9, -7, -5, -1), 1, 48.91357139150966)
((-3, -1, 0, -3, -11, -4, -3, -2), 1, 48.93844268739997)
((-5, -1, 2, 1, -1, -3, -1, 2), 1, 48.96302832260157)
((-3, 12, 3, 0, -1, -3, -4, 7), 1, 48.98596898557385)
((8, -4, 1, 1, 4, 2, -1, -1), 1, 49.01669889139705)
((13, 5, 0, 2, 2, -1, -1, -1), 1, 49.04709923259337)
((27, 1, -3, -3, -1, -1, 1, 9), 1, 49.07364058867769)
((-27, -9, 1, -12, -3, 0, -1, -5), 1, 49.09922917228533)
((21, 0, 0, -2, -3, 0, 7, -1), 1, 49.12194518393755)
((-30, -7, -1, 4, -2, -6, -9, -5), 1, 49.152379735994785)
((-11, 3, 5, -1, 0, 0, -4, -29), 1, 49.173065333051284)
((18, 4, 1, 12, -1, -2, 11, 3), 1, 49.19912203527254)
((-2, -1, -4, 4, -6, 0, -15, -12), 1, 49.22102154771075)
((15, 9, 4, -2, -2, -4, -10, -24), 1, 49.24372900664774)
((9, 12, 2, -5, 4, 3, 3, 7), 1, 49.26593755719628)
((4, -2, -2, -5, -3, -5, 1, 0), 1, 49.29607675548756)
((4, 2, -1, 2, 0, 4, -20, 2), 1, 49.32082546245957)
((-18, -7, 5, -10, -5, 3, 3, -16), 1, 49.348250599117705)
((5, 0, 0, -3, -5, -6, -8, -6), 1, 49.371953594107524)
((37, -2, 2, 13, 6, 2, -4, 0), 1, 49.39821727203736)
((-1, -3, 9, -6, -3, -2, 3, 3), 1, 49.42176859887709)
((-11, 3, -7, 1, 1, -4, -3, 3), 1, 49.44662221915591)
((-3, 2, -6, -2, 2, 4, 18, -4), 1, 49.4745759136153)
((-12, -15, -5, 0, -9, -4, 1, 0), 1, 49.501551177452306)
((2, 6, 16, 7, 5, 3, 18, 14), 1, 49.52432591774911)
((-6, 4, -4, 4, 10, 12, -6, -10), 1, 49.55584381373555)
((9, 4, 16, -4, 2, 3, -4, -7), 1, 49.57851763199263)
((13, 10, 24, 20, 8, 12, 8, 3), 1, 49.60129066174638)
((1, 1, -19, -30, -3, 2, -4, -5), 1, 49.62222143663949)
((-10, -7, 77, 7, -15, -8, -13, 5), 1, 49.64671698324067)
((-25, -13, 33, 28, -20, -13, -20, -27), 1, 49.672234864402405)
((-10, 0, 8, -17, -3, -8, 5, -2), 3, 49.82129386616369)
((8, -1, 8, -23, -15, -12, -6, 5), 3, 49.84981318019032)
((-14, -12, -32, -15, 1, -6, 3, 2), 3, 49.87637905405829)
((6, -7, -36, -1, -3, -5, -12, 19), 3, 49.90085065305683)
((-7, -5, 10, -1, 0, -4, -7, 7), 3, 49.9229006932831)
((-5, -11, -3, -10, -5, -2, -14, 3), 3, 49.94924020528797)
((-2, 3, 10, -3, 1, 2, -4, -6), 3, 49.97238100179664)
((4, 1, 42, -14, -1, -3, -7, -26), 3, 49.99778997838444)
((-7, -5, -8, 0, 3, 3, -1, -9), 3, 50.02320750768747)
((-23, -5, -14, 7, -1, -12, 3, -4), 3, 50.05170287411144)
((14, -4, 35, 5, -8, -4, -7, -8), 3, 50.079045904703364)
((9, 3, 22, 0, -1, -2, -5, -1), 3, 50.10032848128295)
((-12, -5, -16, -8, -4, 1, 19, -2), 3, 50.12550824510257)
((-5, -2, -5, -8, -6, -2, -22, -11), 3, 50.15004883600397)
((4, 0, 4, 29, 3, -4, -20, 2), 3, 50.17967886264852)
((-5, -6, -25, -1, -1, 1, 17, 10), 3, 50.202478690910006)
((2, 1, -7, -12, -1, 0, 18, 0), 3, 50.23057607098526)
((-2, -1, -8, 10, 0, -6, 5, -3), 3, 50.25399568601044)
((12, 5, -10, 10, 7, 9, -3, 28), 3, 50.27983229835976)
((-6, -1, 6, 2, -3, 6, -12, 3), 3, 50.303328317641004)
((-1, -2, 20, -2, -7, -9, -15, -7), 3, 50.32693210113415)
((-3, -2, -20, 6, -11, -5, -1, -1), 3, 50.35400315538174)
((0, 2, 5, -3, -2, 1, -2, -5), 3, 50.37405014970103)
((-8, 1, 13, -2, -7, -10, -24, -5), 3, 50.39836779982541)
((-8, -1, 1, -6, -2, -3, 2, 6), 3, 50.42297054045748)
((5, 2, 24, 7, -1, 1, -6, 6), 3, 50.447340077054264)
((6, 3, 13, 35, 16, 5, -3, -7), 3, 50.478643584978926)
((3, 2, -23, -2, -4, 0, -12, -1), 3, 50.50061836131117)
((2, -2, 27, 22, -2, -8, -14, -2), 3, 50.52639054320575)
((0, 2, 2, 1, -5, -3, -1, -9), 3, 50.561072943827476)
((2, 0, -1, -8, -2, -2, -7, -4), 3, 50.58669516811502)
((2, -9, 9, -32, -5, -6, 17, 1), 3, 50.61005662467664)
((1, -3, -2, 5, -3, 3, -9, -6), 3, 50.63106209328276)
((5, -1, 21, -5, -3, 1, 11, 33), 3, 50.660807296492415)
((2, 7, 16, 24, 16, -2, -12, -9), 3, 50.68535529974701)
((6, 5, -31, 1, -2, 1, 4, 21), 3, 50.70877662531524)
((3, -3, -8, -4, -2, 1, -2, 20), 3, 50.730844911334)
((9, 3, 6, 10, 6, 2, 8, 4), 3, 50.75772780584652)
((1, 7, -22, -5, 3, -2, 5, 40), 3, 50.7813623791145)
((-2, -5, 1, -12, 2, 5, -13, -8), 3, 50.8055545894155)
((2, -3, -43, -1, 0, -2, 2, -2), 3, 50.833054989967664)
((2, 6, -16, 7, 9, 2, -3, 1), 3, 50.85542034029543)
((0, 0, 21, -4, -3, -9, -26, 8), 3, 50.879029825598735)
((-2, 0, 29, -17, -3, 2, -18, -10), 3, 50.90017897982072)
((1, 6, 4, 12, 9, 9, 1, -27), 3, 50.9217728752347)
((0, -6, -2, 0, -8, 0, -4, 29), 3, 50.94894656206506)
((-2, 2, 31, -6, 0, 5, -6, 16), 3, 50.97507282637019)
((0, 4, -6, -1, -12, -9, -18, -6), 3, 50.9962932532191)
((-4, -3, 12, -5, -1, -4, 15, 11), 3, 51.020251689303805)
((1, -1, -9, -4, 2, 0, 5, 12), 3, 51.05033158876949)
((-2, -1, -8, 2, 0, -5, -5, -11), 3, 51.083737354097806)
((-1, 0, 17, 6, 4, 4, 9, -6), 3, 51.110108796239544)
((-6, -10, -38, -8, -7, 4, 13, -1), 3, 51.1320619056932)
((-1, -2, -10, 0, 0, -2, 4, 13), 3, 51.157548997080106)
((-6, -8, -59, -29, -5, -6, -10, -13), 3, 51.17999816401713)
((14, -9, -43, -11, -8, -2, 3, 19), 3, 51.20675561870627)
((8, 4, 57, 39, 6, -6, -2, 0), 3, 51.23065874723248)
((10, 15, -2, 15, 2, -14, -33, 26), 3, 51.25328124919818)
((22, 7, -39, 13, 5, 11, 27, 19), 3, 51.27957571690285)
((-61, -12, -4, 0, -6, -8, -3, -51), 3, 51.306072598867964)
((14, 14, 114, 38, 6, 23, 20, -23), 3, 51.327425877893454)
((22, -27, 75, -56, -17, -12, -12, 24), 3, 51.351769756344545)
((-16, 3, -34, 11, 5, 3, 23, -5), 3, 51.375035992676594)
((-6, -25, 1, -18, -12, 0, -2, 39), 3, 51.40095756199721)
((-2, 4, 27, -39, -9, 2, 9, 14), 3, 51.426062632103815)
((16, 2, -38, -3, 0, -5, -6, 1), 2, 51.45235995071355)
((4, 3, 23, -4, 2, -1, -7, -25), 2, 51.48232011216601)
((-35, -3, 2, -35, -3, -2, -12, -70), 2, 51.50641083024628)
((6, 10, -4, 19, 2, 0, 2, 17), 2, 51.53175537637934)
((12, 4, -73, -20, -3, -4, -5, 6), 2, 51.567510857671984)
((-21, -29, -68, -11, 5, 3, 0, -24), 2, 51.59617784858159)
((9, 7, -10, -2, -1, -2, -3, 1), 2, 51.621002389628636)
((14, 0, 19, 4, -4, -1, 1, 20), 2, 51.64701689845475)
((3, 4, -12, -22, -1, -1, -1, -2), 2, 51.67142463717956)
((-15, -5, -17, -2, -8, -5, -4, 10), 2, 51.69376603990469)
((-7, -3, 14, 14, 6, -1, 0, 9), 2, 51.718222244015806)
((30, -6, 21, 2, -1, -3, -4, -31), 2, 51.739675304718986)
((-12, 1, -29, 9, -1, 1, -3, -10), 2, 51.76943248172997)
((6, 0, 33, 4, -3, -2, -2, 9), 2, 51.794514744595965)
((-7, 0, -25, -2, 1, -1, 2, 5), 2, 51.82966241292623)
((-10, -3, -19, 6, 4, 1, -3, -7), 2, 51.85337681153636)
((1, -1, -6, -14, -1, 1, 1, 17), 2, 51.884192244511866)
((-3, 2, 10, 10, 4, 5, 0, -1), 2, 51.910938865761715)
((-4, 9, -21, -11, -3, -2, 2, 4), 2, 51.93393825737857)
((-13, 6, 27, 6, -2, 0, -2, -16), 2, 51.967109678309576)
((18, 2, -29, 9, -2, -5, -3, 8), 2, 51.99156645260171)
((-23, -3, -7, 2, 4, 4, 0, -16), 2, 52.01910562546291)
((16, 1, 18, 9, -2, 0, 2, 14), 2, 52.04397464062916)
((5, 9, 2, -5, -2, -1, -1, -17), 2, 52.07468516029784)
((0, 48, 18, -3, 4, 3, -1, -10), 2, 52.0947680760211)
((-3, -6, 32, 3, 2, 0, -1, 0), 2, 52.12930907175101)
((0, -20, -58, -19, -4, -1, -3, 11), 2, 52.156794647596776)
((3, -3, 14, 3, -1, -4, -2, 9), 2, 52.177180899620204)
((-9, 1, 9, -2, -5, -1, -4, -27), 2, 52.205747538671105)
((7, 6, -9, 14, 4, 6, 2, -5), 2, 52.228970441245984)
((-5, 2, -17, 0, -1, -2, -1, -6), 2, 52.25770243279134)
((1, 5, 0, -5, -4, -3, 2, 19), 2, 52.28280180108779)
((-2, -2, 5, -10, -2, -1, -3, -4), 2, 52.299679159142656)
((-1, 0, -7, -6, 4, 2, 0, -9), 2, 52.32668635311652)
((-3, 3, 4, 4, 0, -2, 0, -1), 2, 52.35182449372202)
((-22, -20, -8, 5, -1, 0, -3, -17), 2, 52.37993099669352)
((11, -12, -5, 0, 1, 1, 3, 56), 2, 52.407772365492875)
((-38, -15, -4, -2, -4, -5, -3, -20), 2, 52.43114465549378)
((-1, -16, 0, -25, -7, -3, -2, -15), 2, 52.45180801549068)
((8, 5, 11, -7, 6, 5, 2, 14), 2, 52.484930971035375)
((-5, -2, -23, -3, 1, -2, -2, -11), 2, 52.51048363323905)
((3, 2, 10, -3, -2, 0, -3, 5), 2, 52.53454983353565)
((-1, -13, -28, -1, -6, -5, -2, -4), 2, 52.56225264834827)
((4, 14, 6, 6, 0, 1, 2, 0), 2, 52.593669052113974)
((-3, -2, 1, 4, 2, 3, 0, -1), 2, 52.62427807956192)
((0, 3, 12, 2, 0, 0, 1, 0), 2, 52.648613975478796)
((-1, -3, -3, -10, -6, -3, -1, -1), 2, 52.67354913164282)
((0, 5, 27, -15, -8, 0, 0, -2), 2, 52.69788046611158)
((1, 0, 7, -1, -1, -1, -2, 0), 2, 52.72400387951163)
((-1, 0, 13, -10, 0, -3, -3, 0), 2, 52.74901601011273)
((0, 6, -7, 19, 0, 4, 3, 0), 2, 52.77246698509376)
((1, -2, 19, -5, -1, 0, 2, 0), 2, 52.797866268604295)
((-1, -2, 2, -1, -2, -3, -3, 0), 2, 52.82363845049888)
((-2, -6, -18, 26, 7, -1, -2, -2), 2, 52.850934726247544)
((-2, 4, 2, -6, -9, -2, -1, -2), 2, 52.87127080234162)
((1, -1, 3, 27, 26, 3, -1, 1), 2, 52.89611644008623)
((-1, -3, -35, -32, -9, -5, -3, -2), 2, 52.919899260418205)
((18, 10, 16, 5, -4, -1, 0, 4), 2, 52.9453897728912)
((11, 1, 3, -10, -11, -6, -3, 2), 2, 52.968624649267404)
((-2, -1, -10, -5, -1, 0, -2, -3), 2, 52.9992393785255)
((0, -18, -22, -10, 4, 0, -5, -11), 2, 53.026639997399975)
((4, 12, 14, 11, -4, 6, 7, 12), 2, 53.05687270537778)
((2, 8, -6, 9, 16, 8, 20, 43), 2, 53.08634707260514)
((7, 10, 4, 9, 1, -4, -3, 4), 1, 55.397208051640156)
((6, 18, 1, 8, 2, 2, 4, 0), 1, 55.42004266094357)
((2, 11, 12, 7, 4, 1, 1, -3), 1, 55.442506082405984)
((14, -3, -11, -2, -2, -1, 0, 2), 1, 55.471556805138924)
((-1, -24, -3, -11, -10, -8, -1, 3), 1, 55.49747723409751)
((8, -2, 0, -1, 13, 9, 2, -7), 1, 55.52214212446025)
((23, -8, -6, -15, -7, -1, -6, -4), 1, 55.55228645438067)
((-3, -3, -4, 1, -2, 0, -11, -26), 1, 55.58093462931677)
((-9, -3, 3, -8, -15, -10, 0, -1), 1, 55.606246675131956)
((-36, 13, -4, -10, 3, -3, -2, -2), 1, 55.62936181349493)
((-20, -1, -22, -5, -4, 0, -2, -4), 1, 55.659388686126185)
((30, 1, 1, 11, 5, 1, -10, 3), 1, 55.68656921512873)
((7, 4, 1, 2, -6, 4, -22, -8), 1, 55.7146859813585)
((-16, -6, -8, -4, -2, -4, 5, -8), 1, 55.73165399819481)
((2, -3, 5, 0, 2, 0, 15, 4), 1, 55.760542219338376)
((-17, -17, -3, -7, -14, -2, 5, -18), 1, 55.785064564447275)
((20, 0, 2, -7, -8, -4, 2, -3), 1, 55.80479168721694)
((-2, 4, -5, -7, -8, -6, -6, -21), 1, 55.83074518667441)
((-10, 5, 6, -3, -8, -11, 0, -5), 1, 55.85477774629111)
((-6, -2, -6, 5, 3, -1, -8, -2), 1, 55.878149466111005)
((10, -11, 1, 3, 11, 0, 8, -5), 1, 55.903423309798164)
((-2, 0, 0, 2, -6, 1, 0, 2), 1, 55.92590953850119)
((-18, 1, 0, 0, 3, 2, -1, 10), 1, 55.95565588207288)
((-3, -3, -4, 3, 1, 2, 3, 2), 1, 55.978624483914906)
((0, 4, -2, -5, -3, -2, -2, 0), 1, 56.00610435795052)
((22, 7, -1, -9, -4, -2, 9, 23), 1, 56.030238409787955)
((-11, -1, 1, -3, -2, -2, 2, 10), 1, 56.05787337305974)
((-35, -9, -5, 0, 1, 0, -3, 6), 1, 56.08215225087508)
((8, 5, 1, -2, 8, 4, 1, 3), 1, 56.106395207286454)
((1, 1, -5, -8, -10, -3, -2, 8), 1, 56.13246958511919)
((1, -12, -6, -7, -6, -2, 2, -5), 1, 56.15849321684155)
((-13, -2, 1, -10, -4, -4, -1, -3), 1, 56.180382466021484)
((-1, 2, -8, -8, -6, -2, 16, -1), 1, 56.20598416379248)
((6, 0, 0, -1, 3, 0, -4, -7), 1, 56.23290754115709)
((-16, 2, 2, 1, -3, 2, 3, 3), 1, 56.25722576146249)
((21, 10, 4, -1, 0, -1, 8, 6), 1, 56.282607939542565)
((15, 2, 4, -4, -3, 2, 3, -5), 1, 56.308328234964755)
((3, -1, 3, -1, 0, -2, 1, 5), 1, 56.335481395278556)
((-24, -9, 2, 8, -3, -5, -4, -2), 1, 56.3627582848727)
((-20, 9, 2, 0, -7, -2, -2, 2), 1, 56.38822541992406)
((8, 3, -11, -8, -4, -1, -1, -1), 1, 56.4085415396826)
((-7, 1, -2, -4, -2, -1, 1, -4), 1, 56.438881441691294)
((12, -6, -3, -3, -4, -2, -4, 4), 1, 56.46120573898595)
((1, -1, 1, 1, -2, -2, 3, -1), 1, 56.49465597843347)
((-1, 6, 7, 4, 3, 1, 8, 1), 1, 56.515796579940236)
((-1, 1, 1, 0, 0, 3, 3, -2), 1, 56.538402546656485)
((-7, 1, 4, 7, 7, 7, 0, -4), 1, 56.562833092621915)
((-4, -5, -3, -4, -5, -1, -3, -3), 1, 56.58713420749685)
((-5, -13, -4, -2, -2, -6, -5, -2), 1, 56.60963811181136)
((-4, 1, 2, 0, -3, -4, -2, -3), 1, 56.63618916097293)
((-3, -11, -41, -16, -9, -4, -3, -1), 1, 56.66066304069553)
((-2, -6, -4, 0, -4, -2, -3, -3), 1, 56.68861559479288)
((0, 0, -4, 3, -2, -3, -4, -1), 1, 56.71831062207319)
((3, 5, 27, -5, -1, -1, -5, 1), 1, 56.74471228380874)
((-8, -1, 14, 1, 0, 1, -9, -4), 1, 56.77149482646256)
((-13, 0, -36, -13, -3, -8, -9, -39), 1, 56.799412029336956)
((6, 6, -11, 11, 4, 2, -20, 1), 1, 56.825069034666434)
((-33, 3, 60, 25, 5, 12, 20, 34), 1, 56.849504712261)
((8, -5, -69, -25, -3, -4, 9, 19), 2, 56.97527124936354)
((-19, -20, -39, -18, 0, 0, -1, -48), 2, 56.99986828818545)
((-2, -10, -11, 16, -3, -4, -2, -7), 2, 57.02365624014656)
((5, 1, -10, -11, -2, 1, 1, 3), 2, 57.04764090455797)
((4, 14, 92, 3, 3, 8, 6, 53), 2, 57.07202412549912)
((0, -5, 17, -3, -2, 3, 1, 3), 2, 57.09960435139344)
((-5, 4, -5, -16, -5, -3, -1, 7), 2, 57.12479893991946)
((2, 6, -22, 0, -3, -2, 0, 26), 2, 57.13970347166115)
((17, 6, 28, 11, -1, -1, 0, -12), 2, 57.166702112919786)
((-40, -2, -2, -2, 0, -2, -1, 0), 2, 57.18937079954773)
((-9, 2, 9, -5, -2, -2, -3, 4), 2, 57.22221721729998)
((1, -3, 11, 21, 3, 2, 2, -5), 2, 57.24438585517744)
((-3, -1, -14, 10, 1, -1, 0, -4), 2, 57.273186838625655)
((3, -3, -4, 7, 5, 2, -1, 15), 2, 57.29748396223349)
((3, 5, 28, -2, 1, 2, -2, 0), 2, 57.32253258441958)
((-3, -5, -3, -13, -4, -2, -2, -12), 2, 57.348579023382555)
((-4, -7, 0, -12, -4, -4, -3, -11), 2, 57.3725762317763)
((-3, 8, 34, -20, -6, -4, -2, -1), 2, 57.394622850916484)
((-7, 12, -1, -3, -2, 3, 1, -1), 2, 57.41975186862573)
((4, -5, -13, -3, 5, 2, 1, 0), 2, 57.44358372452503)
((-6, -9, -67, -4, -12, -7, -3, -10), 2, 57.47024196771749)
((2, -6, -2, -6, -1, -8, -3, -15), 2, 57.498422024039975)
((17, 10, -4, 10, 1, 3, 0, -7), 2, 57.51879630226208)
((-5, -7, 31, 1, -3, -1, 0, 0), 2, 57.54628929046104)
((-3, -3, -7, 1, -2, 0, 0, 1), 2, 57.56981895042219)
((-6, -9, 30, -8, -10, -5, -3, -3), 2, 57.59744536097875)
((-1, 3, 5, -10, 2, 2, 1, 1), 2, 57.62202358382716)
((18, -1, -9, 8, 1, 2, -1, -3), 2, 57.65172431291762)
((-8, -2, 4, -3, 0, 0, 0, 2), 2, 57.68060284098393)
((-12, -14, 41, 9, -7, -7, -5, -5), 2, 57.70953439588466)
((-4, -3, -26, 6, -2, -3, -2, -2), 2, 57.7419799763831)
((-2, 1, 29, -3, 2, 2, -1, -1), 2, 57.76648806696662)
((-3, -4, 11, 1, 2, 1, -1, 1), 2, 57.79048755608443)
((-2, -19, -20, -9, -1, -2, -1, 1), 2, 57.813891206041184)
((-2, 6, 21, -1, -3, -6, -3, 1), 2, 57.83741744491624)
((-2, -3, -9, 2, -2, -4, -2, -1), 2, 57.86475249297394)
((0, -4, -2, 10, 7, 1, 1, -1), 2, 57.889623218683234)
((3, 2, -30, -6, 3, 1, -1, 2), 2, 57.917580904409725)
((1, -2, -2, 3, -1, 1, 2, -2), 2, 57.93751158180187)
((-4, -6, -12, -37, -6, -3, -3, -1), 2, 57.96270959141398)
((2, 2, 19, -3, -16, -5, -2, 0), 2, 57.99928556318775)
((27, 3, 15, 10, -5, -2, -1, -1), 2, 58.0238284348132)
((70, 2, 0, -1, -4, -6, -3, 1), 2, 58.05301942207593)
((-52, 1, -10, 11, -2, -4, -6, -18), 2, 58.07505064632869)
((-103, -12, -5, -29, 5, -3, -18, -40), 2, 58.10515848466412)
((115, 6, -7, 12, 1, -1, -3, -4), 2, 58.12762703775567)
((-9, 0, -27, -18, -1, -14, -27, -14), 2, 58.16714172248264)
((21, -5, 25, -18, -3, 13, 1, 19), 3, 58.18998431432027)
((12, 6, 21, 32, 5, 3, 17, 5), 3, 58.209182309107675)
((17, 14, 17, 5, 11, 2, 11, -8), 3, 58.24151043231695)
((-4, -4, 17, 2, -5, 3, -28, -80), 3, 58.26618900702406)
((-1, -5, -20, 26, -7, -10, 12, 23), 3, 58.29078661602699)
((-5, -12, -63, 32, -11, 0, 2, -18), 3, 58.31484369342735)
((-4, -2, -57, -22, 0, -1, -7, -23), 3, 58.337437686342284)
((-6, -1, 8, -26, 2, -11, -15, -3), 3, 58.3657933584175)
((-1, 0, -52, 12, 6, 3, 8, 2), 3, 58.391711506652015)
((3, 0, -7, -14, -4, -3, -7, -13), 3, 58.41831159138091)
((-3, 7, 31, -5, -2, 7, 5, -8), 3, 58.44028978879925)
((-3, -4, 21, 53, 6, 0, 7, 20), 3, 58.47049911935542)
((-6, -6, -10, 2, -2, 2, -17, -28), 3, 58.49971747530689)
((5, -1, -48, -16, 4, 2, -8, -11), 3, 58.52339766305609)
((5, 6, -5, -5, 20, 7, 5, 11), 3, 58.549786780809306)
((-10, -6, -75, -8, -4, -2, -3, -2), 3, 58.57304560478815)
((1, -3, -12, -32, -7, 1, -7, -5), 3, 58.59648688669192)
((12, 8, -21, -1, 4, 9, 11, -5), 3, 58.62226077912955)
((4, 7, 17, -6, 8, 5, 9, -5), 3, 58.65283388517353)
((-1, 8, 6, 11, 6, 5, -2, 7), 3, 58.67568388936436)
((3, -1, -4, -12, 1, 0, -13, -37), 3, 58.698240250332276)
((-6, 4, -1, 1, 5, 3, 18, 24), 3, 58.724554104191455)
((-2, 1, 27, -1, 4, 2, -2, -5), 3, 58.75511295571005)
((-3, -5, -9, 21, -1, 0, -20, 2), 3, 58.78453201537892)
((5, 6, -7, -18, 4, 2, 0, 8), 3, 58.80657008180387)
((0, -2, 7, -1, -4, -4, -12, 12), 3, 58.83417767638692)
((4, 3, -3, -9, 5, 5, 9, 15), 3, 58.85538384871045)
((2, 5, -15, 4, -1, 2, 14, 20), 3, 58.88470426706367)
((-5, -4, 5, -11, -12, 0, 2, 7), 3, 58.90605013373596)
((7, -4, 6, -7, -9, -5, -15, -25), 3, 58.92919891277884)
((-3, -6, 3, -10, -15, -6, -7, -14), 3, 58.956643435591495)
((13, 11, 12, -20, -1, 11, 57, 34), 3, 58.975613357972755)
((-41, -19, 23, -38, -19, -16, 21, 33), 3, 58.99568087880859)
((2, -2, -5, -2, -4, 1, 1, -14), 3, 59.01944716389112)
((-8, 7, 2, -3, 0, 2, -5, -7), 3, 59.04212155232922)
((-2, 0, -2, 5, 3, 0, 7, -19), 3, 59.06606402334549)
((7, -2, -12, 75, 12, 0, 7, 4), 3, 59.08845617218098)
((-1, 4, -12, -6, 5, 6, -10, -31), 3, 59.11057862539621)
((1, 6, 10, 1, -1, 10, 14, 29), 3, 59.13331516356498)
((-7, 0, -34, 9, -1, -2, 9, -1), 3, 59.16206483072181)
((3, -3, 8, 0, 0, -1, -5, -10), 3, 59.18311135236103)
((-2, -4, 32, -22, 3, 2, -5, 19), 3, 59.206494475801236)
((6, 3, -26, -6, -2, 3, 18, 16), 3, 59.234443038631476)
((-3, -4, 4, -3, -6, -4, -1, -8), 3, 59.26520829567763)
((5, -9, 1, 14, -15, -7, -6, -49), 3, 59.29096109141769)
((6, -3, 24, -1, -10, -8, 3, -5), 3, 59.31845122871158)
((-4, 1, -7, -26, -6, -2, -9, -6), 3, 59.34552627422628)
((-7, -1, 14, -1, -1, -3, -8, -1), 3, 59.3694185693132)
((-5, -1, -6, -10, -4, -4, 2, 17), 3, 59.39055803045793)
((-4, -3, -8, 0, 5, 0, 3, 7), 3, 59.41059818260503)
((1, 5, 20, 12, 5, 2, 0, -2), 3, 59.43950407936008)
((-3, -3, 4, 3, -7, -4, -1, 7), 3, 59.46079805955997)
((-9, -8, -12, 2, -1, 0, -3, 0), 3, 59.48608273668641)
((3, 4, 13, 10, -2, 1, 0, 0), 3, 59.510007532091215)
((-7, -10, -68, -54, -2, -6, 0, 3), 3, 59.53009957071071)
((5, 5, 0, 4, -3, 2, 1, -1), 3, 59.55585977880398)
((0, -8, -41, -10, -8, -1, -3, -6), 3, 59.5821417025263)
((-7, -3, 11, 19, -1, -2, 0, -2), 3, 59.60321502267325)
((2, 7, 18, -4, -8, -1, 0, -1), 3, 59.62456830169874)
((-14, 0, -10, -11, -3, 1, -1, -1), 3, 59.6500166207766)
((3, -3, -5, 5, 0, 0, -1, -3), 3, 59.6731921983272)
((4, 0, 0, 11, 2, 1, 0, -3), 3, 59.69924091801424)
((-1, 4, 7, -1, 0, -2, -2, -3), 3, 59.720603890117)
((3, -6, 12, 4, 1, 2, 0, -1), 3, 59.757244862526505)
((-1, 3, 2, -17, -6, -4, -2, 1), 3, 59.79046931029194)
((-1, 5, -3, 16, 7, -1, 0, -1), 3, 59.81558179275174)
((1, -4, -6, 9, -5, 2, 1, 2), 3, 59.84227709771021)
((-1, 3, 6, 19, 2, 0, -4, -1), 3, 59.8663427278258)
((-5, -11, -50, -29, -7, -2, -2, -3), 3, 59.88749359259084)
((2, -3, 2, 10, 0, -1, 1, 1), 3, 59.91255304821622)
((1, 2, 3, -2, 3, 1, -1, -3), 3, 59.946347676997014)
((0, 2, -32, -22, -2, -3, -1, -1), 3, 59.963084770522094)
