((-8, -1, 7, 1, -3, -15, -31, 0), 2, 5.701806902607436e-07)
((21, -9, -28, -6, 1, 5, 5, 3), 2, 0.019725400979570425)
((-3, 5, 12, 5, 1, 0, 0, -3), 2, 0.04019602812131164)
((-1, 17, 4, 1, 1, -13, -8, 1), 2, 0.05887628789563413)
((-4, 5, 11, 4, 1, -6, -6, -1), 2, 0.07947577587337427)
((-7, -37, -9, 0, -3, -9, 4, -4), 2, 0.09871367236277176)
((5, 18, 19, -2, -4, 1, -3, -3), 2, 0.12008005336891261)
((3, -13, 14, -2, -1, 3, -1, -1), 2, 0.13979177001191678)
((12, -7, 1, 1, 3, 9, 5, -4), 2, 0.16082516549494535)
((2, -11, -27, -2, -1, -2, -7, 1), 2, 0.18042569690334867)
((-1, -18, 39, -4, -6, -12, -19, -8), 2, 0.2035584976879173)
((-11, 17, 29, 12, 0, -2, -2, 0), 2, 0.22484676393949243)
((9, -3, -6, -1, 2, 2, -5, -10), 2, 0.24469019232194683)
((-3, 2, 4, 3, 1, 4, 4, 5), 2, 0.2637667276760005)
((1, -39, 4, -16, -7, -9, -6, -9), 2, 0.28632877758961817)
((-7, -1, -55, -13, -5, -6, -3, 5), 2, 0.3073045848229304)
((-6, 0, -12, 8, 3, 0, 6, 5), 2, 0.3275226219188861)
((8, 25, 37, 10, 5, 4, -10, -3), 2, 0.3464668753527993)
((-14, 36, 1, -1, 1, -4, -4, -5), 2, 0.36418124903782007)
((-9, -24, -14, -1, -2, -4, 4, -1), 2, 0.38288773712389457)
((9, -7, 10, 5, 8, 6, 5, 5), 2, 0.4047507455112525)
((23, 21, 24, 1, 1, 4, -1, 1), 2, 0.4238871498377836)
((-2, -43, -6, -3, 2, 17, 27, 7), 2, 0.44321456469555204)
((13, 52, 10, 15, 9, 13, 12, 2), 2, 0.463236459634058)
((-4, 4, 15, -2, -2, 0, -2, 0), 2, 0.48199597452432674)
((-14, -32, -4, 0, -3, -10, -12, -6), 2, 0.5018029113426045)
((-3, 5, 23, -8, -5, 2, -4, -1), 2, 0.5214547590131312)
((3, 20, -7, -11, -3, -25, -20, -8), 2, 0.5414515660012658)
((-29, 49, 21, 9, 8, 13, 25, 1), 2, 0.5612368359533136)
((21, 22, -16, -9, -7, -10, 1, -4), 2, 0.5817234281543822)
((8, -6, 9, 3, -1, 3, -5, 3), 2, 0.603319591978698)
((0, -12, 25, 4, 1, -10, -20, 1), 2, 0.6241363187994275)
((-11, -53, -46, -5, -3, -5, -19, -7), 2, 0.644716990814389)
((11, -5, -27, -4, 0, 7, 3, 0), 2, 0.6657692022601962)
((3, -23, 5, 8, 4, 11, 9, 6), 2, 0.6949772782994931)
((-23, 45, 18, 1, 1, 4, -8, -4), 2, 0.71939640672129)
((-12, 9, -21, -2, -2, -4, -25, -5), 2, 0.7403380031131865)
((7, -5, 12, 3, 3, 10, 14, 4), 2, 0.7611621422828895)
((-5, -54, -50, -11, -3, 6, 11, -4), 2, 0.780242668901775)
((1, 9, 36, 2, -2, -9, 2, -1), 2, 0.8007680333897812)
((-37, -45, -36, -14, -4, -1, 1, -6), 2, 0.8219633601888439)
((-11, -2, -20, 2, 2, 1, -13, -2), 2, 0.8419014385658815)
((28, 7, 6, 5, 0, -8, -27, 1), 2, 0.861511092865329)
((5, -7, 22, 3, 0, 6, 14, 4), 2, 0.8813898724505795)
((13, 7, 10, 2, -1, -7, -2, 3), 2, 0.9025390146137311)
((23, 24, 4, 7, 6, 4, 14, 5), 2, 0.9216258132202095)
((-27, -10, 33, -2, -5, -11, -29, -4), 2, 0.9422235906558788)
((0, 10, 6, 5, 7, 19, 27, 0), 2, 0.9616507871344429)
((-4, -5, 32, 0, -2, -12, -24, -6), 2, 0.9822422925825194)
((21, 1, -25, -1, -1, 5, 13, 3), 2, 1.0035254272078822)
((-4, -1, 15, 1, -2, -5, 7, 1), 2, 1.02339793480554)
((4, -31, 3, 2, 2, -2, -3, 2), 2, 1.0441468101241282)
((3, 22, 0, 0, -2, 2, 16, 9), 2, 1.0640010719396977)
((1, 7, 15, 11, 5, 8, 5, 3), 2, 1.086722202265898)
((2, 4, -30, -5, -1, -3, -5, -4), 2, 1.1077806856992982)
((-20, -15, -73, -5, -8, -4, -4, -4), 2, 1.1260173448965978)
((10, 46, 69, 2, -3, -2, -10, -19), 2, 1.1466732807626736)
((-10, 13, 17, -2, 3, 4, 10, 6), 2, 1.1642565128889346)
((-6, 20, 7, 0, 1, 5, 18, 40), 2, 1.1848286321935422)
((-23, -11, -88, -6, -4, -6, -5, -25), 2, 1.2055113665520603)
((-2, -18, -12, 15, -1, -1, -6, -21), 2, 1.224379785954169)
((15, 28, 14, -9, 9, 3, -1, 33), 3, 1.2435435589538324)
((-20, -48, -43, -3, -1, -3, 0, 21), 3, 1.32420759138571)
((-5, -67, -36, -14, -6, -5, 3, 32), 3, 1.3427185074950252)
((-15, 29, 5, -6, -5, -4, -4, 13), 3, 1.3633430834231368)
((-18, -17, 4, -2, -6, -8, -14, -34), 3, 1.38462735840988)
((-3, 34, -7, 3, 5, 2, -2, 9), 3, 1.4032545913800083)
((5, 12, -3, 3, 5, 10, 15, 5), 3, 1.4232548194522845)
((1, -9, 56, -6, -9, -5, 10, 14), 3, 1.4430782915105798)
((-15, -9, 33, 0, -1, 4, 9, 6), 3, 5.064110546632228)
((-6, -2, -16, -1, -1, -3, 3, 10), 3, 5.086436541740078)
((-1, -8, 47, 2, -5, 1, -7, -19), 3, 5.114616011814144)
((0, 7, 51, 4, -5, -3, -3, -11), 3, 5.136507529236015)
((5, -3, -20, 1, 2, 3, 2, 0), 3, 5.166745351601922)
((-18, 7, 14, -5, -4, 0, 1, -7), 3, 5.1887503349811555)
((-2, -14, -2, -2, 0, -6, -6, -3), 3, 5.218773769407525)
((8, 5, 27, 6, 2, -1, 0, 1), 3, 13.74076107718536)
((-3, 18, 26, 1, 0, -1, 1, -3), 3, 13.763985677061061)
((-4, -16, -21, -8, -7, -4, -7, 1), 3, 13.784193450904592)
((3, -4, -6, 3, 2, 2, 2, 1), 3, 13.802826955862313)
((4, -7, -14, -4, -2, -3, -1, 0), 3, 13.821380065342707)
((2, -2, -2, -3, -3, -2, -2, -1), 3, 13.841074676565004)
((0, -25, -9, -1, 0, -1, -2, -5), 3, 13.861958114526493)
((0, -10, 14, 0, -2, -1, -2, -3), 3, 13.885889738458117)
((-4, -6, -34, -9, -5, -3, 2, -3), 3, 13.907941476653951)
((-1, -8, 10, 1, 2, 2, 0, 0), 3, 13.92626252259341)
((-3, 5, 26, 1, -5, -7, -4, -5), 3, 13.946937844602955)
((1, -15, 74, 5, 3, 4, -1, -1), 3, 13.965959072430053)
((-7, -28, -2, -8, -5, -2, 1, -4), 3, 13.983196204877325)
((4, 26, 5, 3, 4, 1, 4, 8), 3, 14.323561006482954)
((-5, -5, -10, -6, -7, -5, -4, -4), 3, 14.341651699423547)
((2, -6, -18, -7, -1, 2, -3, -2), 3, 14.361879999771928)
((-1, -11, 39, -2, -1, -5, -6, -3), 3, 14.381135001682033)
((-6, -1, -19, -1, 0, -2, 5, 10), 3, 14.39986999880262)
((2, -5, 12, -1, -5, -3, -3, -1), 3, 14.41911359709892)
((-1, -21, 33, -2, -1, -1, -3, -4), 3, 14.439146895651232)
((4, -6, 15, 3, 1, 0, 0, -1), 3, 14.45958616285501)
((-7, -35, -9, 0, -1, -2, -2, -4), 3, 14.479612049058346)
((3, 9, 9, 7, 1, 4, 0, -12), 3, 14.49925420365714)
((0, 22, 16, 1, 1, -2, 4, 2), 3, 14.519079386257506)
((-2, -6, 1, -1, -3, -4, -2, 3), 3, 14.538200395705399)
((2, 3, 14, 3, 0, 0, -2, 0), 3, 14.557846541569024)
((0, -9, -26, -6, -1, -2, -1, 4), 3, 14.58141267967819)
((1, -4, 13, -1, -2, 1, 5, 2), 3, 14.601740191466677)
((-5, -22, -47, -1, 0, -1, -1, -7), 3, 14.62142910088207)
((3, 4, -2, -4, -1, 0, -2, 1), 3, 14.641257704566577)
((2, 21, 43, -4, -5, -5, 3, -2), 3, 14.663359618663154)
((-6, 2, -6, -2, 2, 3, 0, 4), 3, 14.693448623868903)
((-1, 15, -14, 1, 1, -3, -2, -2), 3, 14.71930916907568)
((9, 16, 13, 5, 7, 6, 8, 12), 3, 14.740163527821966)
((-1, -11, -2, -5, -4, -2, -1, -3), 3, 14.75884378759629)
((-2, -10, -34, 0, -1, -2, -2, -1), 3, 14.77846028406402)
((0, -16, -19, -2, -5, -3, -3, -4), 3, 14.798481608821836)
((0, -15, 34, 3, -2, -2, -3, -1), 3, 14.818252624256626)
((0, 14, 52, -3, 0, 1, 1, 1), 3, 14.838368599009026)
((0, 14, -14, -3, 2, 0, -2, -7), 3, 14.858415011717213)
((-6, -19, -20, -4, -3, 1, 0, 0), 3, 14.878724847904301)
((0, 9, 72, 3, -4, -2, 1, 4), 3, 14.904007800071843)
((-5, 0, 10, -3, -2, 1, -1, -3), 3, 14.931440903622358)
((2, 15, -3, -4, -3, 1, 0, -2), 3, 14.958793041514856)
((2, -13, 24, -6, -1, -1, 2, 2), 1, 15.7866167188382)
((2, 12, -40, -5, -2, 0, 0, 2), 1, 15.804629867204918)
((0, 4, 38, 0, -2, 3, 0, -1), 1, 15.824131187173215)
((3, 11, -5, -4, 0, -3, -1, 1), 1, 15.84633915487818)
((-4, -9, 15, 0, -2, -2, -8, -10), 1, 15.864353443606278)
((0, -21, 4, 0, -1, 1, -3, 5), 3, 15.944820763700017)
((3, -5, 18, 3, 3, 3, 4, 1), 3, 15.966530963662384)
((-12, 2, 34, -6, -2, -1, -2, -8), 3, 15.984470558720059)
((6, -10, 45, 14, 5, -4, 1, 2), 3, 16.003621217563847)
((-7, -24, 2, -10, -4, 1, -3, -3), 3, 16.023545611604316)
((-1, 33, 35, -2, -4, -4, -1, -2), 3, 16.04329838125702)
((0, -6, -12, 3, 1, 1, 0, -1), 3, 16.06288921959369)
((4, -5, -4, -3, -3, -2, 0, 1), 3, 16.082164748008644)
((-3, -6, -21, 0, 0, 0, 9, -1), 3, 16.102223704692015)
((5, 16, -4, -3, -1, 0, -1, 2), 3, 16.22248051407491)
((-5, -31, -55, -10, -5, -2, -2, -2), 3, 16.244992388087784)
((0, 7, 38, 8, 0, 1, 8, 6), 3, 16.265498366432322)
((-1, -1, -4, -3, -1, -1, -3, -3), 3, 16.284354812039936)
((-3, 13, 26, 0, -3, -1, -2, -3), 3, 16.30332928505043)
((3, 6, 52, 0, -2, 9, 2, 5), 3, 18.182304442277758)
((-7, -23, -47, -11, -3, -7, -7, 7), 3, 18.202179230598176)
((1, 39, 21, 7, -1, 0, 3, -10), 3, 18.224965361523065)
((-4, -11, 19, 5, 1, 4, 8, 6), 3, 18.245514673600063)
((-3, 2, -6, 4, -1, -2, -8, -14), 3, 18.26520928482236)
((3, -11, 4, 4, 9, 18, 7, 9), 3, 18.285031616519277)
((9, 11, 50, 4, 4, -1, -2, 18), 3, 18.307321120062948)
((-6, 18, -13, -3, -6, -20, -15, -30), 3, 18.328218242361004)
((-4, -30, -1, 7, 9, 16, 1, -6), 3, 18.348661500829614)
((6, 9, -16, -13, -13, -29, 16, 17), 3, 18.36686794045033)
((0, 14, -47, -7, -8, -4, 0, 2), 3, 18.38733970795345)
((10, 19, 3, -5, -9, -11, 6, 9), 3, 18.408734597994105)
((13, -17, 21, 2, 1, -2, -7, -5), 3, 18.42728884783588)
((-1, -3, 18, 4, 0, 18, 14, 0), 3, 18.446812404851098)
((-8, -20, -24, 3, 7, 2, -3, -1), 3, 22.306479533364122)
((7, 20, 1, 9, 5, 4, 10, 2), 3, 22.326843536716787)
((-3, 10, 23, -3, -7, -3, 8, -1), 3, 22.35132310429175)
((-13, -40, -7, -13, -7, -6, -5, -10), 3, 22.37439033429694)
((3, -2, 17, -5, -6, -3, -5, 0), 3, 22.395800619216228)
((1, 11, 9, 1, -2, 2, -4, 4), 3, 22.418188764019316)
((9, 17, -29, 1, 3, -3, -4, 1), 3, 22.439306546244506)
((26, 19, 13, -3, -5, -1, 4, 2), 3, 22.462266012099235)
((-19, -49, -3, -4, 6, 3, 0, -3), 3, 22.48498087043784)
((0, 2, 17, 1, -3, 3, 16, 4), 3, 22.5061471180217)
((-11, -38, -9, -3, 2, 6, 3, -3), 3, 22.526322391565888)
((-22, -47, -19, -6, -4, -2, -2, -4), 3, 22.55119538381713)
((2, 8, -8, 6, 3, -1, 4, -1), 3, 22.573726643973476)
((21, 62, 25, 5, -2, -7, -4, 3), 3, 22.594812496080007)
((10, 16, 1, 5, 0, -2, -5, 3), 3, 22.617504547191004)
((-4, -28, -23, -7, 2, 16, 13, -1), 3, 22.64065787448042)
((8, 22, 6, 9, 7, 8, 6, 4), 3, 22.6639833963383)
((-3, -2, 12, 2, -1, -1, -4, -4), 3, 22.695228157803207)
((10, 11, 6, 0, -3, 0, 5, -2), 3, 22.71919912420246)
((0, -7, -45, -7, -2, -6, -10, -6), 3, 22.742853070137926)
((6, -16, 37, -3, -5, -6, -1, 3), 3, 22.765533147454427)
((19, -41, -18, 2, 3, 2, 1, 4), 3, 22.78395454519537)
((-8, -19, 39, -8, -11, -8, -3, -4), 3, 22.80664887702913)
((-4, 13, -16, 0, -3, 0, -2, -1), 3, 22.830031416956032)
((-2, 3, 25, 4, 1, 4, 3, 1), 3, 22.853448167724352)
((-6, -15, -9, -3, -1, 1, 2, -1), 3, 22.875291219787552)
((5, 8, -29, 6, 2, -6, -6, 3), 3, 22.8997599539294)
((-3, -1, 16, -10, -5, 0, -2, 0), 3, 22.92510220488873)
((-1, 4, -11, -3, 1, 3, 3, 1), 3, 22.946237662715316)
((5, 13, -7, 10, 1, 0, 3, 2), 3, 22.970996048647816)
((4, 0, 4, -1, -2, 4, 1, 3), 3, 22.99355239675453)
((0, 1, -6, 0, 0, -6, -4, -1), 3, 23.016351641835296)
((-6, -13, 16, 1, -2, 0, -4, -4), 3, 23.038012236077613)
((4, 4, -5, 0, 8, 4, 7, 3), 3, 23.060992228437193)
((2, -26, -36, 3, 4, 0, -5, -2), 3, 23.084121608137618)
((-3, 35, -4, 6, 1, 0, 3, 0), 3, 23.107573710108735)
((-7, -4, 11, 0, -2, 5, 6, -2), 3, 23.12860368450762)
((0, 11, -13, 4, -1, 1, 0, 0), 3, 23.152317499415563)
((0, 12, 0, -3, 0, -1, 5, -2), 3, 23.174815118911184)
((-2, 9, 16, 2, -1, -2, 2, -2), 3, 23.199072316016945)
((4, 10, -8, 3, 3, -1, 4, 4), 3, 23.2194192139489)
((-7, -19, -36, -1, 3, 3, 6, -1), 3, 23.241637444906292)
((-3, 1, -2, -1, -5, -4, -3, -5), 3, 23.264167564701253)
((-1, 1, 15, -7, -6, -3, -1, -2), 3, 23.287304356750653)
((-4, 1, 1, -2, 0, 2, 4, 1), 3, 23.3081609962197)
((0, 12, 51, 1, -1, -3, -1, -2), 3, 23.3281247327278)
((0, 3, -29, 4, 4, 0, -3, 2), 3, 23.352214866891316)
((1, 8, 24, 3, 1, -2, -7, -2), 3, 23.375527274593317)
((1, 8, 24, 3, 1, -2, -7, -2), 3, 23.394391132549906)
((2, 9, 44, -3, -4, -1, -1, -2), 3, 23.42095128946363)
((-12, -3, -10, 2, 2, 0, -4, 0), 3, 23.442282319266976)
((1, 6, -21, 1, 2, 5, 7, 1), 3, 23.464998317966963)
((1, 4, 29, 0, -5, -2, 5, -1), 3, 23.485378286378953)
((-3, -7, -7, -3, -3, -2, -2, -2), 3, 23.506846159547962)
((7, -2, -29, 4, 2, -8, -13, -2), 3, 23.53169064276469)
((-2, -1, -3, -1, -2, -1, 2, -1), 3, 23.554302868579054)
((-2, 7, -18, 0, -5, -1, 4, 1), 3, 23.57457108157575)
((6, 11, -14, 9, 6, 9, 6, 2), 3, 23.602413004681182)
((4, 5, 0, 0, -2, -3, 0, 0), 3, 23.62537018981315)
((2, 9, 7, 7, 0, 1, -1, 1), 3, 23.647552499387057)
((-2, -8, -24, -12, -8, -6, 5, 1), 3, 23.669913845697703)
((-4, -18, -11, 1, 3, 3, 3, 0), 3, 23.702747700746368)
((3, 9, 2, 17, 8, 3, 1, 1), 3, 23.726950730686553)
((0, 4, -5, -6, -4, -12, -18, -4), 3, 23.745888712132874)
((3, 8, -11, 4, 1, 0, 7, 0), 3, 23.769662396013295)
((0, 4, -9, 4, 3, 0, 0, 0), 3, 23.792822565471)
((-2, 15, 37, 0, 0, -3, -6, -1), 3, 23.815711899100826)
((0, 10, 32, 7, -1, -2, -5, -2), 3, 23.837820655365686)
((0, -3, -7, 0, -2, -6, -7, -2), 3, 23.86135828444034)
((-1, -5, -34, -6, -5, -1, 1, -2), 3, 23.88103978150676)
((1, -2, -2, -4, -2, 2, 6, 1), 3, 23.89971547983556)
((0, 5, 45, 3, -3, -4, -4, 0), 3, 23.923644823044423)
((0, -9, 4, 0, -1, 4, 11, 0), 3, 23.947552499387054)
((-8, -17, -12, -3, -1, -5, -8, -6), 3, 23.96826488314147)
((3, 7, 5, 4, -1, -3, 4, 3), 3, 23.99122891044172)
((2, 15, 36, -1, -3, 1, 2, 1), 3, 24.015836768671992)
((4, 14, 23, 4, 2, 1, -4, 1), 3, 24.037513898154327)
((3, 6, -6, 5, 5, 1, 3, 0), 3, 24.05978686645798)
((2, 7, 29, 1, -2, 1, 3, 0), 3, 24.082651112137437)
((2, 9, 10, 2, 1, 3, 0, 2), 3, 24.103359504627015)
((0, -8, -5, 5, 5, 3, 0, -3), 3, 24.126860642137494)
((3, 2, 10, 1, -2, -4, -5, 2), 3, 24.148805186363557)
((2, 6, 40, 10, 7, 5, 2, 5), 3, 24.170711528483377)
((-1, 1, -4, -1, -1, 0, 4, 0), 3, 24.189685431313183)
((1, -5, -33, -4, -3, -1, -1, 2), 3, 24.216402958097422)
((-2, 7, 23, 1, -1, 2, -2, -3), 3, 24.23901917517661)
((2, 5, -21, 3, 2, 2, 5, 1), 3, 24.25963405803299)
((-1, 1, 6, -3, -1, -3, -2, -1), 3, 24.282861508812143)
((0, -2, 5, -1, -1, 0, 5, 0), 3, 24.303865825079967)
((-9, -13, -18, -10, -8, -6, -11, -5), 3, 24.325833176533642)
((-4, 14, 3, 2, 0, 1, 1, 1), 3, 24.34762947378024)
((0, -2, -1, 2, -2, -1, -3, 0), 3, 24.36875010690888)
((3, 8, 56, 2, 6, 10, -3, -1), 3, 24.391614352588334)
((0, 0, -19, -2, -1, -7, 4, -1), 3, 24.41863407513841)
((0, -1, -1, 1, -2, -11, -3, 3), 3, 24.44100226361734)
((6, 0, -11, 0, 1, 4, 5, 5), 3, 24.463120712953934)
((0, -16, 23, -1, -1, -2, 0, -2), 3, 24.486134916154928)
((1, 5, -8, 2, 1, 8, 18, 3), 3, 24.50942679735208)
((-3, -10, 0, -2, -1, -3, -2, 0), 3, 24.531090242497847)
((-7, -13, -7, -8, -5, -2, -1, -3), 3, 24.55191552202893)
((-6, -11, -13, 4, 4, -1, 0, -5), 3, 24.575843724876414)
((3, 5, -3, -8, -4, -2, -1, -1), 3, 24.599873419886762)
((4, 7, 4, 6, -1, 0, -4, -2), 3, 24.62114686144039)
((1, 7, 25, 8, 4, -1, -1, 1), 3, 24.64268657737637)
((-2, -13, -21, -1, 2, -1, -10, -2), 3, 24.66451138365748)
((-6, -5, -5, -14, -9, -5, -3, -2), 3, 24.698243843473996)
((-3, -6, -11, -2, -4, -5, -5, -6), 3, 24.723433286008337)
((2, -9, 9, -3, 3, 4, 3, 9), 3, 24.750108049240804)
((-2, -1, -26, -2, 2, 0, -8, -6), 3, 24.778146114503688)
((2, -8, -39, 4, 9, 13, 8, 3), 3, 24.80159707611342)
((0, 13, 6, -12, -12, -3, 1, 1), 3, 24.824418558241106)
((-3, 3, -3, -2, -3, -4, -6, -6), 3, 24.848512113488766)
((-2, -8, -56, -5, 1, -1, -2, -2), 3, 24.86769641299328)
((-3, 0, 6, 0, 0, -4, -3, 0), 3, 24.89039986771808)
((-4, 1, 33, -6, -7, -5, -10, -4), 3, 24.915753522291215)
((-3, -13, -6, -11, -7, -4, 11, -1), 3, 24.939063649270455)
((-2, 5, 22, -6, -8, -8, -9, -2), 3, 24.961509382323257)
((2, -2, -6, 1, 1, 0, -1, 2), 3, 24.97968332164463)
((-4, -5, 1, -1, -2, -3, -2, -2), 3, 25.00107479060114)
((-2, -6, 17, -4, -2, -1, -5, -1), 3, 25.023077493257613)
((1, 4, -3, 1, 0, -9, -15, -1), 3, 25.046627096126763)
((-1, -5, 0, -1, -1, 2, 1, 0), 3, 25.07100346099679)
((-1, -4, -28, -6, -3, -3, -2, 1), 3, 25.09192396070315)
((-2, 14, 47, -6, -11, -8, 3, -9), 3, 25.115605845492436)
((-1, -2, 17, 2, 0, -2, -3, -1), 3, 25.14062822508453)
((0, 7, 40, 2, 0, 3, -9, 1), 3, 25.161838946762227)
((-4, -12, -28, -4, -4, -1, 5, 1), 3, 25.18412331867969)
((1, 4, 22, 0, 1, 1, 11, 4), 3, 25.20631874240947)
((-1, -5, -3, -1, -1, -5, -8, 0), 3, 25.228152671581626)
((-2, -3, -10, -1, 3, -6, -16, -1), 3, 25.252646493673844)
((0, 0, -18, -7, -5, -3, -9, 0), 3, 25.274161691840145)
((-4, -14, -51, -7, -1, 3, -1, -2), 3, 25.295485309294516)
((-1, -6, -4, -1, -3, 0, -4, 0), 3, 25.31939925762474)
((-1, 4, 17, 3, 0, 2, 3, -5), 3, 25.341579286475884)
((-1, 4, 17, 3, 0, 2, 3, -5), 3, 25.362622375030647)
((2, 2, -6, 0, -1, -2, -8, 2), 3, 25.38587605412155)
((0, 7, 12, 3, -3, -2, -1, 0), 3, 25.406569051732493)
((-8, -17, -16, -5, -2, -3, 10, -3), 3, 25.4310811196068)
((3, 13, 31, 2, 0, -1, 4, 1), 3, 25.453628915003165)
((2, 4, -34, 1, 3, 1, 0, 0), 3, 25.47502836648934)
((-10, -22, -1, -6, -2, 0, 2, -4), 3, 25.49864011905373)
((-3, -10, -39, -2, -3, -6, -4, -2), 3, 25.519778427783766)
((-4, 6, 5, -1, -1, -4, -2, -1), 3, 25.540180063061985)
((0, 3, 11, 1, 0, -8, -9, 0), 3, 25.561673024181363)
((-2, -10, -8, 0, -2, 3, 4, -1), 3, 25.582630585632586)
((-1, -7, -24, -7, -2, 3, 1, -1), 3, 25.603425075406395)
((0, 3, 0, 5, 5, 1, -3, -1), 3, 25.62573681599699)
((-1, 1, 9, -2, -2, -1, -4, -4), 3, 25.648571412280553)
((-1, -6, 4, -1, -3, 0, 3, 1), 3, 25.671042803464417)
((0, 4, -9, 0, -2, 2, 3, 2), 3, 25.706025669534675)
((3, 5, 2, 6, 3, 2, 3, 1), 3, 25.728565482401372)
((0, 9, 59, 3, 0, 1, 0, -1), 3, 25.749759098658366)
((-1, -5, -13, 0, 5, 2, -1, 1), 3, 25.7734968611553)
((-2, -8, -7, -9, -3, -1, -2, -3), 3, 25.79472810933785)
((-3, -6, 5, -4, -5, -7, -3, -3), 3, 25.817709242058807)
((2, 7, -10, 8, 3, 2, -4, -5), 3, 25.839106983002914)
((-1, -2, 1, -2, -2, 2, 3, 0), 3, 25.862511189796045)
((-3, -1, 5, -5, -6, -1, 0, 1), 3, 25.885667367988916)
((1, 0, -11, 1, 3, -2, 2, 0), 3, 25.91002035545064)
((0, 0, 41, 2, -2, -1, 0, 1), 3, 25.932675344816772)
((1, -3, -16, 1, 1, 3, 11, 1), 3, 25.953303341829027)
((-3, -4, -8, -4, -3, -4, -9, -2), 3, 25.973182691594968)
((0, 4, 3, -5, -3, 1, 0, 0), 3, 25.997109183900378)
((-3, -7, -10, -1, 1, -1, 8, 2), 3, 26.019402678708882)
((2, 6, 7, 4, 2, -2, 0, 2), 3, 26.03861890833205)
((-1, -8, -36, -11, -6, -4, 6, -1), 3, 26.06168784887931)
((-1, -11, 2, 0, 1, 9, -1, 1), 3, 26.080392626423315)
((1, 3, -8, 12, 1, -2, -9, -4), 3, 26.09998289457929)
((-3, 2, 26, -5, -3, -6, -18, -4), 3, 26.123566708289857)
((-3, -3, 3, -3, -3, 1, 10, -1), 3, 26.145370417885427)
((4, 11, 13, 0, -1, 3, 2, 1), 3, 26.167623429864925)
((1, -2, -16, -1, 0, -7, -5, -2), 3, 26.189435121990158)
((2, 7, 7, 0, 1, -2, 1, 4), 3, 26.21186831106778)
((2, 10, 32, 2, 2, 0, -1, -4), 3, 26.235217210333953)
((0, -2, -8, 2, -2, -2, -1, 0), 3, 26.25596380492978)
((-8, 4, -1, -3, -3, -13, -14, -3), 3, 26.28042797762611)
((-4, 2, 18, -1, -2, 2, 3, 0), 3, 26.302917044411373)
((-1, 1, 18, 10, -1, -28, -34, -16), 3, 26.323978948928914)
((12, 5, 3, -8, -4, -7, 5, -3), 3, 26.34825724272022)
((1, 7, 3, 4, 1, -4, -1, 5), 3, 26.370424157415485)
((-15, -8, -14, 0, 2, 11, -5, 15), 2, 26.48410336235553)
((5, 24, 53, 0, -9, -15, 13, 10), 2, 26.505434962339564)
((-6, 17, 89, -8, -8, 3, -13, 6), 2, 26.525995678030366)
((0, 30, 13, 1, -1, 10, 9, 5), 3, 28.389471043373646)
((48, -1, 7, 1, 2, -9, -20, 10), 1, 28.739998175421793)
((-11, -15, -22, 3, 0, -9, -2, -12), 1, 28.765665429374568)
((-44, -11, 2, -1, 0, -5, -20, -4), 1, 28.78534350535685)
((-32, -3, -1, -10, -4, -9, 10, -2), 1, 28.808882274792882)
((34, 47, 14, 4, -1, 2, 13, 9), 1, 28.83269245023748)
((1, 22, -5, 0, -3, -4, 6, 4), 1, 28.85668337296089)
((-17, -18, -2, -1, -2, 11, 10, -9), 1, 28.878420941596392)
((22, 16, 1, 4, -4, 0, 5, 0), 1, 28.90196256193588)
((-9, 32, 13, -10, 1, -3, -3, -1), 1, 28.926188399103676)
((19, -1, 2, 5, 3, 5, 4, -4), 1, 28.951132663941202)
((-47, -5, -9, 3, -1, -2, 4, -3), 1, 29.17529350051031)
((19, -10, -5, -4, -4, 0, 0, 14), 1, 29.19630693966918)
((-30, 2, 18, 9, 3, -1, 2, 0), 1, 29.218183062212415)
((-20, -11, 4, 1, -9, -1, 8, 1), 1, 29.2643813824601)
((-4, -34, -6, -3, 2, 3, -23, -7), 1, 29.285771711055233)
((-56, 45, 10, 3, -3, -5, 5, -6), 1, 29.310724528603114)
((12, -24, -15, -7, -3, -2, -5, -4), 1, 29.332381131580597)
((47, 12, 12, 5, -3, 9, 2, -2), 1, 29.35626429015355)
((10, -20, 1, 0, 4, 5, 11, 8), 1, 29.37708842932325)
((5, -22, -5, 11, -3, -12, -6, -15), 1, 29.394434466282366)
((32, -9, -12, -1, -7, -4, 5, 2), 1, 29.41596163824316)
((32, -16, -3, -3, -7, -13, -16, -9), 1, 29.437510477070184)
((-9, 8, 4, 20, 4, -1, 4, 5), 1, 29.460315994138544)
((-20, 31, -1, 8, -2, -22, -3, -7), 1, 29.482539356722146)
((22, -8, 3, 3, 2, 6, 15, -4), 1, 29.50515557380134)
((3, 5, -4, -3, 1, -7, 1, 14), 1, 29.52801639839665)
((2, -16, -19, -2, -4, 8, -28, -15), 1, 29.550692484448323)
((-7, -12, 0, -1, 4, 10, 5, 6), 1, 29.574728451446262)
((-25, -3, -4, -2, -3, -3, -61, -13), 1, 29.595658074043666)
((3, 8, 5, -7, -4, -2, 5, 13), 1, 29.616990244208388)
((-32, -12, -34, -10, 1, 12, 9, 4), 1, 29.638544214661625)
((32, 9, -6, -8, -4, -3, 10, 2), 1, 29.660147790834916)
((-26, 19, 15, -2, 0, -2, -5, 7), 1, 29.717700689348455)
((-5, 17, 1, 6, 4, -5, 1, 3), 1, 29.74218595873032)
((-13, -11, -2, -4, -1, -3, 16, 0), 1, 29.765115205008467)
((-6, 1, 5, 3, -5, -10, -7, -1), 1, 29.784423233722766)
((24, 12, 7, 4, 5, 6, 3, 10), 1, 29.807403796263035)
((-9, 16, -16, -5, -2, 7, -1, -2), 1, 29.82911285586402)
((14, -23, 8, -5, -2, 1, 12, -12), 1, 29.84651305998871)
((18, 24, 11, 4, -2, -3, -16, 2), 1, 29.871382060975122)
((19, -2, -6, 5, -1, -4, 14, -5), 1, 29.89473039006061)
((25, -17, 0, 4, 3, 11, 20, 9), 1, 29.9230079312134)
((24, -23, 5, -3, 3, 9, 12, 6), 1, 29.946612271428815)
((-24, 9, 15, -4, -4, 7, 3, -1), 1, 29.964958405318644)
((-36, 21, -10, 3, 0, -5, -9, 23), 1, 29.987543832640565)
((-24, 9, -2, 1, -2, 2, 1, 2), 1, 30.009281401276063)
((34, -26, 10, 6, 1, 5, 7, 0), 1, 30.03203503190161)
((-22, 2, -12, -13, -2, 5, -13, -2), 1, 30.05234771899215)
((-1, 10, 7, 6, 5, -5, -3, -10), 1, 30.075912716739936)
((-39, -8, -3, -7, -4, 6, -1, -7), 1, 30.097249448350183)
((3, 3, 1, 9, 1, 9, 28, 11), 1, 30.120496285272804)
((-4, -14, -14, -8, 0, -14, -8, 1), 1, 30.143064036993323)
((-12, -3, 4, 7, 1, 8, 2, 2), 1, 30.16702245941739)
((-18, -36, -17, 6, -1, -9, -9, -17), 1, 30.188614631976872)
((-12, -10, 4, 2, -2, -6, 7, 4), 1, 30.211070058101413)
((6, 1, 3, 0, -1, -5, -12, 0), 1, 30.233530045671472)
((24, 8, -1, -3, -2, 2, 8, 8), 1, 30.257067104565436)
((2, -9, 13, -2, -1, -2, 1, -5), 1, 30.86044770587799)
((4, 3, -44, 12, 4, 4, 9, 20), 1, 30.881070001083344)
((-19, 6, 94, -23, -16, -15, -24, -14), 3, 30.930424271451624)
((-9, -27, -68, -12, -4, -2, -4, 1), 3, 32.086957686890976)
((-4, 3, 51, -3, -3, -5, -5, -11), 3, 32.108117662487246)
((-1, 3, 31, -2, -1, -1, 3, -9), 3, 32.13332421044229)
((0, 5, 28, 5, 3, 2, 2, -10), 3, 32.156496353694486)
((3, 18, 2, 2, -2, 1, 3, -3), 3, 32.17872370754292)
((3, -1, 10, 2, 2, 5, 0, -20), 3, 32.20212278270984)
((1, 20, 63, -1, -7, -6, 4, 2), 3, 32.22344411944145)
((-4, 0, 6, 2, 0, 6, 11, -1), 3, 32.24515032813899)
((3, 2, 35, 8, 5, 6, 3, 4), 3, 32.26661877148869)
((-1, -4, -7, -1, -3, -6, -11, -7), 3, 32.28948187680676)
((0, -13, -53, -3, 5, 14, 11, 5), 3, 32.310593957225045)
((-2, -2, -15, -2, -1, -7, -12, -6), 3, 32.33184174064761)
((-1, 7, 21, -7, -6, -1, 3, -1), 3, 32.353764618007446)
((4, 15, 0, 4, 2, 6, 9, 7), 3, 32.37668531157524)
((-2, 1, -35, -1, -2, -8, -13, 11), 3, 32.39984662139432)
((-2, -2, 8, 1, 1, 1, -3, -5), 3, 32.42179002525901)
((-5, -1, 18, -10, -6, -3, -2, -24), 3, 32.44527519771015)
((-7, -11, 20, -8, -4, -2, -3, -3), 3, 32.46345940028395)
((-2, -8, 2, -2, 2, 3, 0, 0), 3, 32.48552710353911)
((4, 2, 27, 4, 3, 4, 9, -8), 3, 32.50894328412674)
((4, 5, -26, 5, 1, 2, 5, 8), 3, 32.52959066728246)
((-7, -8, -4, -8, -1, 0, -9, -14), 3, 32.55399212010286)
((5, 21, -12, -1, -2, -15, -13, 18), 3, 32.57714259648883)
((5, 21, -12, -1, -2, -15, -13, 18), 3, 32.595642108984336)
((6, 3, 8, 5, 4, 6, -1, 2), 3, 32.62182765718456)
((-4, -1, -12, -7, -3, 0, -5, 5), 3, 32.64364676165877)
((-3, -9, 33, -5, -3, -1, 0, 1), 3, 32.664607744194136)
((-8, -4, 41, -5, -6, -2, -1, -18), 3, 32.689235558748564)
((-2, 5, 9, -1, -3, 0, 3, -6), 3, 32.71279485468945)
((-1, -3, -12, -5, -2, 5, 14, -1), 3, 32.73448965977318)
((0, 2, -28, 3, 1, -5, 0, -9), 3, 32.75790127891529)
((13, 17, -8, 12, 7, 7, -3, 8), 3, 32.77878984850299)
((0, 4, 25, -2, -5, -8, -16, -3), 3, 32.80243125046327)
((1, -1, -19, -2, -1, 4, 15, 1), 3, 32.82464263925238)
((-6, -6, -21, -4, -4, -4, 0, 0), 3, 32.846312926566426)
((11, 19, -6, 13, 5, 2, 3, 7), 3, 32.87084780166835)
((0, 7, -5, 0, -3, -6, -4, -6), 3, 32.893022698893276)
((-1, 4, 5, -1, 0, 1, 8, -2), 3, 32.912801126677046)
((2, 9, 58, 3, 2, -3, -3, -3), 3, 32.937820655365684)
((-2, -13, 6, 1, 2, 2, -1, 1), 3, 32.95845891563037)
((3, 2, 0, 1, 3, 2, -2, 1), 3, 32.9780337889077)
((2, 5, -6, -3, -4, -5, 1, 1), 3, 33.00152010172024)
((2, 4, 6, 2, -1, 8, 10, 4), 3, 33.024945405198906)
((-4, 9, 38, 8, 0, 0, 3, 5), 3, 33.045823141353495)
((4, 4, -2, 2, 4, 4, 0, 2), 3, 33.06996288123706)
((-3, -5, -41, -7, -4, -4, -8, -3), 3, 33.09193422395557)
((-7, -5, 14, 2, 1, -1, 0, -13), 3, 33.11564005633385)
((-6, -17, -9, -9, -4, -10, -16, -7), 3, 33.13410307726519)
((2, 8, -3, -2, -4, -2, -1, -1), 3, 33.15781974307658)
((7, 12, 11, 7, 1, 7, 12, 9), 3, 33.17967077766944)
((-6, -16, -34, -2, 0, -1, -5, -4), 3, 33.20251506702474)
((1, -10, -25, 6, 4, -7, -6, 8), 3, 33.22507882748043)
((4, 12, -41, -7, 0, 5, 7, -6), 3, 33.24548559438486)
((3, -5, 27, 3, 2, 5, 5, 2), 3, 33.268581333424564)
((-1, -7, -11, -9, -7, -8, 1, 4), 3, 33.29045631560641)
((1, 5, 21, 0, -3, 6, 4, -4), 3, 33.31038755181517)
((-2, -6, 2, -4, -1, 2, 7, -7), 3, 33.33327289418017)
((7, 8, 10, 3, 2, 4, 3, 5), 3, 33.355775645301996)
((0, -9, -8, 2, 0, -4, -16, -1), 3, 33.37649202032124)
((1, 15, 9, 0, -3, 4, 9, 0), 3, 33.397828751931485)
((4, 7, -14, -2, 0, 1, 2, 7), 3, 33.42177234965761)
((-1, -7, -21, 2, 0, -3, 2, -1), 3, 33.443596015577334)
((-3, 3, -4, 1, 0, -3, -1, -9), 3, 33.46801514399913)
((6, 9, 15, 1, -1, -11, -6, 30), 3, 33.488790247629474)
((-3, -4, 40, -7, -5, 4, 2, -4), 3, 33.51124795447677)
((-4, 3, 3, -10, -7, -1, 3, -9), 3, 33.536744154222475)
((-1, 1, 6, 0, 0, 0, -5, -4), 3, 33.55969905863168)
((-6, -5, 11, -4, -3, -5, 3, -8), 3, 33.5813123278767)
((2, -1, 1, 0, 1, 9, 0, 1), 3, 33.60169628755352)
((-2, -11, -28, -7, -5, -6, -9, -8), 3, 33.621747261707235)
((-1, 4, 22, 5, 2, 3, -4, -10), 3, 33.643527023713816)
((6, 4, -26, 1, 3, -1, 2, 9), 3, 33.66785378286379)
((-4, -6, 0, -5, -4, -1, 5, -6), 3, 33.69911850065286)
((-4, -6, 0, -5, -4, -1, 5, -6), 3, 33.715860716260984)
((2, 11, 7, 4, 1, 3, 3, 2), 3, 33.74042638112018)
((-3, -11, -6, 1, 1, -5, -2, -1), 3, 33.761913070251964)
((-5, -8, -27, -7, -4, -5, -1, -8), 3, 33.78329940758226)
((4, 11, 24, 1, 0, 0, 4, -10), 3, 33.8000290792152)
((4, 10, 48, 6, 3, 2, 4, 5), 3, 33.82118449336595)
((3, 8, -9, 6, 3, 6, 5, -10), 3, 33.84188319278379)
((5, -1, 11, 1, -2, -14, -23, -1), 3, 33.86263548918652)
((-10, -25, 14, -6, -5, 0, -13, -3), 3, 33.88633504957721)
((0, -6, -28, -5, -2, 5, 0, -2), 3, 33.9102512786302)
((2, 12, 5, 9, 6, 6, 9, 5), 3, 33.93323640261599)
((-6, -14, -30, -12, -5, 2, 13, -3), 3, 33.95412212130024)
((-2, -8, -10, 2, -4, -6, -5, -2), 3, 33.977112947092934)
((-5, -4, 9, -6, -5, -7, 6, 4), 3, 34.00260287485104)
((2, 8, 21, 8, 5, 2, 0, -4), 3, 34.02442654077077)
((-2, 10, 41, 5, 0, -16, -13, 7), 3, 34.047660833718204)
((-3, 1, -12, -5, -8, -1, 2, -4), 3, 34.0774664591209)
((1, 1, 19, -3, -6, 0, 3, -5), 3, 34.12374460466522)
((-5, -2, -7, -6, -4, 0, 4, -2), 3, 34.15987239356152)
((4, 4, -4, 6, 8, 8, -5, 0), 3, 34.20123843245925)
((0, 2, 17, 0, 1, -1, -6, -3), 3, 34.25225249881687)
((3, 2, 15, -1, -2, -12, -15, 5), 3, 34.297805944703875)
((-3, -13, -37, -7, -1, 1, 4, -2), 3, 34.335056989559995)
((4, 7, -17, 4, 4, 1, 3, 3), 3, 34.369992530632956)
((1, 4, 10, 0, -4, -4, -1, -3), 3, 34.407668930284004)
((6, 13, 27, 10, 9, 5, 7, -6), 3, 34.45648609044206)
((-3, -2, 13, -5, -4, -10, -11, -2), 3, 34.49905064915072)
((-3, -8, -18, -5, -2, 2, -1, -12), 3, 34.541366609078416)
((2, -1, -2, 1, 3, -2, 2, 6), 3, 34.58653347245742)
((3, 9, 15, 4, 1, 0, 2, 1), 3, 34.626059538267675)
((0, 0, 5, 1, 3, 2, -6, -9), 3, 34.66983459058176)
((-1, -11, -21, -7, -5, -6, -1, 2), 3, 34.72082185844694)
((1, 2, -1, -2, -1, 0, -4, -7), 3, 34.7679524241232)
((1, 6, -4, 6, 2, -2, -4, -3), 3, 34.811166988818755)
((-3, -3, -31, -5, -3, 1, -4, -13), 3, 34.85492379535075)
((-2, -2, -2, -2, -3, -5, -5, -5), 3, 34.90352599738857)
((2, 15, -1, -3, -3, -9, -11, -8), 3, 34.946370514816145)
((-6, -8, 23, -7, -4, -3, -5, 1), 3, 34.98502477435099)
((0, 5, -3, -2, -5, -4, -6, 2), 3, 35.02998238141667)
((1, 10, 29, 3, 0, -3, 2, 0), 3, 35.07262391451851)
((-1, -2, 20, -1, 1, 1, -4, -5), 3, 35.10822884772184)
((-3, -3, 11, -4, -2, 2, 6, 1), 3, 35.1528540394451)
((-4, -8, 24, -3, -3, 0, 2, -11), 3, 35.190152409298506)
((1, 6, -6, -2, -5, -4, 1, -4), 3, 35.22870289594773)
((-4, -17, -49, -8, 0, 3, 5, 3), 3, 35.26898388099189)
((-7, -15, -37, -9, -3, 4, -12, -18), 3, 35.30217923059818)
((-2, -8, -19, -1, 0, -2, -6, -3), 3, 35.340728576886015)
((2, 6, -4, 0, -3, -3, -5, -2), 3, 35.379145641253714)
((-3, -6, -9, -5, -4, -6, -10, 1), 3, 35.41969233049954)
((-4, -7, -4, -3, -4, -5, -4, 0), 3, 35.46673622871088)
((-2, -6, 1, -7, -7, -8, -1, 5), 3, 35.505957818032535)
((-6, -17, 8, -5, -2, 4, 11, 1), 3, 35.55554757302589)
((-2, -5, -11, -1, -1, -4, 0, -1), 3, 35.597948489876444)
((0, 3, -2, -3, -5, -2, -7, -13), 3, 35.63620248256672)
((0, -7, -25, -4, 0, -4, -7, 3), 3, 35.694189858766244)
((-7, -21, -59, -16, -9, -5, -5, -1), 3, 35.73829903696481)
((3, 9, 17, 5, 3, 0, 0, 6), 3, 35.775517581521584)
((-4, -4, 25, 1, -4, -7, -8, -4), 3, 35.81511549009881)
((-3, -10, 23, -3, -1, -4, -2, -5), 3, 35.85843382767999)
((1, 1, -14, 0, 1, 1, 4, 1), 3, 35.90535342650086)
((0, -1, -2, -4, -2, -4, -10, -1), 3, 35.94758157860226)
((2, -2, -16, -1, 0, -4, -2, -2), 3, 35.98714185525393)
((2, 5, 2, 5, 1, -7, -7, -1), 3, 36.02243946106521)
((0, 2, -13, 1, 0, 3, 2, 7), 3, 36.06562551672625)
((-1, -8, -9, -2, -2, 5, 2, 1), 3, 36.11045711385938)
((1, 3, 28, 2, 0, -2, -1, 3), 3, 36.149610851678894)
((-2, -14, -38, -4, -2, -2, 14, -2), 3, 36.18340146992582)
((0, 0, -17, -1, -5, 1, -4, 0), 3, 36.222488496604576)
((-1, -4, -9, 0, 2, 1, -3, 0), 3, 36.26571731581738)
((-2, 1, 0, 3, 0, -1, -1, 0), 3, 36.315143999133326)
((2, 6, 6, 3, 1, -1, 0, 0), 3, 36.360120422161785)
((-3, -5, -6, -3, -1, -3, 2, 3), 3, 36.40418512626651)
((-1, 1, 13, -2, -2, 2, 6, -3), 3, 36.44568515762645)
((-1, -2, -4, -4, -3, 0, 7, 2), 3, 36.487433787767344)
((1, 5, -18, -2, -1, 1, -1, -4), 3, 36.51826174714767)
((2, -5, -15, 2, 4, 5, 0, 2), 3, 36.562588734369925)
((-1, -4, -6, -1, -2, -4, -10, -4), 3, 36.599903069282654)
((-2, -6, -26, -5, -5, -6, -8, -1), 3, 36.638366888466955)
((-1, 2, 35, 2, -1, -4, -17, -2), 3, 36.68394200122019)
((2, 8, 23, 2, -1, -3, -8, 0), 3, 36.72869719414082)
((-6, -8, -22, -11, -7, -5, -5, -10), 3, 36.77648802905641)
((-3, 0, 13, 2, 0, 1, 1, -2), 3, 36.82200270265647)
((1, 0, 11, 3, -2, 1, 0, 2), 3, 36.8664129362595)
((2, -1, -29, 1, 1, 0, 0, 0), 3, 36.909642325652996)
((-6, -3, 17, -7, -6, -4, -8, -6), 3, 36.946004458813)
((5, 10, 15, 9, 6, 3, 2, 2), 3, 36.992316815198734)
((0, -1, -2, -1, 0, 0, 0, 6), 3, 37.039983350723844)
((3, 2, -5, 2, 3, 3, 7, 4), 3, 37.071853600405966)
((5, 15, 28, 6, 2, 0, -1, 8), 3, 37.112286823694426)
((2, 4, -14, -5, -5, 4, 8, 0), 3, 37.15410501587953)
((-1, -1, -9, -2, -3, -1, 0, -1), 3, 37.19069237041219)
((0, 1, -4, -8, -4, 0, -2, -1), 3, 37.22785731798407)
((1, 2, 9, -5, -3, 2, 7, 0), 3, 37.26830764669324)
((-2, -10, -8, 2, 0, 2, 5, 1), 3, 37.30416003831614)
((5, 5, 3, 15, 10, -1, 5, 5), 3, 37.33107085635438)
((-7, -17, -9, -10, -11, 0, 3, -6), 3, 37.36533700529698)
((5, -1, 22, 3, 1, 6, 25, 3), 3, 37.537124464742874)
((-1, -16, -27, -8, 3, 21, 13, 3), 2, 37.613422623629425)
((2, 5, 14, 2, 1, 0, -23, -5), 2, 37.65013541791394)
((1, -9, -10, 0, 1, 2, 6, 2), 2, 37.71062645752439)
((0, 0, 18, 0, -1, -3, -3, -7), 2, 37.752271314779655)
((5, -14, -51, -4, -4, -1, 6, -14), 2, 38.4947486358427)
((-12, -39, -22, -3, -1, 1, -1, -7), 2, 38.53624809702195)
((-1, 11, -12, 1, 5, 6, 0, 7), 2, 38.57601477908349)
((5, -8, -2, 4, -1, -10, -17, 7), 2, 38.61200059298792)
((0, 2, 20, 4, 6, 5, 29, 2), 2, 38.64969124715623)
((-13, -37, -40, -5, 1, 7, 9, -9), 2, 38.690410130970506)
((-1, 3, -5, -1, 0, -7, -13, -5), 2, 38.73540993140726)
((-8, 40, 33, 4, 2, -2, 9, -3), 2, 38.78019477372379)
((7, 9, 24, -8, -5, 1, 1, 1), 2, 38.83839197641733)
((8, 3, -64, 1, 3, 7, 12, -10), 2, 38.8795504695438)
((-6, -27, -39, -7, -3, -7, 0, -11), 2, 38.929964135634584)
((4, -5, -26, -2, 1, -3, -9, 3), 2, 38.97459502916474)
((0, 14, 10, 5, -3, -17, -23, 0), 2, 39.0114748863915)
((-1, -11, -15, 0, 0, 11, 19, 11), 2, 39.051831135286776)
((0, 2, 14, -2, -3, 15, 36, 6), 2, 39.09520934184043)
((0, 2, 10, 2, 2, 5, -16, -12), 2, 39.14458641943632)
((-2, -2, 26, 0, -1, 8, 25, 6), 2, 39.1887771334736)
((9, 15, -9, 12, 9, 4, -10, 2), 2, 39.22527839072202)
((3, 4, -3, -5, -4, -10, -2, -1), 2, 39.26461287582035)
((-6, 4, 67, 4, 0, 0, -4, 0), 2, 39.30668194750917)
((-8, -8, -23, -8, -6, -10, 14, -3), 2, 39.323632849249925)
((6, -11, 12, -1, 3, 11, 22, 7), 2, 39.489534333430264)
((-8, -14, -17, 3, -5, -13, -28, -5), 2, 39.51066808071478)
((-3, 3, 12, -9, -2, -3, 12, -4), 2, 39.53015001453961)
((-5, 1, 31, 7, -4, -13, -9, -14), 2, 39.54937536705382)
((0, -16, -39, -14, -9, -7, -9, -3), 2, 39.57562078422652)
((-8, 6, 4, 1, 4, 7, 15, 4), 2, 39.59538153640889)
((12, -1, -29, -12, -5, 3, 12, 14), 2, 39.61406293654459)
((-2, -7, -73, -8, -2, 14, -3, 1), 2, 39.6343950097786)
((10, 14, 18, -1, 2, -4, 6, 6), 2, 39.655553845013486)
((-1, 4, 0, 0, -3, 2, -1, -4), 2, 39.67426204364163)
((-2, 7, 41, 15, 2, 5, 7, 4), 2, 39.703843588033045)
((-5, 6, 22, -1, -2, -4, 3, -13), 2, 39.72512957356186)
((2, 0, 8, 0, 3, 7, 8, 5), 2, 39.744616639012904)
((6, -2, -21, -7, -5, -6, 4, 4), 2, 39.76369773581248)
((2, 5, -37, 0, 1, 1, -5, 5), 2, 39.78326519674085)
((-5, 4, 0, 6, 5, -5, -12, -5), 2, 39.80285261399337)
((-2, -12, 1, -3, -4, 1, 0, -1), 2, 39.82279639417732)
((1, 4, -2, -1, -1, -14, -14, -1), 2, 39.84277495538336)
((-6, -28, -64, -11, -2, 0, 4, -6), 2, 39.86224947685922)
((-14, 8, 0, -6, -5, 2, -3, 2), 2, 39.8813710564878)
((2, 1, 5, -11, -6, 10, 13, 4), 2, 39.9052336885559)
((0, 3, 1, 0, -1, -8, 3, -1), 2, 39.92661546444068)
((1, 17, 7, 1, 0, -5, -1, -5), 2, 39.946333453071276)
((-2, -8, 12, 0, 2, 11, 6, -2), 2, 39.96630346156697)
((0, 0, 9, -4, -7, -7, -6, 0), 2, 39.98846182355188)
((-3, -6, -12, 1, 1, 7, 18, 1), 2, 40.01008991749485)
((-3, 7, 21, 1, -2, -1, -8, -11), 2, 40.02750608667887)
((5, 1, -2, 2, 0, 11, 11, 3), 2, 40.048790931846305)
((3, 8, 27, 7, 4, 0, -5, 0), 2, 40.06787202864588)
((0, 1, -5, -5, 3, 3, 8, -1), 2, 40.09024934001585)
((-8, 4, -13, 4, -1, -9, -7, 1), 2, 40.112232086348165)
((-1, -1, -14, 0, 1, 0, -4, 3), 2, 40.13247293067173)
((2, 8, 31, 3, -3, -4, -2, -1), 2, 40.14965703631481)
((8, 15, -1, 6, 5, 11, 2, 3), 2, 40.16941778849718)
((5, -6, -24, 0, -1, -8, -15, 7), 2, 40.18823546181785)
((-11, -2, -23, -9, -6, -8, -3, -6), 2, 40.20763072817776)
((-21, -8, -6, -5, -4, -25, -22, -8), 2, 40.228695483598756)
((4, 0, 13, 5, 4, 13, 16, 3), 2, 40.24769561474031)
((-7, 12, 26, 0, -5, -7, -12, -4), 2, 40.26765022835737)
((4, 4, 56, -1, 0, 6, 2, 1), 2, 40.28767725492209)
((-2, -17, -67, -13, -4, -11, -21, 0), 2, 40.30664887702913)
((-25, -1, -14, -4, -5, -3, -26, -5), 2, 40.325926686166845)
((-13, 0, 8, 4, 4, 10, 18, 3), 2, 40.345841957316274)
((19, 0, -57, -2, 2, -4, -3, 1), 2, 40.36562665708763)
((3, 2, -25, -5, -2, 3, 6, -1), 3, 40.48980060781262)
((-10, 2, 15, 8, 0, -1, 0, -3), 3, 40.5086821413706)
((7, 9, -4, 11, -1, -2, -1, 1), 3, 40.52870631703187)
((3, 2, -11, -8, -5, 2, 13, 3), 3, 40.54830684844027)
((8, -1, 27, 5, 2, 4, -21, 19), 2, 41.80373582388259)
((-1, 10, 33, 2, 1, -5, 5, 0), 2, 41.82385464953844)
((0, 3, 27, 13, 4, -6, 0, 6), 2, 41.84441137396441)
((-6, 10, 10, -1, -3, -3, -10, -4), 2, 41.86449085715263)
((-10, -12, -38, -5, -10, -30, -11, -9), 2, 41.88397450151953)
((0, -16, -114, 1, 2, 14, 8, 14), 2, 41.90506092380675)
((5, 4, 46, -3, -2, 8, 7, -8), 2, 41.92527439945719)
((0, -5, -17, -12, 1, 17, 15, 15), 2, 41.944304750175334)
((-8, -34, -52, -11, -5, 6, 7, -21), 2, 41.96440761077185)
((-14, -4, 8, -6, -3, 2, 5, -9), 2, 41.98649184926703)
((0, 5, 46, -1, 1, 6, -8, -7), 2, 42.006272557773556)
((9, 13, 33, 14, 3, -11, -3, -1), 2, 42.02644155933015)
((-2, 0, -83, -14, -5, -7, -7, 0), 2, 42.04618634645319)
((4, -10, -10, 6, 3, -10, -14, -7), 2, 42.06685083502962)
((-6, 2, 26, 5, -2, -7, 13, 1), 2, 42.0888295900971)
((8, 8, 18, 19, 3, -4, 2, 18), 2, 42.108917055814985)
((-4, -8, -32, -9, 2, 14, -1, -2), 2, 42.12825587428656)
((3, 18, 50, 5, -4, -15, -8, -10), 2, 42.14813066260698)
((-9, 1, 32, -4, -7, 1, 1, -6), 2, 42.16961678155808)
((-3, -10, -12, -4, 0, 11, 2, -4), 2, 42.18990495087893)
((4, -1, 7, -3, 2, 15, 30, 6), 2, 42.572873083480154)
((-5, 8, 64, 7, 8, 17, 16, 1), 2, 42.591632598370424)
((0, -13, -2, -5, -4, -4, 3, 1), 2, 42.61077470450386)
((-16, -41, -66, -11, 0, 9, 63, -2), 2, 42.63030111242253)
((-2, 4, 17, 12, 4, 7, 12, 3), 2, 42.650768888660814)
((8, -8, 16, 8, 2, 7, 7, 11), 2, 42.67005296978613)
((5, -30, 5, -3, -6, 1, -17, -3), 2, 42.68950183313092)
((1, 7, 2, -4, 3, 8, 9, 3), 2, 42.719558338037324)
((0, 18, -67, -3, 4, 24, 32, 10), 2, 42.73643910755318)
((0, -8, 40, 2, 1, 1, -10, -6), 2, 42.796568082425324)
((-4, 12, 96, 4, -4, 5, 23, -7), 2, 42.818735567301275)
((0, -1, -2, 1, 1, 1, -9, 4), 2, 42.839500977859885)
((1, 12, 28, 9, 3, 4, 7, 2), 2, 42.859009139996466)
((37, 49, 10, 15, 7, 20, 17, 11), 2, 42.88052547852414)
((19, 11, 19, 16, 16, 7, -8, 10), 2, 42.90395591362903)
((6, 16, 47, 15, 2, 5, 6, 2), 2, 42.92571457895007)
((5, 7, -52, 16, 10, 8, 5, 11), 2, 42.945295724215)
((2, 5, 34, 3, -3, -22, -28, -7), 2, 42.96718781181757)
((-7, -14, -62, -12, -8, -16, -14, -4), 2, 42.988054144358344)
((-1, -21, -9, 0, 1, -29, -20, -8), 2, 43.007789808590346)
((7, 14, -17, 4, -2, 9, -5, -3), 2, 43.02676200087808)
((36, -5, -30, -9, -2, 2, -1, -8), 2, 43.04533050523711)
((-14, 0, -51, -2, -2, -6, 7, 1), 2, 43.06544533962813)
((-4, 26, 112, 12, 4, 14, 9, 10), 2, 43.08544898878455)
((-13, 8, 28, -7, -8, -6, -9, -3), 2, 43.105057502722616)
((1, -3, 18, 4, 3, -1, -8, 0), 2, 43.12271884960344)
((-63, -12, -8, -3, -3, -14, -8, -22), 2, 43.14452369956039)
((22, 6, -5, -1, -4, 1, 7, 17), 2, 43.16313895873602)
((-17, -12, -38, -7, -2, -1, -6, -6), 2, 43.18353432202665)
((10, 32, 13, 0, -3, 17, 9, 9), 2, 43.20404315127464)
((-13, 24, -8, 1, 5, 1, -2, -13), 2, 43.22400859832481)
((-13, 24, -8, 1, 5, 1, -2, -13), 2, 43.240742831403274)
((51, -10, -30, -2, 1, 2, 18, 39), 3, 43.26362475268412)
((-29, -11, -5, 8, 4, 5, -4, -9), 3, 43.28403380031132)
((-94, -33, -19, 1, -8, -9, 5, -32), 1, 43.34282456110341)
((-8, -18, 3, -3, -3, 1, 37, 31), 1, 43.36167188381998)
((31, -21, -12, 4, 3, 16, 26, 22), 1, 43.38125930107251)
((-56, -15, -73, -31, -9, -6, -16, -34), 1, 43.401627865870694)
((29, 20, 26, -4, 4, 4, 15, 21), 1, 43.41954921514628)
((-64, -16, -7, 2, -3, -9, -49, -28), 1, 43.44044462690226)
((8, -2, -4, 8, -1, -7, -5, -28), 1, 43.45642679165027)
((-94, -54, -42, -20, 6, -31, -31, -49), 1, 43.47598056824208)
((53, -40, -37, -55, 1, -10, 4, -4), 1, 43.495656933682284)
((61, 30, 9, 11, -1, 11, 42, 37), 1, 43.514549870854076)
((-18, -2, 11, -11, -13, -29, -77, -62), 1, 43.53363552909917)
((7, 12, 0, 4, 0, 5, 4, 3), 1, 44.07895120963833)
((14, -1, 20, -2, 0, 7, 10, 3), 1, 44.10231607396384)
((7, 8, 4, 5, 5, 14, 31, 4), 1, 44.12363969141821)
((-7, 14, -11, -5, -1, 0, 18, 2), 1, 44.14028953775451)
((-3, 10, -9, 1, -1, -2, -6, 0), 1, 44.37675145253531)
((-4, -12, -10, -11, -5, 1, -8, -4), 1, 44.396785891449)
((-3, -10, -32, -2, 0, -2, -2, -1), 1, 44.41689502403312)
((1, -2, -6, -1, -5, -7, -4, 1), 1, 44.43700814788206)
((7, 15, 42, 29, 15, 7, -9, 2), 1, 44.45629393954945)
((-7, -2, 15, -17, -5, 1, 1, -2), 1, 44.47677140885947)
((4, -1, -6, 4, 1, -4, -3, -1), 1, 44.49999087710896)
((3, 8, -7, 5, 3, 3, 5, 1), 1, 44.51983259494934)
((-6, 17, 8, -1, 0, -4, -2, -4), 1, 44.53979747181882)
((1, -2, -5, 4, 1, 2, 0, -3), 1, 44.55983533181665)
((72, 79, 48, 12, 8, 14, 22, 60), 2, 45.45750614369694)
((90, -27, 29, 4, 1, 1, -12, 38), 2, 45.476306711596905)
((-67, -9, 2, 3, -4, -10, -11, -31), 1, 45.65469401253257)
((6, 32, 23, 10, 3, 6, 16, 28), 1, 45.67395984787579)
((-21, 11, 43, -4, -11, -38, -20, -58), 1, 45.70425696903349)
((33, -36, -90, -24, -12, 12, 3, 16), 1, 45.723582673349185)
((-5, -2, 84, 2, -12, -36, -23, 81), 1, 45.7472337683812)
((-19, -27, -21, -24, -1, 20, 41, 3), 1, 45.767621149142165)
((-9, 6, 30, -7, -2, -7, -22, 1), 1, 45.78785629165883)
((1, 30, 71, 11, 0, 3, 1, -3), 1, 45.80708791616063)
((12, -12, -111, -12, -14, -80, -86, 30), 1, 45.829820450100634)
((6, 3, -32, -1, -1, 25, -10, -17), 2, 45.86811948706545)
((14, 1, -15, 8, 7, 32, 48, 3), 2, 45.88875090516184)
((-3, 39, -63, 0, -2, 6, -3, 5), 2, 45.9110301454531)
((-2, -7, -21, -2, -10, -25, -64, -15), 2, 45.92997896033253)
((-2, -7, -21, -2, -10, -25, -64, -15), 2, 45.94903496918173)
((-6, -13, 21, -10, -3, 6, 6, -18), 2, 45.96986880142317)
((-5, -17, -46, -12, 0, 20, 32, 15), 2, 45.98846467445534)
((-8, 5, 10, 4, 3, 17, 14, -1), 2, 46.006411681861984)
((22, 19, 41, 8, -8, -65, -101, -20), 2, 46.02965566788115)
((-18, 7, -50, -18, -9, -15, -11, 5), 2, 46.04804855658758)
((4, 6, -19, 6, 2, -4, -12, -1), 2, 46.06659767480315)
((2, 3, 0, 2, 13, 38, 14, -3), 2, 46.088311866030345)
((40, 39, 61, 9, 6, 16, 4, 17), 2, 46.10746252487413)
((-13, 5, 10, -1, -4, -32, -7, 5), 2, 46.131428359647174)
((18, 19, 78, 2, -2, 12, 2, -13), 2, 46.152136752136755)
((-1, -5, -1, 5, 4, 7, 21, 5), 2, 46.16990643334873)
((-7, 16, 83, -4, -4, 24, 40, 23), 2, 46.18968714185525)
((4, 11, 66, 0, -5, 0, 18, 7), 2, 46.2113517273624)
((-1, -31, -31, -9, 2, 15, 12, 6), 2, 46.23187652166972)
((-4, 21, 10, -5, -6, -3, 5, 1), 2, 46.252517062657155)
((1, 12, 32, 1, -12, -33, -34, -8), 2, 46.27310742774385)
((-8, -5, -58, -8, -5, -15, -37, -6), 2, 46.29317037569206)
((-6, -18, -23, -6, -2, -16, -27, -2), 2, 46.31309990135874)
((3, -3, 35, -7, -3, -8, -14, -6), 2, 46.33347416796383)
((5, 26, 86, 16, 9, 13, 6, 1), 2, 46.352534738258555)
((-20, -57, -97, -17, -2, -10, -29, -1), 2, 46.37383212740117)
((-12, -10, -37, -10, -8, -33, -24, -12), 2, 46.39440994851268)
((0, -6, -31, 2, 3, -13, -6, 2), 2, 46.41431324586762)
((-23, -8, 36, -4, -9, -4, -22, -9), 2, 46.43393715468432)
((1, -5, -48, 4, 1, 6, 14, 10), 2, 46.453670538193556)
((0, 4, -12, -12, -1, 8, 22, 6), 2, 46.47740830069049)
((14, -23, -23, -6, -7, -6, -9, -10), 2, 46.49827235250851)
((-22, -57, -42, -13, -11, 6, 0, -46), 2, 46.51882907693448)
((-13, 24, 74, -3, -6, 4, 12, 17), 2, 46.53903000860973)
((3, 15, 10, 30, 7, 4, 0, 8), 2, 46.56165078713444)
((28, 5, 40, -4, 6, 21, 44, 22), 2, 46.581844876641405)
((20, 27, 12, 10, 3, -4, -6, 25), 2, 46.601471636361566)
((-1, 12, -63, -9, 2, 17, 14, 19), 2, 46.621169668668)
((-34, 0, 4, -13, 0, 1, -6, -2), 2, 46.6399565522314)
((19, -10, -15, -12, -8, -6, 11, -11), 2, 46.66099336879857)
((-11, 8, 61, 15, -4, -27, -42, -5), 2, 46.68242418022271)
((-7, -20, 2, -9, -1, 2, 0, -1), 2, 46.709829344919406)
((-7, -20, 2, -9, -1, 2, 0, -1), 2, 46.72706305628254)
((9, -5, -32, 3, 2, -14, -41, 3), 2, 46.74707867923345)
((-11, 10, 2, 4, 2, 8, -13, -5), 2, 46.766024643209434)
((30, 21, 64, 16, 3, 6, 9, 10), 2, 46.78634816373309)
((-24, -7, -40, -8, -5, 1, 10, -11), 2, 46.80646185776273)
((29, 7, 35, 11, 2, 1, 23, 5), 2, 46.82639309397148)
((3, 42, 96, 39, 14, 5, -9, -1), 2, 46.84485326399936)
((11, 3, -2, -18, -13, -14, -15, -2), 2, 46.864383093002175)
((9, -7, -38, -4, -1, 3, 8, 11), 2, 46.8844215231807)
((12, -17, -32, -4, -2, 7, -8, -4), 2, 46.90491438736936)
((-15, 30, 1, -3, -1, 14, 2, -6), 2, 46.92806315321325)
((9, -1, 13, -3, 1, -1, -13, -1), 2, 46.95053511457781)
((-1, 3, 12, 1, -5, -3, 1, -2), 2, 46.96989502973492)
((-3, -11, -22, -2, 6, 19, 28, -13), 2, 46.987807826300156)
((-7, -31, -38, -28, -10, -20, -16, -2), 2, 47.01080036263492)
((7, -23, -1, -8, -5, 3, 8, -1), 2, 47.03334587730852)
((4, -15, 15, 5, 5, -5, 5, -1), 2, 47.052367105135616)
((-6, -7, -1, 8, -4, -3, 0, 4), 2, 47.07365252048374)
((31, 14, 8, 4, 4, 0, -1, 16), 2, 47.090870836968236)
((-7, 8, -40, -5, -3, -5, -6, -5), 2, 47.10957903559638)
((27, 14, 7, 7, 1, -1, -27, -47), 2, 47.133116664671036)
((-99, -49, -22, -6, -4, -9, -23, -47), 2, 47.15175701179704)
((18, 11, 11, 9, -2, -8, -60, 6), 2, 47.1697969586562)
((-14, -14, 5, 7, -2, -11, 2, 4), 3, 47.19080013456264)
((52, 4, -16, 1, -7, -21, 72, 82), 1, 47.265764070633985)
((42, -8, -93, -21, -2, 19, 11, 37), 1, 47.28707742483593)
((82, -40, -46, -8, 4, 11, 18, 42), 1, 47.30681936105552)
((-110, -52, -56, -23, -17, -26, -35, -97), 1, 47.327905213162055)
((43, -16, 19, 2, -12, -41, -102, 1), 1, 47.346960081649875)
((-55, -48, 33, -26, -17, -7, 6, -5), 1, 47.36796496809839)
((-18, 7, -62, -53, -1, -18, -3, -32), 1, 47.385992370982365)
((-32, 16, -12, 23, 0, 8, 5, 22), 1, 47.40617334633345)
((49, 34, 59, 23, 8, 21, 49, 19), 1, 47.426534498782665)
((-10, 19, 1, 4, 7, 22, 44, 55), 1, 47.445721079009935)
((-85, -21, -26, 0, -3, 6, -16, -10), 1, 47.465112924285705)
((34, 3, 24, 7, -6, -20, -24, -23), 1, 47.484904466225345)
((-56, -53, -13, -2, -5, -13, -44, -72), 1, 47.50371586755843)
((-12, 42, 14, 6, 4, -1, 28, 18), 1, 47.5222820911947)
((83, 18, 36, 0, 1, -4, -11, 17), 1, 47.5423279337222)
((51, 6, -20, 7, 4, -4, 5, 7), 1, 47.56132293323754)
((49, 3, 12, 3, 5, 34, 23, 22), 1, 47.580463899009594)
((-10, 11, 0, -2, -4, -18, -58, 9), 1, 47.60056675960612)
((-61, -5, -32, 3, 1, -12, 9, -19), 1, 47.6188399103676)
((-22, 13, 53, 4, -4, -6, 11, 6), 1, 47.63867364567832)
((14, 21, 4, -18, -13, 3, 15, -14), 1, 47.65845207346208)
((-51, -55, -37, -2, -5, -5, 7, -18), 1, 47.68031907311427)
((75, -7, 0, 2, 0, 1, -13, 12), 1, 47.70872205401892)
((16, 19, 15, 9, -6, -13, -33, -4), 1, 47.728780440521604)
((-12, 11, 29, 2, 3, 2, -5, 6), 1, 47.74807763580279)
((106, 30, 28, 7, 7, 24, 13, 12), 1, 47.766838291054434)
((-50, -27, -30, -5, 0, 9, 3, -27), 1, 47.78781523864913)
((3, -16, -14, -3, 2, 26, 32, 9), 1, 47.8108659334143)
((-47, -52, -6, 4, -4, -20, -10, -15), 1, 47.831223664779365)
((127, 52, -15, -13, 2, 3, 6, 24), 1, 47.84998888147654)
((83, 33, 12, 3, -1, 4, 15, 20), 1, 47.86990928425218)
((-65, -18, 2, 1, -5, 1, 1, -9), 1, 47.8881915579047)
((-36, 19, 17, 6, 5, 6, 6, 10), 1, 47.911075189727626)
((-24, 12, -11, 5, 3, 3, 9, -6), 1, 47.932397096639924)
((24, -5, 3, 10, 5, 26, 35, 23), 1, 47.95065998414898)
((-40, -2, -1, -3, -8, -15, -4, -3), 1, 47.96883563401242)
((-45, 1, -2, -12, -3, -2, -15, -4), 1, 47.98805243381628)
((47, 5, -11, 4, -2, -4, 1, 2), 1, 48.009608114811584)
((113, 8, -6, -13, 1, 2, 14, 18), 1, 48.028335699583195)
((-89, -20, 1, 4, -1, -3, -4, -16), 1, 48.04814263640147)
((-61, -24, -20, -4, -1, -4, 0, -10), 1, 48.06623104861931)
((49, 0, -1, 3, -4, -16, -14, -8), 1, 48.0866224206451)
((9, 39, 18, -17, -3, 9, -1, 4), 1, 48.10833262060747)
((-88, -54, -24, -4, -3, -8, -2, -12), 1, 48.127674289982494)
((30, 5, 2, -3, 2, 5, 4, 5), 1, 48.14730161988334)
((-53, -35, 0, 4, -3, -12, -13, 2), 1, 48.16662105221145)
((49, 14, 1, 3, 9, 5, 5, 8), 1, 48.18711334621942)
((30, -16, 10, 10, -2, 1, -8, -19), 1, 48.209770616308305)
((-121, 12, 14, -7, -9, -9, -10, -30), 1, 48.230776072937516)
((-3, 6, -54, 0, -2, -7, -15, -9), 1, 48.24888558184089)
((26, 17, 13, 9, 3, 7, -7, -16), 1, 48.26846045511823)
((-3, 17, 8, 3, 5, 13, 18, 16), 1, 48.287892783223)
((17, 0, 0, -4, 1, -1, 4, 2), 1, 48.30750300770314)
((-15, -1, 9, -7, -4, -2, -8, -8), 1, 48.32779402792745)
((-3, -5, 8, -5, -5, -15, -1, -10), 1, 48.34873733486142)
((-76, -32, -6, -11, -6, 4, 6, -7), 1, 48.3670806178478)
((25, 13, -17, -9, -4, -5, -21, 4), 1, 48.38648500709875)
((6, 0, 9, 2, 0, -15, 11, 1), 1, 48.40670190383332)
((33, -1, -11, 1, 0, -2, 3, 2), 1, 48.42647177890674)
((11, 5, -2, 10, 0, -5, -13, -3), 1, 48.44491598387529)
((-7, -12, 15, 2, 6, 7, 1, 2), 1, 48.46317202921606)
((-13, -2, -41, -7, -6, 8, 12, 2), 1, 48.48612864416734)
((-6, 9, 52, 9, -2, -22, -26, -8), 1, 48.50648409480964)
((-2, 12, 8, -3, 0, 5, 5, -5), 1, 48.52639309397148)
((2, 0, 17, -23, -5, 1, 3, 1), 1, 48.54666700877508)
((6, 24, 35, 10, 3, 5, 6, 1), 1, 48.566154644406815)
((-23, 24, 9, 15, 6, 2, 6, 2), 1, 48.587723439558)
((5, -7, -48, -9, -4, -11, -11, -2), 1, 48.608155294412796)
((6, 16, 68, 14, 3, -1, 1, 2), 1, 48.62707560025772)
((-7, -28, -113, -14, -4, -10, -11, -3), 1, 48.733080743287545)
((-5, -19, -64, -21, -6, -4, -5, -2), 1, 48.749833792328786)
((-3, 6, 29, 1, 1, 28, 29, 4), 1, 48.76956945656078)
((-1, 0, 22, 5, -2, -22, -43, -11), 2, 48.80890223111704)
((5, 27, 92, 14, 7, -15, -57, 0), 2, 48.82903588147084)
((-10, 0, -54, -28, -23, -67, -11, -11), 2, 48.849738001972824)
((-10, 11, -15, 9, 2, -26, -34, -7), 2, 48.86932998067088)
((2, 2, -5, 0, 0, 16, 36, 7), 2, 48.88924924308513)
((9, -8, -103, -10, 4, 8, 23, 8), 2, 48.91187971468158)
((-1, -10, 70, 19, 11, 19, 14, -5), 2, 48.93106458436679)
((4, 4, 11, 8, 2, 15, 6, 2), 2, 48.95085954739057)
((4, -2, 28, 19, 5, -13, -43, -21), 2, 48.97113289201348)
((-9, -18, -9, -5, -6, -7, -16, -1), 2, 48.99490600571321)
((-52, 8, 36, 0, 2, 10, 5, 2), 2, 49.01393863715411)
((-8, -9, 6, -5, -3, 2, 11, 2), 2, 49.03415268298524)
((8, -19, -21, -9, -5, 1, -25, -7), 2, 49.05143828079118)
((-8, -30, -107, -26, -13, -5, 9, 2), 2, 49.07299111088304)
((6, 23, 18, 8, 3, 2, -6, 6), 2, 49.09530114093156)
((3, -5, -3, -1, 3, -2, 3, 23), 2, 49.11366951186831)
((2, 8, 4, 8, 9, 12, -1, 2), 2, 49.607968845327086)
((2, 25, 39, 11, 3, 9, -12, -2), 2, 49.6281367065223)
((-7, -18, 8, 0, -3, -21, -30, -14), 2, 49.648199084289814)
((7, -5, -48, 3, 5, 7, 2, 6), 2, 49.66900326713535)
((-11, 5, 25, -1, -4, 3, -10, -9), 2, 49.800298204501004)
((2, -12, -76, -39, -18, 5, 1, -1), 2, 49.81786889265208)
((-2, -1, 6, -3, -6, -20, -32, 2), 2, 49.84253719003552)
((9, 17, 84, 3, -2, -12, -12, -4), 2, 49.86189767537333)
((15, 33, 98, 30, 6, 4, 11, 8), 2, 49.879656523152185)
((18, -3, -21, 8, 8, 31, 93, 18), 2, 49.901076501143216)
((12, 15, -42, 8, 9, -1, 17, -7), 2, 49.92174669152654)
((2, -13, 0, -14, -5, 11, 27, 25), 2, 49.941190423245125)
((-8, -17, -10, -23, -15, -10, -10, 0), 2, 49.96241882052423)
((-7, -24, -8, -14, -5, 11, 24, -5), 2, 49.9798315686241)
((-9, -14, -76, -4, 13, 26, 39, 7), 2, 49.99592320806464)
((-21, -7, 18, 2, -1, 4, 3, 1), 2, 50.01757125833176)
((0, 7, 95, -3, -8, -6, -2, 7), 2, 50.0350564193793)
((-7, -7, -33, -22, -10, 1, 2, -1), 2, 50.054177428827195)
((19, 14, -14, -5, 0, 32, 85, 29), 2, 50.073897127999864)
((15, 4, 4, 11, 5, 4, -17, 29), 2, 50.09187435498309)
((24, 33, 12, 28, 8, 5, -13, 9), 2, 50.11142242976799)
((21, 33, 11, 22, 10, 14, 16, 8), 2, 50.13115467291585)
((-7, -22, 2, -19, -7, 18, -24, 0), 2, 50.15178780155431)
((0, -3, 14, -3, -5, -5, 23, 0), 2, 50.172077111236554)
((-1, -7, 24, -19, -6, -14, -4, -10), 2, 50.192200498337925)
((-14, 2, -2, -13, -12, -19, -6, -9), 2, 50.212301648392376)
((-8, -38, -20, 3, 3, 7, 9, -1), 2, 50.23130634097946)
((-3, 2, -42, 4, 15, 34, 63, -1), 2, 50.25067366848554)
((3, -2, -1, -3, -5, -21, -30, -4), 2, 50.27290729432157)
((9, -2, 14, 4, -3, 6, -6, 9), 2, 50.29339388652264)
((14, 37, 110, -4, -10, -3, 15, 2), 2, 50.31398197088657)
((-4, 1, 45, 7, 12, 29, 49, -2), 2, 50.333455352001046)
((-5, -9, -12, -8, -6, -18, -16, 7), 2, 50.354156332141656)
((-4, 24, 84, 9, 4, 4, 4, -1), 2, 50.5878990552106)
((-1, 12, 57, -6, -10, 25, 10, 3), 3, 50.60787932695872)
((7, -29, 8, 1, -3, -8, -6, 8), 2, 50.6475559204712)
((-1, -7, -9, 5, -1, -15, -9, -5), 2, 50.669485639999316)
((7, -6, 40, 17, 1, -8, -10, 4), 2, 50.6998768409709)
((6, 10, -29, 22, 20, 5, 12, 4), 2, 50.721777481283816)
((-1, -16, -77, -1, 3, 4, -14, -2), 2, 50.743916457125266)
((0, 16, -10, 7, 5, 7, -3, 1), 2, 50.764217740602)
((-5, -14, -15, -7, -7, -3, -2, -18), 2, 50.78332278499057)
((-1, -17, -48, -13, -8, -9, -13, 0), 2, 50.80052000478952)
((-3, 5, 42, 1, 0, 3, 15, 3), 2, 50.820106281680665)
((11, 17, 13, 3, 3, 11, 20, 18), 2, 51.67874138314432)
((3, -3, -12, 5, -3, -14, -10, 0), 2, 51.708993460027486)
((-1, -21, -29, 2, 3, 4, 13, 11), 2, 51.73235490326885)
((1, 19, 66, 5, 1, -1, -7, 0), 2, 51.75267728343112)
((-14, -13, -40, -16, -10, -9, -33, -10), 2, 51.7725423786798)
((11, 15, -31, 25, 13, -4, -26, 5), 2, 51.79207049714054)
((5, 8, 3, 1, 4, 8, 10, -5), 2, 51.81231875381308)
((1, -21, -22, -1, 1, 3, -6, 1), 2, 51.83260122132704)
((-2, 11, -25, -11, -8, -11, -3, -4), 2, 51.85512963057993)
((1, 14, 29, 3, 1, 10, 0, 3), 2, 51.87521082431022)
((-9, -10, 24, -7, -1, -14, 0, -3), 2, 51.89485354908971)
((-4, -14, -10, -11, -10, 5, 25, 0), 2, 51.91858275887629)
((14, 16, -4, 14, 8, 13, 4, 9), 2, 51.940150983846785)
((16, 0, 7, -10, -11, -19, -11, -3), 2, 51.95964888273094)
((1, 12, 18, -6, -6, -12, 9, 8), 2, 51.979287616245585)
((-5, 7, 29, -6, 4, 21, -4, -5), 2, 51.99734751942891)
((-10, -1, 26, -3, -7, -20, -29, -12), 2, 52.017173272209966)
((1, -2, -24, -13, -7, -7, -12, -5), 2, 52.03900720138212)
((-2, 14, 19, 1, 1, -12, -34, 1), 2, 52.05794632318982)
((2, 6, 12, 12, 8, -3, 10, 1), 2, 52.07801212204148)
((4, 12, 34, 3, 1, -6, -26, 0), 2, 52.097655987182335)
((-2, 7, 27, 11, 3, -5, 9, 3), 2, 52.116259272563475)
((-16, -11, -19, -8, -5, 2, 5, 2), 2, 52.135639144044745)
((3, 3, -17, 0, 0, -1, -17, -5), 2, 52.15535713267534)
((-2, -5, -1, -4, -4, -3, 0, -2), 2, 52.17576561012185)
((2, -8, 12, 8, 5, 10, -1, -1), 2, 52.196664442961975)
((-2, -10, -5, 7, 1, -5, 5, -1), 2, 52.217893980602454)
((-6, -9, -3, -8, -4, -7, -7, -1), 2, 52.2368832783109)
((4, 5, -31, 11, 5, 11, 16, 3), 2, 52.25707451691441)
((12, 1, 3, -1, -1, -2, 4, -2), 2, 52.277220141062706)
((-2, -12, -18, -5, -5, -3, -10, -3), 2, 52.297210676063244)
((-11, -16, -65, -11, -4, -3, 3, -3), 2, 52.31847442454514)
((-1, -26, -47, -16, -5, 31, 22, 5), 2, 52.33912979023052)
((6, 17, 25, 24, 13, -29, -20, 3), 2, 52.35816698311695)
((-3, 6, 12, 0, -6, 13, 12, 0), 2, 52.37737865129459)
((-13, 21, -39, -4, -3, -2, 7, 30), 3, 53.3218778330853)
((-2, -14, -30, -9, -1, 19, 29, 7), 1, 53.38158658478872)
((127, 31, 3, -2, -4, -14, -30, -15), 1, 53.40163983966519)
((-20, 3, -9, -1, -3, 3, 24, 7), 1, 53.42131677528609)
((12, -20, -64, -26, -1, 5, 0, -6), 1, 53.44245109275129)
((-58, -24, 1, 7, 1, 1, 1, 5), 1, 53.46177793742837)
((-12, -2, 67, 2, -6, -1, -26, -22), 1, 53.48493354544055)
((-70, 6, -13, -1, -1, -1, -16, -17), 1, 53.50442916360195)
((-72, -10, -28, 0, -8, -11, -13, -18), 1, 53.52436439107553)
((80, 2, 40, -25, -8, 5, 8, 25), 1, 53.54242030299402)
((24, 0, -43, 1, 8, 5, -12, -6), 1, 53.562730709361794)
((-38, -11, 14, -3, -7, -17, -15, -8), 1, 53.583999589469904)
((-6, 1, 42, -1, -4, -6, -14, -5), 1, 53.603625208828674)
((-4, 1, -21, 5, 3, 3, 9, -12), 1, 53.62355074323053)
((-6, 15, 45, 7, 1, 5, 6, 1), 1, 53.642793201165446)
((-10, 1, 12, 12, 3, -7, -31, -8), 1, 53.66158407599368)
((3, -3, -54, -3, 0, -8, 23, -5), 1, 53.68143206582166)
((7, 11, -6, 1, 0, 0, 2, -6), 1, 54.50551421745551)
((4, 1, -7, 1, -1, -15, -4, 3), 1, 54.52488895731057)
((3, -21, -7, -7, -3, -6, -6, 3), 1, 54.54441422486786)
((9, 5, -3, -2, -1, 1, 1, 4), 1, 54.56487116767303)
((-2, -4, -1, 1, 1, 7, -1, -1), 1, 54.58458801594225)
((6, 5, 41, 10, 4, 9, -4, 5), 1, 54.604285478068)
((-15, 0, -17, 6, 1, 1, 2, -1), 1, 54.623403636612444)
((3, 13, 2, -3, -1, -4, 0, -6), 1, 54.644886334479395)
((-14, -8, -5, -1, -2, -6, -7, -1), 1, 54.66517393361956)
((-4, -23, -41, -6, 0, -1, -10, -5), 1, 54.690166663815766)
((4, 10, -6, 10, 1, 2, 3, 8), 1, 54.71500316450283)
((10, -6, -7, 2, 4, 10, 9, 0), 1, 54.73423421882394)
((26, 8, -1, -1, -1, -3, 1, 4), 1, 54.7549089706528)
((11, 17, 4, 8, 1, -1, 7, 6), 1, 54.773860066255)
((-21, 0, 9, 6, -1, 4, 12, 2), 1, 54.79245251820302)
((-12, 16, 1, 1, 2, 11, 24, -10), 1, 54.8142026308137)
((3, -18, 8, 7, -2, -5, -13, -1), 1, 54.83350096645627)
((7, -20, -39, -17, -4, 1, 12, -6), 1, 54.85442716796953)
((-10, 6, 9, -2, -2, 1, 12, -1), 1, 54.873938181009564)
((16, 8, 12, 9, -1, -1, -1, -4), 1, 54.89126996345142)
((28, -1, 8, 11, 3, 3, -13, -10), 1, 54.912208708939865)
((12, -4, -9, -2, -4, -5, -3, -5), 1, 54.9309522587708)
((-25, -1, -20, -9, 0, 0, 6, 0), 1, 54.950496912471564)
((14, -8, 5, -2, 4, 5, -12, 10), 1, 54.97029244567604)
((14, -8, 5, -2, 4, 5, -12, 10), 1, 54.98622728542675)
((-8, -42, -18, -2, 3, 8, 26, 6), 1, 55.009322454285766)
((32, 3, -7, -7, -4, 2, -3, -9), 1, 55.027469595114695)
((6, -39, -8, -4, -3, -4, 0, 0), 1, 55.04725315452467)
((41, -33, -8, -5, -1, 2, 14, 7), 1, 55.06667293865426)
((-6, 20, -2, -6, -4, -7, -14, -6), 1, 55.08649470017048)
((10, -9, -14, -9, -4, -4, -8, -10), 1, 55.10737129596369)
((-10, 13, 7, 5, 2, 7, 22, 6), 1, 55.12592497562478)
((28, 1, 7, -6, -1, -1, -17, -6), 2, 55.14859250896609)
((-23, -3, 2, 0, -1, -5, -14, -9), 1, 55.16965840474847)
((-23, -3, 2, 0, -1, -5, -14, -9), 1, 55.18683965948809)
((2, 18, 8, 10, 1, -2, -17, -2), 1, 55.20901455671302)
((33, 15, -11, 0, 0, -2, 24, 16), 1, 55.23033304254118)
((-10, 15, 1, 9, 0, 3, 12, 10), 1, 55.25097643443207)
((6, -6, -1, -2, -4, -3, 4, -4), 1, 55.271035961296135)
((26, 27, -10, -4, -2, -3, 7, -8), 1, 55.29126711254796)
((-33, -16, -2, -4, 1, 2, 2, 0), 1, 55.31174116077385)
((-33, -16, -2, -4, 1, 2, 2, 0), 1, 55.32935176157324)
((1, -4, -6, -5, -1, 1, -15, -11), 1, 55.34996835497169)
((36, -12, 1, -3, 0, 3, 10, 0), 1, 55.37183535462388)
((-40, -8, 23, 13, 0, -7, -1, 8), 1, 55.390679256256306)
((-25, 3, -12, -1, -2, -2, 15, 4), 1, 55.40924890097672)
((38, -2, -6, -2, -3, -1, -6, -4), 1, 55.42865614113112)
((2, -15, -20, 2, 1, -1, 17, -6), 1, 55.446846615692515)
((-15, 41, 10, 0, 0, -6, -18, -12), 1, 55.466831448886154)
((23, 9, -9, -2, -2, -7, -10, -4), 1, 55.48733058506241)
((14, -6, 3, 2, 2, 4, -8, -6), 1, 55.50681765051345)
((-1, 9, 12, 2, 1, 2, 10, 16), 1, 55.526135942480174)
((13, -12, -2, -5, 1, -4, -3, -8), 1, 55.54900646014722)
((-19, 15, 11, 3, 0, 0, -2, -5), 1, 55.56839317379678)
((47, 16, 9, 19, 3, 3, 0, -3), 1, 55.58723422452575)
((-17, 12, 11, -10, -2, 2, 12, 7), 1, 55.606627780343594)
((-16, -12, -12, 2, 0, 0, -1, -5), 1, 55.624760096474574)
((-18, -17, -6, 0, -5, -5, -4, -9), 1, 55.64594344947914)
((4, 0, -14, -9, -1, -2, 5, 10), 1, 55.664300986982774)
((4, 2, 2, -4, 1, -1, -5, -2), 1, 55.692143480268896)
((-10, -12, 9, -5, -2, -4, -12, 13), 1, 55.712890074864724)
((14, 6, -1, -5, 1, 1, 6, 1), 1, 55.73366118723023)
((-11, -15, -1, 0, 0, 1, 2, -5), 1, 55.75260487048346)
((10, 39, 2, 8, 3, 2, 15, 7), 1, 55.77032608633676)
((-43, -5, -11, 2, 2, 5, 14, 17), 1, 55.79035938488907)
((18, 16, -1, -1, -1, -4, 1, -13), 1, 55.808625123301574)
((-7, 2, 7, 7, 1, 3, 4, -3), 1, 55.82914649652475)
((-34, -16, -22, -26, -9, -4, -7, -10), 1, 55.849522473671904)
((23, 1, -17, 6, 1, 5, 9, 9), 1, 55.868202163265536)
((6, 0, 4, 2, 3, 1, 3, -8), 1, 55.887572341675074)
((1, 2, 13, -3, -3, 3, -3, 0), 1, 55.9101224177942)
((-8, -9, 2, 3, 0, -6, 6, 6), 1, 55.93044080669164)
((19, 1, -14, -5, 0, 2, -9, -2), 1, 55.95039142904386)
((3, 8, 13, 6, 3, 3, 6, -3), 1, 55.97143964922484)
((3, 8, 13, 6, 3, 3, 6, -3), 1, 55.988462393732576)
((19, -4, 2, 0, -5, -10, -19, -4), 1, 56.00796485406225)
((-5, -30, 2, -9, -6, -6, 3, -5), 1, 56.03056966752764)
((5, -36, -34, -6, 0, 11, 23, 8), 1, 56.05106196153561)
((-1, 20, 30, 9, -1, -12, -17, -2), 1, 56.06962818517188)
((4, 5, 22, 5, 5, 8, 38, 11), 1, 56.08982797648575)
((-14, -21, -60, -8, -6, -14, -39, -10), 1, 56.108713501308564)
((-1, -16, -33, -2, -1, -1, 5, -4), 1, 56.127276874041385)
((0, -18, -34, 1, -1, -5, -4, -1), 1, 56.1489842231003)
((2, -32, -60, -14, -7, -5, -4, -14), 1, 56.16756698197659)
((-21, -21, 5, -20, -12, -9, -4, -25), 1, 56.18683623840395)
((9, 33, 61, 21, 10, 13, 6, 15), 1, 56.2055968936556)
((6, 31, -2, 18, 2, -11, -26, 3), 1, 56.22523961843508)
((9, 14, -19, -3, 1, 11, 22, 8), 1, 56.245600200703606)
((1, 6, 40, 1, 4, 6, -8, 17), 1, 56.264846649903355)
((-3, -10, 12, -6, 1, 15, 28, 5), 1, 56.284652446360255)
((-9, 11, -3, -6, -4, -5, 20, -1), 2, 56.30438582986949)
((4, 18, -17, 8, 3, -3, -14, -9), 2, 56.322308319506455)
((5, -25, -56, 1, 1, -1, -3, -7), 2, 56.34240433793469)
((0, 21, 16, 7, -1, -15, -38, -5), 2, 56.36603889772669)
((-1, 22, -61, 1, 1, -10, -44, -9), 2, 56.386756413107314)
((-7, -19, -25, -9, -4, -3, -1, -6), 2, 56.40590079996351)
((2, 3, 3, 3, 2, -1, 4, -8), 2, 56.42696213430036)
((-10, -7, 18, -2, -4, -1, 4, 0), 2, 56.44790772195709)
((-2, 0, 55, 6, 0, -3, -9, 1), 2, 56.46756755215728)
((-1, -18, -99, -21, -7, -4, 11, 5), 2, 56.48716067121671)
((-2, 15, 7, -3, -2, -15, -35, -15), 2, 56.506448743606846)
((6, -1, -3, -3, 2, 7, 8, 11), 2, 56.52713660959158)
((16, 37, 72, 8, 1, 9, 15, 10), 2, 56.547414515660016)
((-5, -17, -39, -9, -2, -8, -10, -2), 2, 56.56636846216566)
((6, 5, 35, 4, 1, 5, 13, 3), 2, 56.58810717116254)
((6, -1, 33, -7, -1, 9, 21, 8), 2, 56.60768261462057)
((-5, -33, -7, 4, 3, -3, -28, -8), 2, 56.626552744564755)
((0, 19, 34, 0, 2, 1, -2, -2), 2, 56.644953045620156)
((6, -14, -109, -8, -3, -6, -17, -6), 2, 56.664632832144505)
((6, -7, 3, -2, 0, 1, -4, 0), 2, 56.68558697251159)
((-13, 6, -1, 4, 3, 10, 0, 2), 2, 56.709983293705776)
((-7, -36, -30, -11, -5, -2, -6, -9), 2, 56.729459525723705)
((-6, -9, -7, 2, 1, -2, -17, 2), 2, 56.74934400711585)
((2, 13, 36, 9, -4, -4, 9, -1), 2, 56.769615641196694)
((9, -1, 98, -12, -6, 3, 19, 5), 2, 56.78950696475713)
((11, 5, -20, 10, 4, 0, 2, 1), 2, 56.811637958068914)
((-9, -9, -36, -3, 0, 2, -4, 2), 2, 56.83249744844141)
((-6, 11, -10, 0, -1, -1, -7, -5), 2, 56.85130200760621)
((-10, 21, 16, -3, -5, -23, -27, -8), 2, 56.870074066471666)
((-4, 4, -14, -1, 2, 0, 3, -1), 2, 56.88932849820108)
((17, -11, -33, 1, 0, 0, 3, 4), 2, 56.91229138513995)
((-11, 26, 33, 1, -2, -4, 3, -3), 2, 56.932607493314634)
((3, 0, -22, -3, -3, -2, 1, 3), 2, 56.95235513134112)
((7, -68, -114, -12, -2, 3, 15, 1), 2, 56.97092420588084)
((7, -68, -114, -12, -2, 3, 15, 1), 2, 56.987869405814706)
((-1, 3, -53, 1, 2, 7, 28, 5), 2, 57.00769972004128)
((-2, -7, 34, 8, 2, -2, 0, -6), 2, 57.02779858937297)
((-1, -5, -4, -1, -1, -5, -14, -3), 2, 57.04669779853236)
((-15, 6, 23, -4, -6, -13, -47, -9), 2, 57.06488086074477)
((9, -25, 44, 1, -1, 5, 30, 9), 2, 57.08287918441354)
((-11, 15, -16, -7, -2, -5, -13, -8), 2, 57.10325858264484)
((-11, 15, -16, -7, -2, -5, -13, -8), 2, 57.12013136963104)
((-11, 15, -16, -7, -2, -5, -13, -8), 2, 57.13847180171396)
((-9, -4, 19, -1, 0, 4, 6, -1), 2, 57.164255372527556)
((2, -11, 6, 5, 2, 8, 29, -2), 2, 57.184873106287384)
((-1, 3, -35, -4, 1, 7, 14, 6), 2, 57.20359726997486)
((-18, 18, 48, 3, 3, 2, -1, -1), 2, 57.2241671085567)
((-6, -24, -51, -7, -3, -1, -14, -2), 2, 57.24459041070115)
((-6, -7, -61, -7, 1, 5, 3, 3), 2, 57.26491792248964)
((-5, 12, 16, 2, 0, 5, 0, 0), 2, 57.28674614985489)
((-3, -17, 14, -7, -3, -1, -1, 1), 2, 57.30590593158972)
((-5, 22, 51, -7, -6, -5, -5, -1), 2, 57.32533997023657)
((0, 6, -27, -4, 1, -5, 1, 1), 2, 57.345645815158825)
((0, 6, -27, -4, 1, -5, 1, 1), 2, 57.363006676815885)
((-1, -5, 11, 2, -2, -11, -20, -7), 2, 57.38386787773045)
((6, -1, -41, -5, -3, -13, -30, -2), 2, 57.40275511309534)
((-12, -28, -56, -13, -7, -5, 10, -1), 2, 57.42333464474892)
((3, 5, 23, 7, 4, 1, -1, -1), 2, 57.44237411835811)
((-6, 8, 21, 4, 4, 21, 21, -1), 2, 57.462285968423394)
((-2, 2, 13, 3, 1, -5, -62, -5), 2, 57.48099986885844)
((0, -1, -3, 6, 4, 4, 17, 3), 2, 57.498793497659406)
((-3, 16, -12, -4, -2, 1, 5, -1), 2, 57.518792585370306)
((4, 2, -9, 6, 5, 5, 2, 1), 2, 57.53918053631196)
((-5, -12, -48, -12, -6, -10, -13, -7), 2, 57.559717304413766)
((0, 1, 8, 3, 1, -7, -25, -1), 2, 57.580709076706405)
((-13, 10, 31, -2, -2, 9, 17, 5), 2, 57.599791313867364)
((4, 17, 34, 7, 0, -2, 3, 1), 2, 57.618330168830504)
((4, 16, 2, 0, 1, -13, -14, 1), 2, 57.63792898969683)
((6, 26, 18, 2, 1, 0, 3, 0), 2, 57.65943563515278)
((-3, 7, 5, -2, 1, 8, 18, -1), 2, 57.68521635506292)
((-9, 5, -41, -1, 2, -3, -2, -2), 2, 57.707012652309515)
((1, 18, -5, 8, 2, -6, -4, -2), 2, 57.72790578334274)
((6, -9, -20, -5, -5, -5, -22, 1), 2, 57.747371181927555)
((-2, -4, 5, -10, -4, -6, -6, -3), 2, 57.76641521698226)
((10, 3, -10, 1, -3, -7, -3, 0), 2, 57.786162855008754)
((11, 14, -3, -1, -1, -2, -7, -2), 2, 57.80625374181078)
((-2, 8, 22, -3, 0, -6, -6, -1), 2, 57.82618326747746)
((-2, -10, -22, -7, -3, 3, -18, -5), 2, 57.84535046156127)
((-4, 0, -8, 1, 1, -2, -15, -8), 2, 57.86466020081764)
((0, -5, -2, -7, -3, -1, -1, 1), 2, 57.88382796508213)
((-6, 4, 35, -4, 0, 5, 13, 2), 2, 57.90134334570625)
((1, 5, 45, 2, 0, 3, 13, 4), 2, 57.924920887429224)
((-21, 6, -12, 9, 2, 3, 16, 1), 2, 57.94427453059875)
((6, 9, 14, 6, 1, -1, 10, 4), 2, 57.9630642650656)
((3, -8, 4, -2, -3, -4, -16, 0), 2, 57.982558172684925)
((13, -9, -8, 1, 1, 21, 32, 9), 2, 58.00354082208652)
((14, -3, -41, 4, 4, 3, 4, 1), 2, 58.02513470518807)
((4, -7, -4, -6, -6, -7, -10, -3), 2, 58.04504598507267)
((-6, 1, 12, -4, -3, 4, 8, 1), 2, 58.06389615869269)
((0, 20, 44, 9, 3, 8, -2, 0), 2, 58.08334046059196)
((0, 0, 21, -2, -1, -1, -26, -2), 2, 58.10199962368075)
((0, -22, -13, -13, -4, 0, 3, 3), 2, 58.12169423490304)
((-2, 8, 16, -2, -4, 6, 4, 1), 2, 58.1416191991242)
((21, 9, 30, 12, 4, 0, -4, 4), 2, 58.15985357759874)
((-3, -11, -32, 2, -2, -10, -7, -5), 2, 58.178487652737154)
((-3, -1, 13, -2, -2, -1, 5, -3), 2, 58.19864525067994)
((1, 3, -15, 0, 3, 16, 57, 9), 2, 58.21626554455107)
((-3, -10, 19, -4, -4, -4, 4, 4), 2, 58.234706898616174)
((-5, 29, 31, -1, 5, 6, 7, -1), 2, 58.25287855721478)
((10, 34, 20, 11, 1, 1, 1, 2), 2, 58.27162552812987)
((-7, -1, -5, -5, -4, -6, -12, -3), 2, 58.290229953872384)
((4, 6, -1, 5, -2, 0, -9, -3), 2, 58.31128444604095)
((-2, -21, -7, 10, 0, -8, 0, 3), 2, 58.33120541899728)
((-2, -6, 34, 8, 4, 5, 26, -2), 2, 58.35089432841267)
((0, 2, -43, 8, 3, 3, -5, 6), 2, 58.36989502973492)
((2, -8, -12, -9, -3, 9, 0, 2), 2, 58.391872074260334)
((-10, 16, -69, -3, -4, -25, -58, -8), 2, 58.413019505881415)
((-1, -37, 20, 1, -1, -3, 10, -7), 2, 58.43245240416688)
((15, 10, 11, 2, 2, -10, -9, -1), 2, 58.45229070092312)
((-9, 21, 41, 3, 3, 12, 14, 3), 2, 58.47431393008444)
((1, 9, -6, 0, 2, 7, 14, 0), 2, 58.494451001522386)
((4, 10, 12, 5, 4, 3, 7, 7), 2, 58.51515939401196)
((15, -10, 19, -9, -5, -2, 3, -4), 2, 58.53409908600035)
((-1, 9, -35, -9, -3, -5, -11, 0), 2, 58.55406966467674)
((-1, -16, -9, 0, 2, -1, -15, 0), 2, 58.57388857528951)
((3, 3, -13, -6, -3, 2, 24, 2), 2, 58.593816960594815)
((-7, 10, 8, -4, -5, -1, -5, 1), 2, 58.6130611290718)
((-8, 2, -14, -10, -1, -7, -29, -16), 2, 58.632479772840014)
((4, 15, 66, 8, 1, 4, -2, -9), 2, 58.652844346373364)
((-3, -21, 5, 1, -3, 2, 14, 3), 2, 58.672349657606496)
((0, -42, -114, 2, -2, -9, -24, 0), 2, 58.701284046914466)
((2, 14, 4, 3, -3, 4, 20, 4), 2, 58.72560966570306)
((2, -31, -50, 7, 0, 1, -2, 5), 2, 58.74556941094633)
((-8, 11, 58, 2, 2, 3, -5, 2), 2, 58.76486204478199)
((-5, -19, -35, -2, -3, -2, 9, -1), 2, 58.783538883472175)
((-10, -15, 34, -3, -4, -14, -26, -19), 2, 58.80310463385847)
((-3, 15, 1, 8, 6, 5, -6, 1), 2, 58.82450522570603)
((-1, 9, 37, 11, 1, -3, -8, -2), 2, 58.86410712554809)
((10, -26, 25, -4, -2, -1, 1, 9), 2, 58.883115809399996)
((-1, 1, 13, 1, -4, -15, -43, -11), 2, 58.902577216719976)
((3, 11, 13, 1, 1, 0, 1, 0), 2, 58.92323714385088)
((1, -2, -9, -8, -5, -12, -17, -7), 2, 58.94470273629713)
((-1, 10, 27, 1, -1, -7, -5, 0), 2, 58.96556792847653)
((-5, 0, 25, 20, 3, -6, -15, -10), 2, 58.983748709966186)
((4, -33, -65, -11, -1, 6, 2, -6), 2, 59.002533312806825)
((17, -17, 27, 7, 4, 6, 18, 6), 2, 59.02024027414288)
((-4, 19, -3, -1, -2, 2, 5, 2), 2, 59.04026501998484)
((3, -9, 53, 14, 7, 7, 22, 4), 2, 59.058742865614114)
((-7, -6, -3, -20, -11, -3, -5, -5), 2, 59.078114754565725)
((15, 10, -3, -5, -2, 5, 10, 3), 2, 59.098253536545734)
((8, -60, -53, -1, 0, 0, 3, 6), 2, 59.11821271160831)
((-8, 31, 26, 7, 1, -7, 0, -2), 2, 59.13947246882537)
((-2, 6, -29, 1, 3, 1, -11, 1), 2, 59.159557083639804)
((2, -6, 22, -1, 3, -7, -24, 8), 2, 59.1805750842442)
((6, 23, 22, -1, -3, 0, 5, 0), 2, 59.199223413899865)
((0, 4, 9, 5, 4, 0, 7, 8), 2, 59.22292639537469)
((5, -11, -63, -9, -1, -19, -8, 1), 2, 59.24536870734336)
((-24, 60, 75, 11, 3, -4, -12, -11), 2, 59.264135064401906)
((-12, -19, -22, -3, -3, -19, -34, -13), 2, 59.28230501245845)
((34, 18, 63, 12, -1, 0, 0, 5), 2, 59.302804718815395)
((15, 23, 29, 8, 2, 5, 13, 2), 2, 59.32320977517775)
((4, 25, -3, -2, 1, 8, 8, 0), 2, 59.342952851758724)
((29, -41, -33, 1, 1, 0, 8, 4), 2, 59.36835953313605)
((13, 40, 3, 8, 6, 2, -13, 1), 2, 59.387207996214)
((-5, 5, 23, -4, -6, -5, -7, -2), 2, 59.4060302309802)
((-16, 6, 12, 5, -4, 2, 4, 2), 2, 59.422051168015145)
((-10, -25, -31, -19, -9, -6, 2, 5), 2, 59.439039701681466)
((2, 34, -35, 1, -2, 0, -1, -3), 2, 59.45758767953564)
((16, 3, 7, -7, -2, 0, -5, -32), 2, 59.47781255879988)
((-14, -9, 1, -2, -1, 3, 6, 1), 2, 59.49903867535622)
((-21, -46, -83, -21, -8, -9, -5, -12), 2, 59.51902521909193)
((7, 21, -15, -6, -3, 0, 3, 9), 2, 59.540721734717735)
((-21, -42, -74, -2, -3, 5, -12, -40), 2, 59.55952743424391)
((18, 7, -42, -1, 1, 6, 7, 14), 3, 59.60553531414105)
((-16, 2, 16, -10, -5, -2, 15, 22), 3, 59.62970869468535)
((21, 20, 23, 0, 0, -5, 5, 20), 3, 59.65498822576875)
((0, 18, 6, 4, 4, 17, 23, 29), 3, 59.68291852688117)
((5, 22, 41, 15, 2, 1, 1, 13), 3, 59.86902094273675)
((0, 6, 31, 8, 3, 1, -3, -4), 3, 59.88944538524258)
((-26, -15, 11, -10, -5, -3, -3, -9), 3, 68.63353859838183)
((-3, -9, -36, -9, -2, -3, -4, -7), 3, 68.65367566981976)
((9, 24, 31, -3, -1, -1, 6, 6), 3, 68.67687746246786)
((9, -18, -43, -8, -5, -4, -5, -3), 3, 68.70190725440892)
((15, 11, 6, -1, 3, 4, 11, 3), 3, 68.72449268173084)
((-6, -6, 38, 5, 0, 3, 9, 4), 3, 68.74489602755114)
((12, 17, -38, 1, -2, -7, -9, 0), 3, 68.76506959055325)
((-23, -40, 21, -5, -2, -1, -1, -1), 3, 68.78335186420577)
((-1, 17, 1, 15, 4, 1, 3, 3), 3, 68.8017915077288)
((24, -25, -18, -4, -3, 4, 1, 5), 3, 68.82080019158072)
((2, 7, -12, -1, 0, 2, 2, -2), 3, 68.84010650975294)
((-3, -21, -2, -11, -3, -6, -8, 1), 3, 68.85892988488052)
((-19, 36, -1, -2, 1, -2, 3, -4), 3, 68.87815295667197)
((-1, -6, -10, -9, -4, -5, -5, -2), 3, 68.89875472537247)
((-4, 9, 21, -8, -6, -3, -5, -4), 3, 68.9190622808368)
((15, -5, -23, 2, 3, -6, -9, -2), 3, 68.93833723907106)
((-2, 25, 16, -3, -5, -4, -16, -3), 3, 68.95833461623988)
((2, 1, -12, -4, 0, 1, 1, -8), 3, 68.97772760187704)
((-5, -3, -8, 6, 2, 3, 4, 2), 3, 68.99743874833935)
((4, -18, 7, 3, 2, 2, 5, 12), 3, 69.01702160414635)
((2, 5, 15, 8, 5, 1, 0, -3), 3, 69.03740670418456)
((-1, 2, 71, -1, -2, -11, -16, -4), 3, 69.05889852494255)
((-3, 25, -47, 5, 5, 4, 8, -1), 3, 69.07990512193314)
((11, 14, 8, 3, 1, 3, 3, 0), 3, 69.09935740636207)
((-6, -8, 34, -2, -6, -9, -8, -9), 3, 69.11966667236847)
((-2, -12, -56, -6, -3, 1, 1, 2), 3, 69.13976497151947)
((3, -28, -47, -4, -1, 3, 0, -1), 3, 69.15986441103186)
((13, 3, -43, -7, 1, 0, 2, 2), 3, 69.18027288847836)
((-13, 58, 19, 0, -3, -6, -14, -4), 3, 69.19931692353306)
((-1, 0, -1, 7, 2, -1, 6, 3), 3, 69.21836038840709)
((-4, -15, -17, 0, -1, -3, -4, -4), 3, 69.23787368216988)
((4, -13, 7, -3, -1, 2, 4, 1), 3, 69.25749873134797)
((-4, 8, 63, 5, -3, 0, 2, 0), 3, 69.27720075491924)
((12, 6, 0, 3, 3, 3, 6, 3), 3, 69.29681326012214)
((-11, -3, 51, 2, -2, 1, -5, -2), 3, 69.31516224491541)
((-4, -4, -18, -3, 3, 6, 9, 4), 3, 69.33537743110791)
((-8, -18, -27, 3, -1, -3, 2, -2), 3, 69.35804781535269)
((7, 9, 19, -4, -5, -2, -3, 0), 3, 69.38075469116163)
((-18, 26, 3, -8, -5, -1, -4, -6), 3, 69.4036126648535)
((-3, -4, 14, -5, -4, -1, 0, -4), 3, 69.42618782892299)
((-1, -5, -9, 4, 6, 1, -4, 3), 3, 69.44833022584857)
((-7, -26, -11, -6, -4, -1, 0, -2), 3, 69.47062657156053)
((-1, -2, -11, 6, 4, 7, -3, -2), 3, 69.49529372858258)
((-2, 0, -21, 3, 6, 12, 3, -3), 3, 69.51891688476078)
((5, 6, 12, 6, 4, 5, 3, 7), 3, 69.8628065433936)
((-5, -8, -27, -8, -4, -2, -1, -4), 3, 69.8839117816436)
((-1, -8, -9, 1, 4, 6, 2, 5), 3, 69.90953570186392)
((1, 11, 2, 0, -3, -6, -5, -3), 3, 69.93336241254853)
((-4, -6, 10, -5, 0, 3, 2, 3), 3, 69.95558919621628)
((-10, -16, -18, -20, -14, -12, -11, -16), 3, 69.977565670561)
((9, 56, 54, 4, -10, -21, -4, 1), 3, 69.99936538889175)
((1, 2, 12, 0, -3, -2, -1, -1), 3, 70.02174555116517)
((-7, -18, 0, -5, -7, -5, -5, -1), 3, 70.04414623994344)
((-19, -39, -40, -16, -7, -5, -6, -8), 3, 70.06646254197955)
((-3, -25, -74, -6, 1, 4, 3, 1), 3, 70.08966946625385)
((-2, -16, -28, -5, -2, -2, -4, 9), 3, 70.11279143360531)
((-4, -10, 1, -1, -4, -6, -2, -4), 3, 70.13756749513921)
((5, -2, 24, 2, 10, 15, 3, 4), 3, 70.1591533957111)
((-4, -23, -33, 0, 3, 1, 1, -3), 3, 70.1809548245839)
((4, 21, 46, 4, -2, -7, -3, -2), 3, 70.20196256193587)
((4, 6, -17, 1, 2, 6, 5, 18), 3, 70.22400574742136)
((-1, 4, 21, -1, -6, -7, -5, -6), 3, 70.2453721284275)
((1, 0, -10, 3, -1, -1, 0, 0), 3, 70.266038327546)
((9, 45, 21, 4, -5, -13, -1, 5), 3, 70.28999104816316)
((-1, -2, 2, -3, -4, -8, -1, 3), 3, 70.3133485001397)
((-2, -20, -10, 1, 8, 7, 1, 4), 3, 70.33477246939555)
((-4, -7, 1, 8, 10, 11, 2, -6), 3, 70.3594926532218)
((-4, -2, -1, 0, -5, -9, -6, -14), 3, 70.38144860106168)
((-2, -1, -4, -5, -3, 0, -4, 1), 3, 70.40456429642553)
((12, 16, 4, 5, 3, 4, 3, 12), 3, 70.42342644384006)
((-6, -26, -2, -4, 2, 4, -1, 1), 3, 70.44444558480582)
((-4, -20, -53, -7, 0, 1, -3, -7), 3, 70.46633995313115)
((0, 3, -19, 0, 3, 2, 2, 3), 3, 70.4891289349595)
((-10, -22, -33, -14, -9, -9, -2, -4), 3, 70.50996504792369)
((-6, -17, -14, -6, 2, 10, 3, 7), 3, 70.53281161800174)
((5, 24, -5, 0, -5, -1, 5, 6), 3, 70.55741947623201)
((-1, -5, -17, 3, 3, 4, 0, 0), 3, 70.57889020030447)
((7, 21, 38, 8, 4, 6, 3, 1), 3, 70.59898792927478)
((13, 24, 16, 12, 2, -4, -3, 3), 3, 70.62188239453083)
((2, 12, 12, 4, 3, 4, 6, 3), 3, 70.64321855596039)
((-3, -7, -11, 1, 3, 5, 0, -6), 3, 70.6646562095528)
((-4, -9, 7, 6, -1, -2, -4, -3), 3, 70.68882160756743)
((7, 11, 4, -12, -14, 0, 6, 14), 3, 70.71699936709943)
((-5, 13, 12, -17, -16, -10, -2, -3), 3, 70.74125371330175)
((-6, 8, 10, 2, 0, 1, -1, -8), 3, 70.76375019243598)
((0, 9, -4, -16, -7, -1, 8, 1), 3, 70.7841934509046)
((-26, 26, -72, -13, -4, 1, -4, -4), 3, 70.92163436593056)
((35, -19, 83, -12, -8, -5, -5, 0), 3, 70.94370263936642)
((14, -29, 10, 5, 0, 0, 8, 7), 3, 70.96476226316119)
((2, 2, 2, 11, 7, -1, -3, -13), 3, 70.98685163328258)
((51, -34, 20, 2, 2, 5, 2, 10), 3, 72.02332609203857)
((-3, -10, 16, -1, -3, -3, -1, -4), 3, 72.0450442745306)
((-7, -40, -9, -7, -5, -3, -8, -7), 3, 72.06610161760261)
((8, 29, 12, 7, 2, 1, 0, -2), 3, 72.0881328292936)
((11, 4, 13, 5, 2, -3, 0, -1), 3, 72.11056487800984)
((-16, -23, -29, -7, -4, -2, -4, -8), 3, 72.13347815922866)
((-20, 32, 7, -3, -2, -5, 4, -1), 3, 72.15899374511783)
((-1, 22, 1, 3, 1, -2, 1, -4), 3, 73.0957031183182)
((26, -6, 4, 0, 0, 3, -3, 1), 3, 73.11406008564114)
((0, 27, -34, -3, 1, -3, -3, 0), 3, 73.13392803179327)
((-2, -2, 39, -2, -3, -18, -17, -4), 3, 73.15271548553737)
((1, -16, 9, 5, 0, 9, 11, 0), 3, 73.17241009675966)
((-1, -14, -36, 0, 1, 3, 8, -1), 3, 73.19246449199751)
((8, -5, -33, 0, 1, 1, -3, -1), 3, 73.2122064282171)
((-1, -5, -15, -5, -4, 1, -3, -3), 3, 73.23281332854381)
((5, 11, -21, 3, 3, 6, 2, 4), 3, 73.25139152597458)
((-10, -20, -30, -8, -1, -1, -3, -8), 3, 73.27121727875564)
((-1, -1, 3, -9, -8, -6, -6, 1), 3, 73.29028069995381)
((-4, 4, 20, 6, 3, 1, 2, 8), 3, 73.31050215813391)
((-29, -36, 14, 5, -1, -3, -3, -6), 3, 73.33136278886779)
((-13, 4, 2, -1, -2, -3, 1, -2), 3, 73.35151069373885)
((31, -5, -12, 12, 2, 2, 1, 5), 3, 73.37256974735294)
((0, 19, -10, -11, -2, 1, -5, -4), 3, 73.39200093509633)
((9, 44, 2, -3, -4, 0, 0, -3), 3, 73.41201484750518)
((19, 7, -26, -5, 1, -4, -3, -5), 3, 73.43217358580934)
((-8, -35, 39, 4, -2, -1, -1, 1), 3, 73.45283465330164)
((-4, 15, 48, 2, 0, -3, -3, -5), 3, 73.47271571360965)
((3, 11, -15, 1, 1, 1, 2, 3), 3, 73.49177970498852)
((-13, -53, -23, -1, -3, -4, -4, -4), 3, 73.51058369397262)
((-7, -12, -24, -7, -2, -2, -2, 1), 3, 73.52926395374695)
((2, -11, 21, 0, 0, 1, 7, 3), 3, 73.549218567364)
((-2, -5, -35, -6, -1, 3, -1, -1), 3, 73.56840856867541)
((-6, 17, 25, -4, -2, -2, 1, 5), 3, 73.58781580882982)
((-13, -24, -27, 3, 2, -1, -1, -2), 3, 73.60703032791092)
((1, 1, -35, -2, -3, -1, -7, -7), 3, 73.62652138462678)
((12, 15, -44, 7, 5, 2, 4, 5), 3, 73.6460221344144)
((6, -3, -40, -1, 0, 2, 1, 3), 3, 73.6638197544802)
((-8, -20, -3, -1, 2, 0, -4, -3), 3, 73.68829818169378)
((-1, -10, 33, 7, -2, -3, 4, -4), 3, 73.7122948062241)
((-6, -60, 22, 1, -1, -2, -2, 0), 3, 73.73381912728144)
((-13, 51, 3, 2, 1, -1, -3, -1), 3, 73.7539014613731)
((6, 14, 2, -1, -1, -1, 0, -1), 3, 73.7750009978162)
((7, 1, -33, -9, -1, 1, 2, 0), 3, 73.79528346533016)
((-7, 30, 16, 5, 2, 1, -2, 1), 3, 73.81584475120165)
((-35, -54, -16, -3, -2, -1, -4, -5), 3, 73.8367606894625)
((6, -8, 66, 4, 1, -2, 0, -1), 3, 73.8577074174806)
((19, 29, -4, -2, -3, -2, -1, 0), 3, 73.87606039353871)
((11, -20, -45, -6, -3, -4, 2, 5), 3, 73.89647571315349)
((14, -26, 13, -4, -4, -1, 1, 1), 3, 73.919501890149)
((-42, -48, -12, -1, 1, -2, -8, -8), 3, 73.94038532811048)
((9, -20, 9, -2, 0, -2, 3, 0), 3, 73.95822571172805)
((0, -4, -24, 2, 0, 1, -4, -5), 3, 73.97777150579019)
((-3, 3, -51, -2, 1, -2, -3, -10), 3, 73.99593746258189)
((-2, 17, 26, 4, 0, 1, 4, 2), 3, 74.01510009522018)
((17, 11, 24, 8, 2, 4, 4, 7), 3, 74.0344879492311)
((2, 33, 70, 8, -2, -3, -3, 2), 3, 74.05327483279451)
((1, 18, 12, 1, -3, -3, -2, -2), 3, 74.07283602173528)
((-6, -3, -9, -4, -1, 1, 0, 0), 3, 74.09161549294971)
((-15, -31, -56, -21, -8, -4, -8, -5), 3, 74.11107747045038)
((-7, -31, 7, 0, 0, -5, -4, 0), 3, 74.13114098857928)
((4, 15, -4, 8, 0, -1, 1, -2), 3, 74.15186363558611)
((2, 15, -32, -1, -1, -3, -6, 1), 3, 74.17196193473711)
((1, 5, 6, 5, 2, 4, 3, 0), 3, 74.19134750802529)
((10, -6, 48, 4, 1, 2, 0, 3), 3, 74.21134944663964)
((-1, 25, 34, 7, 4, -2, -5, 3), 3, 74.23210459394582)
((-13, -3, -45, -9, -7, -1, -4, -6), 3, 75.26887383611867)
((-3, 11, -6, -11, -2, -1, -3, -3), 3, 75.28904967984354)
((-3, 11, -6, -11, -2, -1, -3, -3), 3, 75.3058660189414)
((-7, -6, 19, -7, -2, -1, -5, -3), 3, 75.32739547162495)
((12, -3, 2, 4, -2, -3, -3, -1), 3, 75.34859535986955)
((0, -4, 24, 0, -2, 8, 3, 0), 3, 75.3676718952236)
((-37, -8, 33, -2, -3, -11, -13, -6), 3, 75.38591083514366)
((14, 1, 4, 4, 0, 1, 4, 4), 3, 75.40524794307316)
((2, -2, 14, 8, -1, 5, 2, -1), 3, 75.4252624256627)
((-1, -8, -45, 1, -6, -5, -1, 7), 3, 75.44586875580872)
((-1, 1, 26, -6, 0, 3, -1, -5), 3, 75.46854883312521)
((8, -39, -62, -1, 2, 2, 0, 2), 3, 75.48843844614359)
((-10, 6, 7, -3, 0, 3, 3, 2), 3, 75.50574685117714)
((4, -3, 36, 9, 4, -1, -2, -1), 3, 75.52532799644207)
((-24, -23, 1, -12, -8, -4, -6, -4), 3, 75.54409492368131)
((3, -3, -1, 0, 0, -1, -7, -2), 3, 75.5611553001146)
((-18, 38, 10, 9, 5, 2, 4, 1), 3, 75.63210744484927)
((8, -19, -42, -14, -6, -5, 0, -2), 3, 75.65066910704002)
((16, -12, 28, 2, 0, -3, -3, -1), 3, 75.67059065017705)
((-9, 13, 28, 0, 0, 3, 1, 0), 3, 75.68925323434996)
((-6, -7, -1, 1, -4, -3, -3, -3), 3, 75.71802113089637)
((-5, -5, -35, -3, -3, 3, -3, -1), 3, 75.73922615076718)
((2, -15, 34, -3, -1, -3, -5, -5), 3, 75.75934497642302)
((3, 12, 33, -1, -2, -1, 4, 2), 3, 75.78025977432249)
((13, -26, -22, 0, 2, 1, -1, 4), 3, 75.80089803458716)
((-5, 24, -30, 3, 5, 1, 1, 2), 3, 75.82199072886198)
((-9, -7, -47, -1, -2, -1, 2, 8), 3, 75.84008313234465)
((0, 14, 57, 6, -2, 2, 0, -3), 3, 75.86040380196484)
((-22, 16, 24, 0, -1, -1, -2, -1), 3, 75.88202448355884)
((3, 31, 21, 9, 3, 3, -1, 1), 3, 75.90251620738611)
((0, 2, 11, -7, -4, -2, 4, 5), 3, 75.92142853070138)
((1, -1, -31, -5, -1, -2, -1, 2), 3, 75.94148235575854)
((-3, -13, 12, -1, -2, -4, -8, -3), 3, 75.96152591756328)
((-5, 5, 2, 3, 0, 0, 5, 2), 3, 75.98143434654442)
((-1, -2, 0, -4, -1, 0, 3, 0), 3, 76.00115290535571)
((10, 2, -2, -2, -2, 1, -3, -3), 3, 76.01937873111989)
((-10, 6, -5, 8, 8, 1, 1, -2), 3, 76.03837373063524)
((5, -18, -13, -1, -2, -3, 1, -2), 3, 76.05712982444136)
((-4, -21, -10, -9, -5, -2, -7, -7), 3, 76.0758614004778)
((17, -7, 0, 6, 2, 1, -4, -1), 3, 76.09574132042444)
((3, 15, -26, 1, 1, 2, 0, -1), 3, 76.1157837418678)
((-40, 13, 19, -6, -4, 0, 1, -3), 3, 76.13545611604317)
((-16, -18, 2, 2, 3, -4, 1, -2), 3, 76.15452580922894)
((3, 17, 15, -8, -4, -3, 0, -5), 3, 76.1735322123581)
((5, -59, -20, -15, -7, -5, -2, -3), 3, 76.19177229263954)
((2, 5, 12, 5, 1, -1, -8, -4), 3, 76.21472719704875)
((9, 17, 15, 1, -2, -1, 0, 0), 3, 76.23564028440613)
((6, 16, 24, 2, 2, -1, 2, 3), 3, 76.25506234925848)
((3, -9, -4, 2, 0, 1, 0, 2), 3, 76.27535165894072)
((-1, 1, -4, 1, -1, 2, 1, 2), 3, 76.29580575084245)
((6, 9, -14, 0, 1, 0, 0, 1), 3, 76.31588409366928)
((-12, 0, -19, -5, 0, 2, 0, -1), 3, 76.33690494517712)
((-9, 9, 5, 2, 1, 3, 2, 1), 3, 76.35629507991082)
((26, -21, 6, 4, 2, -1, 2, 4), 3, 76.37583574234675)
((8, 3, 17, 2, 1, 0, -2, 1), 3, 76.39633430834232)
((-9, -3, 12, -2, -4, -3, 1, -3), 3, 76.41632313280078)
((-17, -6, -22, -1, 5, 4, -2, -2), 3, 76.43728183461339)
((6, -24, -25, 5, 2, -1, -4, -3), 3, 76.45565932844119)
((-31, 38, -16, -11, -9, -9, -14, -16), 3, 76.47554780109817)
((38, 15, 7, 8, 0, 0, 1, 2), 3, 76.49422635033042)
((10, -8, 1, 1, -1, 1, 3, 2), 3, 76.51159462433645)
((-3, -7, 2, 3, 1, -2, 3, 1), 3, 76.52975944076678)
((-6, 4, -15, 1, 1, 2, 5, 4), 3, 76.54619261844078)
((-4, 8, 12, -2, -3, -2, -2, 0), 3, 76.56628692632695)
((5, 8, 19, 16, 3, 0, 5, 3), 3, 76.58446713763591)
((-4, -1, 18, -8, -7, -5, -4, -3), 3, 76.60385670218892)
((-8, 0, -9, -11, -7, 0, 4, 1), 3, 76.62529834704618)
((-5, 0, 5, 0, -1, -3, 1, -4), 3, 76.64640073439273)
((-1, 0, -8, -5, -5, -3, -2, 0), 3, 76.66572643870843)
((-4, 7, 7, 4, 2, -5, -5, -6), 3, 76.69045631560641)
((0, -2, 4, -3, -2, -5, 0, -1), 3, 76.71239629838696)
((6, 3, -1, -1, 3, 2, 1, 4), 3, 76.73062326451253)
((3, 2, -1, 2, 0, 0, 2, 2), 3, 76.74998146912756)
((2, -1, 7, 7, 1, 2, 3, 1), 3, 76.77071323902544)
((-3, -20, -12, 1, 1, 2, -4, -2), 3, 76.78764874588757)
((0, 0, -5, -2, 0, 4, 5, 1), 3, 76.8070194944778)
((-10, -2, -9, -4, -5, -4, 7, 4), 3, 76.82527496963787)
((-7, -3, -12, -5, -5, -6, -17, -14), 3, 76.84417988060416)
((9, 1, 2, 0, 0, -1, -2, 0), 1, 76.94333430264051)
((12, -6, -23, -6, -1, 0, 2, 2), 1, 76.96294623766272)
((8, 4, 2, -2, 1, -2, -6, 3), 1, 76.98348186540315)
((10, -1, -3, -2, -1, 2, 0, -2), 1, 77.00250879503714)
((-24, -11, 3, -1, -3, -1, 4, 0), 1, 77.02429996065753)
((2, -9, -13, -2, -2, 0, -1, -1), 1, 77.04812838188423)
((6, 3, 3, 1, 3, 5, 2, 0), 1, 77.06746377927165)
((-9, -2, -3, -4, -3, 7, 2, -4), 1, 77.41726792220454)
((-7, -3, 1, -2, -5, -23, -13, -2), 1, 77.43389382095187)
((4, 3, -3, -3, -1, -9, -2, 2), 1, 77.45370132795082)
((5, -3, -4, 4, -1, -6, -2, 1), 1, 77.49288585552762)
((-1, -1, -1, -5, -2, 2, 0, -1), 1, 77.51164480023719)
((-6, 3, -6, -5, -2, -2, 1, -4), 3, 77.69448635272518)
((8, -1, 1, 0, -1, 0, -5, -2), 3, 77.71574496958085)
((9, 6, 1, -1, 0, 2, 3, 6), 3, 77.73453755495116)
((-2, -4, -2, 2, -1, -1, 0, 9), 3, 77.75571007452261)
((-3, -3, -4, -4, -2, -3, -9, -4), 3, 77.77528266707719)
((-27, 7, -2, -3, -5, -1, -2, 2), 3, 77.79536272044611)
((1, 4, 3, 1, 1, 1, -1, -8), 3, 77.81668120627427)
((-3, 3, -4, -2, 1, 2, 1, 3), 3, 77.8362743253337)
((9, 7, 3, 0, 0, 0, 3, 3), 3, 77.85565305645359)
((5, -1, -4, 0, 0, 2, 13, -3), 3, 77.8793685819036)
((-4, -5, -5, 0, 0, -1, -2, -1), 3, 77.8999475433765)
((-6, -4, -3, -8, -10, -4, -2, -3), 3, 77.91930118654602)
((4, -6, 0, 6, 14, 2, 1, 1), 3, 77.93930027425691)
((1, -1, -5, -1, -17, -4, 3, 0), 3, 77.95855299544425)
((10, 1, 1, 15, 44, 13, 6, 6), 3, 77.97872883916914)
((-4, -2, 0, -3, -5, 37, 1, -4), 3, 77.99835959015412)
((-4, -3, -10, 10, 31, -9, -5, -2), 3, 78.01781643602858)
((-3, 3, -2, -15, -22, -18, -4, -2), 3, 78.03688099758814)
((-1, -2, -2, 6, -5, -2, -2, -1), 3, 78.05696447204119)
((-3, -1, -3, 1, 0, 3, -2, -3), 3, 78.07620065798852)
((2, -3, -4, 14, 16, 3, 2, 1), 3, 78.09442762411408)
((3, 7, 1, 12, 7, 9, 3, -2), 3, 78.11382403083537)
((6, 5, 0, 12, 5, 0, -6, -5), 3, 78.13290683817702)
((2, -6, 0, 2, -1, 3, -1, -2), 3, 78.15071928294077)
((5, -7, -4, -3, 5, 1, 0, -3), 3, 78.17265299373372)
((-1, -6, 3, 6, 7, -1, 2, 1), 3, 78.19298905823256)
((2, -6, -3, -9, -14, -8, -3, 0), 3, 78.21096799575785)
((-1, 1, -2, -7, -17, -12, -3, 0), 3, 78.2320065228671)
((-3, -2, -4, -2, -2, 0, 4, 1), 3, 78.2501017772532)
((2, -1, 1, -2, -2, 0, -5, 0), 3, 78.26975305474305)
((-3, 4, -1, -3, -1, 2, 1, -5), 3, 78.29482789095864)
((4, -3, -1, -5, -10, -10, -4, 2), 3, 78.3146131609107)
((-6, 2, 2, 5, 8, -9, -2, 1), 3, 78.33240336862752)
((3, -15, 0, 1, 4, 2, 6, 6), 3, 78.3527189066215)
((-2, 4, -2, -3, -2, 0, -5, -2), 3, 78.37112719020658)
((1, 0, 2, 4, 1, -11, -21, 13), 3, 78.38940661295564)
((-7, 1, 0, 3, 1, 18, 18, -9), 3, 78.4115102375943)
((12, 0, -1, 0, -3, 14, -14, 35), 3, 78.43221406863834)
((-6, 0, -1, -4, -3, 0, 18, -9), 3, 78.4504416049446)
((-2, 0, 3, 9, 17, -1, -5, -4), 3, 78.47073034444615)
((9, -1, -3, -8, -5, -5, -3, -14), 3, 78.48958907077653)
((-4, 2, 3, 0, 3, -4, 12, 6), 3, 78.50916166333111)
((-1, -1, -1, -1, -4, -7, -8, -3), 3, 78.52898741611217)
((-5, 2, 1, -2, 1, -2, -8, -6), 3, 78.54678617653934)
((-4, -4, 6, 41, 30, 8, -2, -3), 3, 78.56745864764544)
((1, 0, 0, -30, -25, -9, -1, -5), 3, 78.58655342878158)
((-1, 0, -4, 4, 1, 1, 6, -3), 3, 78.60495487019837)
((0, -3, -4, 1, 0, -2, -3, 0), 3, 78.62394188718405)
((-3, -6, -3, -5, -5, -1, -6, -4), 3, 78.64379044719271)
((0, 1, 1, -8, -2, -6, -1, 0), 3, 78.66403756350387)
((0, 0, -2, 0, 4, 5, 4, 0), 3, 78.68571982461242)
((0, -2, -2, 10, 7, -1, -3, 0), 3, 78.71121830508088)
((0, 2, 0, -4, -2, -8, 0, 11), 3, 78.73090151268937)
((-3, -2, -2, -1, -5, -2, -2, -9), 3, 78.74811526772834)
((-2, -5, -2, 2, 3, 0, -1, -4), 3, 78.76895138069254)
((0, 3, 2, -6, 0, 2, -1, 0), 3, 78.78746457752462)
((-2, -1, -1, -6, -4, -6, 2, -5), 3, 78.80894100340397)
((-5, 1, 0, -2, 2, -3, -2, -1), 3, 78.82967106275979)
((0, -1, 0, 1, -5, -2, -3, 1), 3, 78.84776574696521)
((2, 1, 0, 9, 7, -1, -14, 10), 3, 78.86672653563915)
((-7, -13, -9, -9, -7, -11, -3, -4), 3, 78.8864063221635)
((6, 3, 1, 0, -4, 4, -1, -5), 3, 78.9089107838274)
((8, 1, -1, 3, 4, 0, -9, -3), 3, 78.92873140498224)
((-2, 1, -1, 0, 2, 5, 4, -3), 3, 78.95043362241495)
((-7, -2, 0, -1, -5, -2, -1, -5), 3, 78.96753505185794)
((0, 0, 0, 3, 5, 5, 5, -1), 3, 78.98811344315014)
((-2, 1, 0, -2, -1, 3, 3, 0), 3, 79.0074881830052)
((-2, -1, 0, 4, -1, 5, 11, -2), 3, 79.02644612077567)
((-3, -1, 0, -4, -2, -4, -4, 0), 3, 79.04592577387774)
((-2, -1, 0, -1, -4, -1, 0, 0), 3, 79.0664425856554)
((-4, -2, -1, -2, -1, 2, 1, 3), 3, 79.08445003221522)
((-1, 4, 1, 2, 2, -6, -25, -4), 3, 79.11011899671006)
((1, -4, -4, -3, -2, 1, 2, 1), 3, 79.13005593472572)
((-9, -6, -2, -1, -2, 1, -1, -5), 3, 79.1499501091896)
((4, 1, 0, 0, -1, -5, 2, 1), 3, 79.16930033127498)
((13, 0, 0, 1, 2, 0, -6, -4), 3, 79.19063706288523)
((2, -3, -2, -1, -2, 1, 2, -8), 3, 79.21230164839237)
((-3, 7, -2, 2, 2, 10, 29, 7), 3, 79.23187538130834)
((-2, -1, 0, -2, -1, -2, 3, -1), 3, 79.24967300137413)
((2, -7, -1, 0, -2, -2, -7, 3), 3, 79.26891317858629)
((-5, 1, -3, -2, -4, -9, -8, 0), 3, 79.28734426939897)
((-8, 0, 0, 0, 3, 1, -1, 1), 3, 79.30730230410018)
((9, -1, -1, -2, -2, -10, -10, 13), 3, 79.32606752079734)
((-2, -1, -1, -1, 0, 2, 0, 3), 3, 79.34582542207626)
((2, -2, 1, 0, 2, -3, 2, -14), 3, 79.36549437516749)
((-2, 2, 1, 0, -2, 0, -3, -8), 3, 79.38432117137921)
((1, 9, -1, 1, 0, -3, 3, 7), 3, 79.40327454770417)
((-7, 1, -2, -5, -6, -6, -3, 13), 3, 79.42498474766654)
((5, -1, 0, 1, -1, 4, -1, -1), 3, 79.44457558600321)
((0, 1, 0, 0, -3, 2, 3, 1), 1, 79.52561137624514)
((-2, -4, -2, 1, 2, 3, 1, -1), 1, 79.54598336212746)
((0, 3, -1, -4, -4, 1, -1, -15), 1, 79.56570648238427)
((-2, -4, 1, 1, -1, -10, -3, -2), 1, 79.5854632433018)
((-1, 1, -3, 2, 3, 4, -1, 3), 1, 79.6047188153926)
((-3, 0, 2, 5, 1, -1, -1, -2), 1, 79.62552641932228)
((0, 0, -1, -1, -1, -3, -3, -11), 1, 79.64652161269906)
((-6, -1, -4, -5, -5, -3, -3, -1), 1, 79.66444467251672)
((0, -2, 1, -1, -2, -4, -5, 5), 1, 79.69000473249973)
((1, -2, 0, -1, -1, 5, 0, -4), 1, 79.71038127982757)
((-1, 0, -3, -1, 0, 6, 17, 8), 1, 79.73108568105232)
((-3, -1, 1, -1, 2, 1, 2, -1), 1, 79.7493177788041)
((3, 0, 1, 1, 3, 1, 0, 0), 1, 79.76843137590302)
((-2, -4, 0, 0, 1, 0, -4, -2), 2, 81.28674786039696)
((-1, -1, -2, -2, 1, 3, 1, 2), 2, 81.30536197921121)
((-1, 0, -1, 1, 0, 5, 6, 0), 2, 81.3241323275346)
((-4, -1, 0, 2, 1, 4, 3, 1), 2, 81.44015839619576)
((-2, 2, 2, -2, -4, -4, -6, -7), 2, 81.45793149849187)
((-2, 1, -1, -3, -3, -2, -9, -5), 2, 81.49976451537492)
((0, 0, 1, -1, 0, -3, -6, 2), 2, 81.54184270995478)
((0, 2, 1, 2, 1, 2, -2, -7), 2, 81.56335448703695)
((-4, -3, 0, 2, 3, 1, 1, 0), 2, 81.58231242480743)
((1, 1, 0, 2, 1, -1, 3, -1), 2, 81.60447420787648)
((-7, -2, -1, -1, -3, -2, 2, 0), 2, 81.62576019340528)
((0, 3, 1, -3, -2, -1, 0, 0), 2, 81.64430417999463)
((3, 1, -2, -4, -2, -4, -5, 0), 2, 81.66401418609557)
((0, -1, -2, -3, -5, -3, -6, 3), 2, 81.68911411026154)
((-2, 2, 0, 0, -1, 0, 4, -3), 2, 81.71144124573077)
((3, 0, -2, -1, -1, -3, 2, -3), 2, 81.73050010548343)
((-4, -1, 0, -1, -1, -4, -1, -1), 2, 81.74990164383092)
((3, 2, -1, -1, 0, -2, -2, 2), 2, 81.7704874474721)
((-2, -1, 0, -1, 1, -3, 1, -1), 2, 81.79072201980807)
((-3, 0, 2, 4, 2, 3, -5, -2), 2, 81.80931618229818)
((1, 0, 0, -1, -1, 1, 7, 15), 2, 81.82886881852859)
((-2, -1, 0, -1, -1, -4, 6, -2), 2, 81.84943637638767)
((1, 0, 0, -3, 0, -1, -3, -4), 2, 81.86989388937354)
((-3, -2, 0, -3, 2, 3, 0, -3), 2, 81.88964152740003)
((0, 0, -2, 0, -1, -4, -7, -3), 2, 81.91130098128097)
((-3, -6, -3, 3, 1, 2, -3, -5), 2, 81.93010554044577)
((3, 0, 2, 0, 0, 2, 1, 0), 2, 82.01123027887537)
((-3, -1, -1, -4, -4, -3, -1, -2), 2, 82.02987632780828)
((2, 3, -1, 12, 7, 1, 0, 0), 2, 82.05029677904928)
((-2, -2, 0, -12, -7, -7, -2, 0), 2, 82.07076968691378)
((1, 1, 1, 7, 6, 4, 0, -1), 2, 82.09109377761813)
((0, -4, -1, 0, 0, -5, -10, -2), 2, 82.11132663941203)
((-3, 1, 0, -3, -3, 0, 2, 1), 2, 82.13083480154862)
((-2, 0, 5, 43, 20, 5, 3, 1), 2, 82.15008581219388)
((-2, 0, 1, -32, -50, -14, 5, -4), 2, 82.16943831500203)
((0, -1, 5, -4, -2, -4, -1, -1), 2, 82.18890314340615)
((0, 1, -1, -11, -8, 3, -1, -3), 2, 82.20793748538912)
((-2, -1, -5, -9, -12, -6, -3, 0), 2, 82.22699235387694)
((-2, 1, 6, 13, 12, 8, 2, -2), 2, 82.2460512136296)
((2, -3, -12, -4, 3, -8, 1, 3), 2, 82.2644287074574)
((2, -3, 14, -6, -17, -7, -1, 0), 2, 82.28579394810215)
((2, 4, -53, -4, -7, -2, -1, -1), 2, 82.30481745665202)
((0, 2, 1, -1, -1, -4, 1, -1), 2, 82.32503435338658)
((7, 19, 3, 3, 1, -13, 1, 4), 2, 83.8108419858253)
((13, -8, -11, -5, -4, -7, 0, -7), 2, 84.38633618993859)
((-10, 6, -14, 0, 6, 22, 20, -11), 2, 84.40571149997434)
((-2, 0, -14, -1, 2, -5, -30, -6), 2, 84.42929189260076)
((-2, -7, -19, 5, 5, 10, -8, 4), 2, 84.45553160796656)
((5, 10, 39, 11, 0, -19, 0, -9), 2, 84.4764481164081)
((10, 26, 99, 22, -1, -28, -23, -4), 2, 84.4990637633066)
((-8, 13, -3, 5, 13, 6, 2, -5), 2, 84.52490435218921)
((21, 28, 59, 17, 10, 20, 4, 9), 2, 84.55099411003347)
((-12, 11, -13, -6, 6, 14, -6, -28), 2, 84.57600964745728)
((-1, -3, -46, -9, -8, -8, -1, -5), 2, 84.59754138086359)
((1, -33, -34, -10, -5, -8, 2, 26), 2, 84.62310543211143)
((8, 6, 13, -4, 1, 7, 5, 26), 2, 84.6451315121762)
((-1, -6, 2, 6, 3, -1, 15, -26), 2, 84.66685539647514)
((-25, -43, -25, -25, -6, -8, -27, -72), 2, 84.70464298136079)
((10, 12, 12, 10, 6, 9, 24, 30), 2, 84.73088497744935)
((5, 15, 5, 16, 4, -14, -11, 3), 2, 84.75362606409972)
((56, -18, 5, -1, -4, 3, -40, -51), 2, 84.87566126705553)
((-9, 15, 1, 8, 7, 2, 2, -28), 2, 84.90179036736743)
((0, 6, 14, 10, 2, -8, -28, -28), 2, 84.92692051110997)
((26, 14, 1, -7, -8, -7, 22, 20), 2, 84.94980813419772)
((10, 11, 15, 1, 1, -1, -10, 13), 2, 84.97459388880335)
((-19, 0, 1, 4, 3, 19, -28, -18), 2, 84.99702422697753)
((38, -1, -7, -2, 5, 3, 13, 0), 2, 85.0196586898388)
((-2, -6, -8, -6, -11, -14, 10, 18), 2, 85.04502317784505)
((7, 2, 0, 1, -1, 10, 5, 31), 2, 85.06522011825548)
((30, 4, -3, -4, -5, -5, 3, 13), 1, 85.35541643146713)
((26, 2, 0, 1, -1, -12, -13, -10), 1, 85.37505573516248)
