((-28, 3, 3, -14, 0, -6, 3, 26), 3, 5.701810153669486e-07)
((3, 6, 0, -13, -11, -1, 7, -11), 3, 0.02422984224801848)
((0, -5, 21, 26, -3, -3, -1, 28), 3, 0.0472064266242604)
((14, -1, -5, 118, 32, -4, -9, 16), 3, 0.07597947120272273)
((-28, -16, -5, -16, -16, -8, 9, -1), 3, 0.09979308130952333)
((11, 1, -9, -16, -1, 2, 5, 0), 3, 0.12410674016680076)
((-1, 0, 1, -5, -2, -4, -1, 16), 3, 0.14582778594720466)
((-9, -18, -25, -12, -36, -8, -2, 18), 3, 0.17348099501148628)
((-14, 1, -5, 14, 6, -2, -14, 13), 3, 0.19668622197489036)
((0, -14, -17, -41, -12, -7, -17, 1), 3, 0.22166471189608564)
((-10, -6, 12, -30, -12, -2, 11, 14), 3, 0.24709877644855913)
((-7, -2, 4, -23, 2, -2, -1, 26), 3, 0.27683770766705307)
((-1, -9, -20, -39, -5, -6, -3, -3), 3, 0.29916143478069984)
((1, 7, -11, 35, 8, 5, 5, 1), 3, 0.3155763760320989)
((1, -1, -3, -2, -6, -4, 3, 3), 3, 0.3392405987128734)
((28, 3, 7, 8, -5, -1, -1, -5), 3, 0.3645651885103964)
((-7, -1, -3, 1, -6, -5, -4, -6), 3, 0.39168641868734067)
((9, -4, -7, -7, -1, -3, -8, -5), 3, 0.42174864254154765)
((2, 8, 11, 36, 16, 3, 6, -3), 3, 0.4511562985901134)
((-17, -16, -11, 46, -11, -6, -7, -27), 3, 0.48644651217421997)
((3, 3, 3, 6, 1, 0, -1, 11), 3, 0.5104072289829852)
((-8, -2, 2, -6, 0, 3, 0, 10), 3, 0.5417751673623825)
((-56, -18, -7, -16, -10, -6, -6, -19), 3, 0.5619880843571409)
((-11, -11, 3, 3, -4, -2, -2, 0), 3, 0.5921877218360513)
((15, 1, 2, -1, -3, 1, -1, 12), 3, 0.6146271956958176)
((30, -10, -7, -4, -3, 0, -6, 15), 3, 0.6396769582439337)
((27, 1, 3, -13, 2, 2, -3, 9), 3, 0.6618718244481075)
((10, -5, -3, 37, 1, 0, 0, 12), 3, 0.6931217353573239)
((-13, 0, -3, 15, 1, 0, 7, 0), 3, 0.7138443941798203)
((-6, -6, -17, -23, -9, -3, -1, -3), 3, 0.7371243148562374)
((3, -6, -1, -5, -10, -3, -2, -5), 3, 0.7618536356737173)
((4, 0, -4, 5, 4, -1, 1, 10), 3, 0.7903484319166806)
((11, 0, -8, 50, 13, 2, -2, -1), 3, 0.8129127754188122)
((-5, 2, 5, -1, 6, 2, 1, 3), 3, 0.8364561197243289)
((-15, -4, -8, 5, 1, -1, -6, 4), 3, 0.8599743760651694)
((-9, -2, -6, -59, -7, 0, 2, 0), 3, 0.8915390268948683)
((-3, -4, 3, 1, -4, 2, -3, -1), 3, 0.9158640893724531)
((-4, -2, -3, -21, 5, 1, 0, -1), 3, 0.9406350334040547)
((42, -12, -14, 19, -11, -6, -7, -5), 3, 0.9643328967647359)
((-40, -2, 0, -1, -2, -2, -1, 11), 3, 0.9946220526630589)
((2, -1, -16, 1, 2, -1, 0, 1), 3, 1.0204575246503507)
((-3, -2, -1, 9, -15, -3, 1, -9), 3, 1.0434882762230526)
((3, 5, 14, -8, 11, 2, 5, 11), 3, 1.0650713381977377)
((-8, -3, 10, -2, -2, 0, -2, -6), 3, 1.0944704415310729)
((-10, -11, -28, -41, -9, -7, -1, -4), 3, 1.118350192635656)
((7, 6, 9, 18, 10, 1, 1, 15), 3, 1.1415280509103225)
((30, -6, -25, 4, -5, -4, 2, 4), 3, 1.1624400098299208)
((-12, -1, 8, 6, -1, 2, -1, -14), 3, 1.1880736377377725)
((10, -10, -14, -8, -5, -4, 0, 29), 3, 1.2149593831553704)
((12, -1, -2, -7, -13, -1, -5, 9), 3, 1.2394731755490416)
((11, 1, -7, 7, -5, -3, 2, 6), 3, 1.2687308739905658)
((2, 5, 5, 15, 6, 3, 0, -4), 3, 1.297958923019291)
((7, 2, 6, 1, 4, 1, 2, 10), 3, 1.3225320142385604)
((-3, 1, -3, 0, 11, 2, -1, -6), 3, 1.3455793010607078)
((30, -6, -15, 11, -3, 0, -5, 1), 3, 1.3717374955026973)
((3, -9, -21, -27, -10, 0, -3, -12), 3, 1.4024417431802074)
((12, 8, 3, 30, 15, 2, 4, 14), 3, 1.4223804031065743)
((-3, 3, 6, -48, -11, 1, 2, -1), 3, 1.4469660383081817)
((27, -5, -19, 21, -10, -7, -4, 5), 3, 1.4714849623309911)
((-7, -2, -5, 28, 0, 3, 0, 19), 3, 1.4990657584063212)
((4, -6, -12, -11, -3, 0, 1, -6), 3, 1.524206749916896)
((7, -6, 2, 7, -7, -5, -3, 2), 3, 1.548959448156006)
((3, 5, 8, 20, 5, -3, -2, 18), 3, 1.5830534219698729)
((-5, 4, 8, -1, 3, 1, 2, 4), 3, 1.6288138695391625)
((3, 4, 11, 12, 3, 3, -3, -7), 3, 1.6577830563869111)
((3, 0, 6, 5, 0, 2, -4, 0), 3, 1.6969778695642506)
((12, 1, 4, 0, 4, 4, -1, 12), 3, 1.7274118514404768)
((9, -2, -3, -4, -2, -3, -3, 0), 3, 1.7625766252012027)
((3, -2, -1, -7, 5, -3, 0, 1), 3, 1.801794815800172)
((5, -1, 10, -37, -12, 0, -3, 8), 3, 1.8350021581351432)
((6, -1, -6, -4, -1, -3, 0, 4), 3, 1.8619854045063686)
((5, -4, -7, -13, -6, -4, -2, 2), 3, 1.8888061492882144)
((-8, 1, 3, -5, -1, -2, 0, 6), 3, 1.9179481009836192)
((4, -1, -9, 22, 0, -1, 0, 3), 3, 1.9433821655360928)
((-7, -2, 7, -6, 0, 0, -4, -3), 3, 1.9650518950251137)
((-3, 7, 3, 3, 5, 1, 1, 5), 3, 1.9894909937057719)
((22, -2, -5, -13, -8, -5, -5, -1), 3, 2.0201473461779913)
((2, 1, 6, 13, 1, -1, 1, 10), 3, 2.051102473502263)
((13, 4, 9, -14, 7, -2, -1, -6), 3, 2.07588995278331)
((4, -4, -1, 6, 6, -2, -1, 17), 3, 2.1036138642934974)
((-4, -1, -11, -12, 6, 4, 5, 25), 3, 2.128313535698178)
((-14, -5, 1, 0, -4, -2, -2, -2), 3, 2.1509434500170768)
((0, 3, -2, 9, 6, -3, -2, 8), 3, 2.1758369829669824)
((0, 3, -2, 9, 6, -3, -2, 8), 3, 2.1972985963853944)
((-5, -6, 2, -19, 1, 0, -1, -3), 3, 2.2306672999477146)
((-1, -4, -6, -16, -7, -3, -4, -2), 3, 2.2551696887210784)
((-7, -3, -5, -1, 1, 0, 0, -6), 3, 2.2787694809471164)
((-1, 0, -7, 1, 5, 1, 2, -2), 3, 2.305638120934253)
((-13, -1, -5, -1, -1, 2, 1, -2), 3, 2.3334777791905594)
((-3, -3, -4, 10, 3, -1, -1, 8), 3, 2.355873919293158)
((10, -1, 5, 6, -3, -3, 0, 7), 3, 2.37819821658782)
((-36, -4, 3, 3, 4, 2, 1, -9), 3, 2.401943404972777)
((4, 1, 10, 0, 3, 2, -1, 9), 3, 2.429541306478568)
((7, 6, 10, 17, 7, -2, -2, -5), 3, 2.4510166042413486)
((0, -7, -7, -6, -12, -2, -3, 7), 3, 2.4779707713807904)
((-9, -2, -7, -29, -5, -6, -2, -11), 3, 2.5026618900702404)
((-2, -2, -15, 1, -3, 0, 1, 2), 3, 2.529506582454732)
((20, -5, -11, -2, -5, -2, -4, 5), 3, 2.553809978053733)
((8, 1, -2, 3, 0, -1, 1, 2), 3, 2.5778881521516634)
((-1, -1, 3, 3, 5, 1, 2, -4), 3, 2.6003213540202608)
((-5, -3, 1, -10, 1, 1, -1, 6), 3, 2.627503023384834)
((-8, 2, 2, -7, 3, 3, 1, -9), 3, 2.6544828486699674)
((10, -4, -25, -4, -7, 0, 0, 3), 3, 2.678430451315379)
((2, -4, -13, -29, -17, 2, -1, -2), 3, 2.7071105563883364)
((30, -2, 4, -18, -5, 0, 0, 18), 3, 2.7382087991474653)
((-19, -3, 6, -2, -1, -1, -2, 1), 3, 2.7643761164857006)
((-7, -10, -10, 10, -2, 3, -1, -3), 3, 2.7863799720497266)
((7, -13, -9, -22, -18, -7, -2, 8), 3, 2.8111258281166522)
((1, 5, 7, 8, 2, 0, 3, 7), 3, 2.8434186001029746)
((11, 3, -4, -8, 5, 1, -1, -25), 3, 2.869096702130025)
((-3, 6, 11, 7, 11, 0, 1, -14), 3, 2.8927535124576)
((-40, -3, 8, -16, 4, 1, -3, -10), 3, 2.9168944064672213)
((-12, -4, 4, 4, -3, -4, -3, 7), 3, 2.9457410043966656)
((0, 3, 2, 9, 1, -3, -3, -8), 3, 2.97008089158065)
((-4, -2, 8, -6, -6, 0, -1, -1), 3, 2.992483873855433)
((-3, -5, -9, -6, -8, -3, -3, -2), 3, 3.013907855326831)
((-1, 2, 4, 1, 5, -6, 0, 5), 3, 3.0458174656708263)
((1, 2, -4, 11, 4, 2, 2, -1), 3, 3.0712526705853307)
((-4, 4, -8, 5, 7, 5, 4, 4), 3, 3.094834217018877)
((-2, 5, 1, -4, 7, 1, 0, -3), 3, 3.121593382251063)
((55, -7, -6, -9, -9, -5, -3, 36), 3, 3.1515119204893978)
((0, 5, 14, 13, 4, -3, 1, 14), 3, 3.173423406728934)
((2, -10, -5, -4, -14, -9, 1, -1), 3, 3.195400463785238)
((5, 2, 3, 2, 1, 1, 2, 7), 3, 3.2205568501832276)
((0, -2, -1, 12, 2, 0, -2, 7), 3, 3.2518398315913353)
((-2, 3, 1, -8, 1, 3, 0, -11), 3, 3.275734407402318)
((3, -3, -6, 0, -1, -4, -1, 14), 3, 3.301397684722969)
((-1, 0, -8, -4, 0, -4, -2, 2), 3, 3.3243349266091506)
((1, -1, -16, 1, -1, 1, -3, 0), 3, 3.351698483717626)
((0, -1, 7, 1, 2, 1, 2, 0), 3, 3.3756050333299314)
((0, 1, -3, 4, 7, 12, 3, -2), 3, 3.4024001199660856)
((-1, 4, 3, 0, -5, -9, -3, 0), 3, 3.427782868227176)
((-2, 1, -4, -12, -13, -12, -7, -4), 3, 3.511258509238928)
((-1, 2, 18, -4, -1, -2, 0, -1), 3, 3.5424571038567616)
((1, 2, 16, -1, -5, -6, -5, -2), 3, 3.5695424126297377)
((-2, -4, -15, -2, -9, -7, -3, 0), 3, 3.5921432477168524)
((-2, 1, -3, -5, 4, 5, 5, 1), 3, 3.609330784244074)
((-4, -3, -6, -5, -12, -8, 0, -2), 3, 3.629088126607554)
((0, -1, -8, 1, -5, 0, -1, 2), 3, 3.65627435742025)
((-2, -1, -2, -2, -1, -1, 1, 1), 3, 3.6803622245954424)
((2, 3, 12, -1, 1, -1, -3, -1), 3, 3.7043480293688837)
((1, 0, -4, 4, 5, -1, 2, 0), 3, 3.7265833784251488)
((1, -2, 5, 0, -3, -2, -4, 0), 3, 3.754752031127322)
((1, -1, 6, 1, -2, -2, -4, -2), 3, 3.78220510665521)
((-2, -3, -16, -1, -11, -1, -1, 0), 3, 3.8056783186958363)
((-2, -3, -16, -1, -11, -1, -1, 0), 3, 3.8246927151962935)
((5, 1, -7, 17, 10, 0, -4, -4), 2, 4.093690433902051)
((-22, 2, 13, 4, 15, 14, 10, 1), 2, 4.117839880626903)
((10, -3, 9, -21, -5, -4, -2, -2), 2, 4.139413819705342)
((-9, -1, 7, -14, -14, -4, 0, 1), 2, 4.167063607683532)
((-2, -4, -9, -79, -19, -7, -4, -5), 2, 4.193047896915834)
((14, -3, -1, -31, 0, -5, -1, -1), 2, 4.216444134519386)
((23, -8, -12, 8, -16, -5, -3, 0), 2, 4.239037557253301)
((-5, -5, 3, 5, -4, 2, 1, -1), 2, 4.268601442900078)
((-18, 0, 5, -22, -2, 3, 2, -2), 2, 4.293618705130318)
((-6, 0, -3, -34, 4, 4, 3, 0), 2, 4.316145416685435)
((2, 10, 2, 35, 15, -3, -2, 0), 2, 4.3389093235429455)
((-28, 2, 2, 4, 11, 3, 1, -2), 2, 4.360708484122454)
((1, 0, 5, 31, 6, 7, 3, 2), 2, 4.389296219870922)
((3, -14, -2, 12, -22, -9, -4, -3), 2, 4.41266109751863)
((13, 3, -3, 12, 1, -1, 1, 3), 2, 4.440829750220803)
((-4, -4, -4, -23, -4, 0, -1, -3), 2, 4.4644341038949635)
((-4, -2, -4, -46, 2, 3, 2, 1), 2, 4.494031060040631)
((-1, 4, 6, 4, 4, 2, 0, -2), 2, 4.518749547418819)
((-2, -6, -2, -48, 1, -4, -2, 1), 2, 4.540418136545809)
((2, 1, 4, 14, 3, 2, 2, 0), 2, 4.5691432859189804)
((-8, 0, 0, 17, -2, -4, -1, -1), 2, 4.594097828237531)
((3, -3, 0, -1, 6, 1, 0, -3), 2, 4.6184913124369595)
((-5, -6, -13, 0, -5, 0, 1, 0), 2, 4.642463432866032)
((1, -2, -4, 6, -1, 1, -1, -4), 2, 4.66527067348071)
((-2, 2, 4, -3, 5, 2, 3, -1), 2, 4.69726467061498)
((-5, 2, 4, -8, -1, 1, -2, 1), 2, 4.715009273994215)
((16, 0, -3, 22, -12, -4, -2, -1), 2, 4.7367941800483395)
((-1, 0, -2, 4, -3, 0, -2, 0), 2, 4.7626849595941225)
((-8, 2, -2, 0, 0, -4, -1, -2), 2, 4.793974783174415)
((0, -2, -2, 3, -2, -2, 2, 1), 2, 4.817347643356336)
((0, 0, -12, 4, 5, 0, 1, -2), 2, 4.841265596588949)
((-4, -5, -13, -36, -4, -3, -4, -1), 2, 4.864188583949747)
((-4, -4, -4, 5, -5, -1, -2, -3), 2, 4.889386023380843)
((0, -1, -3, -6, 0, -3, -2, -1), 2, 4.9147089026353195)
((-1, -4, -4, 7, 3, -1, -3, 1), 2, 4.938314396671512)
((-1, -2, -4, 4, -7, -2, -2, -3), 2, 4.9615544046768525)
((-2, 2, -3, -16, 1, 2, -4, 0), 2, 4.990040648204586)
((-3, -3, -5, -72, -8, -6, -5, -1), 2, 5.014086892165656)
((1, 1, 6, 7, 4, 1, 1, -2), 2, 5.036227020992355)
((-2, -2, -1, -6, -3, -6, -3, -2), 2, 5.059049086313432)
((-1, 7, 7, -21, 12, 0, 1, 1), 2, 5.087814148357679)
((10, 1, -3, 13, -7, -4, -2, -3), 2, 5.110351123171073)
((-3, -3, -10, -69, -11, -5, 0, -1), 2, 5.132697657525335)
((-5, -4, -10, -15, 1, -1, 2, 1), 2, 5.15447629158829)
((-2, -1, -4, -29, -5, -1, -2, -1), 2, 5.182346169438412)
((-4, -3, -2, -71, -11, -1, -1, 0), 2, 5.207419879589173)
((2, 1, 0, 25, 5, 0, 1, 0), 2, 5.231973014472905)
((-3, -4, -8, -2, -2, -4, -3, 0), 2, 5.254261390363599)
((1, 1, 5, 30, -2, 0, 0, 1), 2, 5.279538084955831)
((-1, 7, 12, -2, 10, 5, 3, 1), 2, 5.308891573807937)
((-2, -11, -18, 1, -1, -4, -4, -3), 2, 5.332121888736017)
((0, -5, -16, 6, -1, 0, 0, -5), 2, 5.35395012854731)
((-1, -9, -23, -15, -6, -5, -3, 0), 2, 5.3796134058679606)
((-2, -3, 2, 2, -3, -3, -2, 1), 2, 5.413487289809896)
((-1, 2, 3, 26, -4, -3, -1, 0), 2, 5.434156351616948)
((-1, 5, 4, 8, 7, 2, 0, 1), 2, 5.457065654633377)
((0, 0, 1, -38, 0, 1, -2, 0), 2, 5.485231456430473)
((-2, -4, -9, -32, -2, -2, -1, -3), 2, 5.514982931631305)
((-3, -1, -4, 39, -3, -2, -2, -2), 2, 5.538961324051547)
((-2, 1, -5, -7, 0, -2, 0, -2), 2, 5.565451363844479)
((1, 0, -1, -4, 0, 0, 1, 2), 2, 5.587509956785981)
((0, 0, 1, -12, -5, -2, -1, 0), 2, 5.6195370244191425)
((-1, -4, -13, -27, -13, -2, -1, -2), 2, 5.642357949378189)
((-1, 1, 1, 24, 2, -7, -4, -1), 2, 5.667651179219867)
((-1, -3, 0, 14, -1, -2, -1, 1), 2, 5.696080974827078)
((1, -2, 0, -14, -6, 0, -1, -2), 2, 5.7229193952204005)
((1, -2, -4, 12, 2, 0, 1, 3), 2, 5.749470444381978)
((0, 3, 7, 29, 15, 4, 3, 1), 2, 5.7700784968203855)
((-2, 0, 3, 12, 10, 0, -1, -1), 2, 5.79920448344736)
((0, 1, 6, 7, -2, -2, 0, 1), 2, 5.819225819620955)
((-2, 4, 5, 9, 1, 3, 3, -1), 2, 5.840672608332968)
((-1, -3, -1, -14, -5, -2, -3, 0), 2, 5.86455863142872)
((-1, -2, 1, -18, -1, 3, -2, 0), 2, 5.891336042453398)
((-3, -7, -17, -22, 0, 0, -1, -2), 2, 5.9239475456273105)
((-3, -4, -9, 0, -9, -5, -3, -2), 2, 5.950399383292214)
((0, -4, -9, -17, -11, 1, 1, -4), 2, 5.972408940666393)
((0, -5, -14, 1, 4, -1, 3, 0), 2, 5.9981298062695965)
((0, 0, 1, -4, 4, 2, 3, 1), 2, 6.027661191598496)
((-2, -10, -9, -15, -21, -9, -4, -4), 2, 6.0505927316745245)
((0, 4, 7, 11, 14, 7, 6, 3), 2, 6.074165155211825)
((-3, -1, -1, -12, -4, -4, -2, -2), 2, 6.106693982138509)
((1, 3, 8, 0, 7, -2, -1, 1), 2, 6.127355061411346)
((1, 3, 8, 0, 7, -2, -1, 1), 2, 6.147008060649014)
((-3, -6, -4, 22, -17, -5, -3, -2), 2, 6.173260334958539)
((0, -1, -2, 7, -1, 1, -1, 0), 2, 6.200885605153068)
((-1, -2, -2, -7, -9, -1, -3, -1), 2, 6.228504603356428)
((-1, -3, -1, 9, -3, -1, -3, -2), 2, 6.249978190576162)
((-3, -7, -10, -56, -14, -4, -2, -1), 2, 6.271398750961468)
((-2, 1, 1, 0, 4, -2, -1, 0), 2, 6.294690645439208)
((1, 0, 6, 4, -7, 1, 0, 0), 2, 6.3259690653991925)
((0, 0, 2, 12, -2, 1, -1, -1), 2, 6.349473637395664)
((1, -2, -5, -21, -12, -6, -3, 0), 2, 6.374456688764982)
((-1, -3, -2, -4, -4, -1, -3, -2), 2, 6.399005262200591)
((2, -5, -7, 12, -8, -7, -3, -1), 2, 6.427693919988779)
((-3, -4, -5, 27, -6, 0, 1, -1), 2, 6.453356627128414)
((-1, -3, -2, -1, -11, -1, -1, -3), 2, 6.4764295720962535)
((1, 2, 1, 35, 12, 3, 2, 0), 2, 6.501687450714979)
((-2, -8, -7, -15, -7, -6, -2, 0), 2, 6.5334237260303025)
((-1, -3, -5, -1, -17, -4, -1, -1), 2, 6.556614698468323)
((1, 1, 1, 26, -7, -3, -1, 1), 2, 6.580618178853241)
((-2, -2, -2, -24, 3, -1, -3, 0), 2, 6.605803644483014)
((-2, 0, 0, 1, 2, 4, 0, 2), 2, 6.634846384681745)
((-1, 0, -2, -11, -1, 0, 0, -2), 2, 6.660209176607298)
((1, 2, 4, 6, 5, 1, 2, -1), 2, 6.683836907703088)
((-1, 3, 7, 7, 4, -2, 0, 1), 2, 6.704807025086254)
((2, 6, 7, 30, 10, 3, 2, 0), 2, 6.736057506176486)
((0, -9, -10, -19, -8, -6, -6, -2), 2, 6.760072960362726)
((-1, -4, 0, -12, -5, -1, -2, -3), 2, 6.783678454398918)
((1, -4, -14, -39, -1, 0, 2, -2), 2, 6.806161262015852)
((0, 0, -4, 1, 0, -1, -2, 2), 2, 6.834400046982916)
((4, 7, 20, 37, 14, 3, 4, 1), 2, 6.859343755862174)
((-1, 0, 3, -5, -1, -1, -1, -1), 2, 6.88251420178364)
((0, 1, -5, 20, 4, 2, -1, -1), 2, 6.9059703083938055)
((0, -1, 1, 8, 0, -2, 1, 0), 2, 6.926622834951412)
((-2, 0, -6, -1, 2, -3, -3, -2), 2, 6.949102221482254)
((-3, -1, 0, 15, 3, 0, 0, 1), 2, 6.970798749478997)
((-3, -3, -2, -1, -11, -3, -4, -2), 2, 6.996802995046838)
((-2, 2, 2, 7, -4, -3, -1, -2), 2, 7.029093486309098)
((1, 1, 4, 5, 1, 1, -1, 0), 2, 7.052339196124594)
((-1, -3, 3, 0, -2, -1, -1, -4), 2, 7.076133990257887)
((-2, 2, 2, 8, 8, 1, 1, 0), 2, 7.097718192594603)
((0, 2, 5, 10, -1, -4, 2, 0), 2, 7.121276931787534)
((1, 0, 10, -8, -5, -2, 1, 1), 2, 7.150175416189378)
((-2, -11, -9, 6, -17, -5, -5, -1), 2, 7.172773400371416)
((-2, -2, -10, 4, -4, 1, -1, 0), 2, 7.196780301842426)
((0, -4, -3, 12, -1, 0, -1, 0), 2, 7.222209234765761)
((-2, -1, -2, -16, 4, 0, -1, 0), 2, 7.250827760289059)
((-1, 0, -7, 17, 10, 0, -2, -2), 2, 7.275881514104283)
((-3, -4, 2, -18, 0, 0, 0, -3), 2, 7.298989810295074)
((3, 2, 2, 31, -5, -7, -3, 0), 2, 7.3223461352275505)
((-2, 3, 2, 1, 4, 3, -1, -3), 2, 7.351102074375552)
((-1, 1, 2, 3, 2, 0, 0, 3), 2, 7.3771656187689905)
((1, -2, -8, -35, -7, 3, 0, -2), 2, 7.400199791427784)
((1, 3, -1, 10, -2, 4, 1, -2), 2, 7.428651824094596)
((0, -1, -3, -4, 0, -5, 0, 0), 2, 7.456868942183075)
((0, 1, 0, -4, 6, -1, -1, 1), 2, 7.480564524819695)
((-1, -2, -6, 0, -4, -5, -3, 0), 2, 7.502288991686191)
((-2, -2, -13, -27, -5, -1, 3, 0), 2, 7.526891732318259)
((-1, 1, -1, -12, -8, 1, 1, -1), 2, 7.554874506009423)
((1, -1, 2, -14, -4, 0, 1, -1), 2, 7.5783311828006035)
((-1, -7, -17, 6, -1, -2, -2, -2), 2, 7.601613384201082)
((0, 0, 4, 10, -1, -3, -1, -1), 2, 7.626028535279095)
((-1, 6, 5, 15, 7, -6, -1, -2), 2, 7.652620067292763)
((-1, -5, -1, 0, -17, -3, -3, -1), 2, 7.677723997037339)
((1, 2, 4, 11, 11, 5, 0, -1), 2, 7.701760547921149)
((0, -1, 3, 3, -1, 0, 1, 0), 2, 7.725068407467319)
((-2, -6, -13, -23, -10, -10, -5, -3), 2, 7.759407559117793)
((2, -3, -2, -1, -7, -2, -1, -2), 2, 7.786511113683261)
((0, -4, -3, -2, 17, 4, 1, 0), 2, 7.816652022517589)
((1, 1, 2, 47, 11, -1, 1, 0), 2, 7.845045326539816)
((1, -1, -5, 0, 7, -8, -5, 1), 2, 7.870833473502833)
((0, -2, -3, 3, -6, 10, 2, 3), 2, 7.892816802550306)
((1, 4, 9, 19, -13, -4, -1, -1), 2, 7.916455937266404)
((1, 4, 9, 19, -13, -4, -1, -1), 2, 7.936103234693919)
((3, 6, -4, 9, -2, 4, -1, -1), 2, 7.967303539854798)
((0, -16, -33, -93, -35, -12, -6, -4), 2, 7.987383604672975)
((8, 4, 6, -11, -6, -4, 0, 1), 2, 8.012409989799462)
((31, 29, 23, 25, 18, 3, 8, 19), 2, 8.032362334070196)
((17, 28, 17, 9, 5, -2, 1, -10), 2, 8.059433388317789)
((3, -23, -13, -9, 6, -4, -4, -7), 1, 8.182474460166869)
((9, 19, -47, 2, -4, -2, 3, 4), 1, 8.204522789850094)
((6, 2, 68, -1, -3, -5, -2, 3), 1, 8.227934992522076)
((-1, 13, 40, 5, -6, 1, 1, 5), 1, 8.2505101694635)
((2, 20, -17, 0, 15, 6, 2, 2), 1, 8.285583144080752)
((7, 11, -8, 3, -8, -2, -1, 2), 1, 8.30752142882801)
((-3, 4, -7, -1, -3, 0, -1, 0), 1, 8.334087302695988)
((-3, 4, -7, -1, -3, 0, -1, 0), 1, 8.359775667981314)
((6, -6, -4, 1, 0, -1, 6, 3), 1, 8.38299172838401)
((0, -4, -16, -6, 0, 7, -1, -1), 1, 8.4123668841147)
((-15, -13, -7, -3, 15, -4, -2, -4), 1, 8.437731956764313)
((-3, -16, -8, -5, -8, -1, 0, -2), 1, 8.466111006261158)
((-4, -10, -4, -4, -8, 1, -2, 0), 1, 8.491665379007873)
((0, 11, -6, 0, 3, -1, -2, 3), 1, 8.516768738571434)
((0, -6, 8, -3, -14, -4, -2, -3), 1, 8.539487030947715)
((2, 6, 6, 0, 3, 4, 1, -1), 1, 8.567259978025223)
((-7, -17, 0, 3, 2, 3, 0, -2), 1, 8.59182850779637)
((3, 17, 11, 1, 9, -2, 0, 1), 1, 8.613962934812916)
((-5, -29, -14, -7, -2, -4, -1, -1), 1, 8.633847427542822)
((6, -3, 0, -1, -7, -1, -1, -3), 1, 8.660759401287127)
((0, -1, -12, -4, 7, -2, 0, 1), 1, 8.686699786581245)
((-1, 1, 14, 6, 13, 3, -2, 1), 1, 8.713620883221797)
((-1, 2, 5, 6, 16, 6, 1, 2), 1, 8.733401603006907)
((7, 16, 1, 3, 2, 3, 0, -1), 1, 8.761136918137401)
((-4, -10, -17, -9, -6, -5, -1, -3), 1, 8.78640049856628)
((-14, -23, -26, -7, 5, 6, 3, 2), 1, 8.81010577428016)
((-2, 1, -4, -1, -4, 2, 1, 0), 1, 8.83450667083279)
((-5, -25, 0, 1, -2, -4, -1, 0), 1, 8.8550109503264)
((-1, 7, 6, -1, -1, -2, -1, -2), 1, 8.884497291355087)
((-3, -5, 5, -1, 2, 2, 0, 1), 1, 8.908737967042397)
((-3, -14, -2, -2, -5, -4, -3, -4), 1, 8.932231705599577)
((-6, -4, 0, 0, -5, -4, -5, -4), 1, 8.958591744121007)
((-10, -15, -18, 0, 7, 4, -2, -5), 1, 8.986518069891648)
((6, 28, -4, -2, -15, -3, -1, 2), 1, 9.009979308130953)
((1, 4, 3, 0, -1, -2, 2, 3), 1, 9.032246017143063)
((-1, -1, -7, 1, 5, 1, -1, -2), 1, 9.056807134561009)
((0, 3, -7, -1, 10, -2, -1, 0), 1, 9.086242159298312)
((-4, 2, -9, -2, 8, 2, -3, -2), 1, 9.111163060936956)
((3, 4, 4, -1, -11, -3, -2, 1), 1, 9.129302229578824)
((-1, -4, -15, -4, -9, -3, -3, -1), 1, 9.149352074803188)
((0, -3, 11, 4, 10, -3, -2, 1), 1, 9.175285617925123)
((-2, 3, 5, 0, -10, 5, 3, -2), 1, 9.201328635802009)
((4, 10, 25, 2, -2, 0, -1, 1), 1, 9.225445582208984)
((-2, 12, 5, -1, 5, 2, -1, -2), 1, 9.249489545445993)
((-8, -8, -6, -3, -2, -2, -1, -3), 1, 9.275232648108796)
((-4, -15, -4, 2, 17, 2, -2, -2), 1, 9.300548115010072)
((4, 11, -7, -1, -7, -4, -1, 1), 1, 9.323646718123603)
((2, 4, -2, 2, -10, -1, -1, -3), 1, 9.344383631471484)
((-2, -15, -11, -2, -4, -4, -1, -1), 1, 9.369601597419132)
((1, -8, -4, 2, -1, 0, -3, 0), 1, 9.396197120699908)
((1, 7, 6, -2, 2, 2, 0, -2), 1, 9.41900151040951)
((-3, 5, 2, -2, 1, 2, -3, -1), 1, 9.44212349094467)
((-1, -3, 0, -3, 1, -5, -2, -2), 1, 9.464884546897103)
((2, -4, -5, 1, 0, -2, -2, -1), 1, 9.492896970001066)
((4, 14, 5, 1, 2, 0, -1, 1), 1, 9.519359070924246)
((-1, 0, -6, -4, -2, -2, -1, -1), 1, 9.53911356238265)
((6, 1, 4, 2, 1, 1, 0, 0), 1, 9.56198580363308)
((-2, 1, -6, -2, 15, -4, -3, 1), 1, 9.593669052113974)
((-2, -15, -1, 0, -5, 0, 0, -4), 1, 9.617585294803542)
((3, -5, -6, -4, -6, -3, -2, -3), 1, 9.640651397599196)
((1, 3, 3, -1, -6, -2, -2, 0), 1, 9.663565832244762)
((0, 1, -3, 1, 3, 2, -1, 1), 1, 9.68984604542404)
((-2, -6, -4, -2, -3, -4, -1, -1), 1, 9.715710596643117)
((-4, -3, -12, 0, -1, -1, -4, -1), 1, 9.738290905213677)
((-2, 7, -2, -4, -3, -5, -2, -2), 1, 9.761207050402291)
((0, 4, -3, -4, -4, 2, 1, 0), 1, 9.784405435193511)
((-1, 10, 3, -2, -24, -3, -2, 1), 1, 9.813635764946298)
((-2, -10, -10, -7, -1, 0, -4, -4), 1, 9.839330402222794)
((-2, -12, -2, 0, 3, -1, -3, 0), 1, 9.86236058361448)
((4, 1, -6, -2, 0, 1, 0, 2), 1, 9.884575406154191)
((-1, 4, 10, 2, 2, 1, 1, -2), 1, 9.914539558873756)
((-2, -3, 6, 7, 5, 1, -1, -2), 1, 9.93803272724992)
((2, 9, -1, -5, -2, 0, 3, 2), 1, 9.959181881471912)
((4, -25, -1, -3, -2, -4, -2, -4), 1, 9.984183178633721)
((-2, -8, -1, -4, 2, -2, -1, -1), 1, 10.014215182894114)
((0, -8, 3, 3, 0, -1, -1, -4), 1, 10.039275778881521)
((1, -20, -4, -2, -4, 0, 0, 0), 1, 10.06043747708585)
((-10, -18, -1, 0, 9, 3, 2, 1), 1, 10.083858232473062)
((-14, -24, 2, -4, -10, -5, -1, -3), 1, 10.11506138853902)
((2, -1, -8, -3, -3, 0, -1, 1), 1, 10.13987680668982)
((-4, -9, -5, 1, -1, -2, -3, -1), 1, 10.16149864097355)
((-9, -13, -2, 3, -4, -2, -1, -4), 1, 10.181751470639384)
((2, 21, 6, 0, -1, -2, 0, 3), 1, 10.212229356453793)
((1, 19, -2, 0, 2, -1, 1, 0), 1, 10.229089609078194)
((1, 6, -1, 3, 0, 0, -3, -1), 1, 10.253443750787563)
((1, 6, -18, -3, -1, -2, -4, -2), 1, 10.272565911499925)
((1, 3, 2, 3, -1, 1, 2, -1), 1, 10.29578083154059)
((-4, -4, -3, -4, -4, -3, -1, -2), 1, 10.324748878026307)
((0, 6, 6, 3, -2, -4, -3, 0), 1, 10.348848148821807)
((-3, -16, 3, -1, 1, -1, -3, -6), 1, 10.372280878010342)
((-5, -2, 3, 2, -2, -3, -2, -3), 1, 10.395277418722122)
((2, -3, -9, -1, -1, -1, 0, 2), 1, 10.425885305808034)
((0, 1, 0, -3, -2, 1, 0, -3), 1, 10.44875925760151)
((-7, 1, 2, 1, -1, -1, -1, -2), 1, 10.47140513698884)
((7, 12, -3, 1, -2, -2, 0, -2), 1, 10.494670803139872)
((2, 7, 2, 1, -3, -3, -1, 0), 1, 10.524727325183926)
((-4, -4, 3, 1, -2, -2, 0, -1), 1, 10.546574951149742)
((3, 11, 0, 4, 0, -2, -2, 0), 1, 10.567595814643274)
((-3, -7, -5, -6, 0, 2, 0, -2), 1, 10.593845808228739)
((5, 2, -25, 2, -2, -3, 0, 2), 1, 10.621729940604244)
((0, 18, 0, -6, 2, 1, -2, -1), 1, 10.643976123099801)
((-1, 0, 0, 4, -2, 0, -1, 1), 1, 10.667106086169175)
((-2, -10, 12, 1, 0, -3, -1, -2), 1, 10.688963975393268)
((-2, -10, 12, 1, 0, -3, -1, -2), 1, 10.710356026727805)
((0, 1, 0, 0, 6, 1, -2, -1), 1, 10.739005342025933)
((1, 10, 1, -1, -3, 1, 0, -3), 1, 10.762838908468272)
((4, -1, -21, -1, -4, 1, 0, 2), 1, 10.786670764367564)
((3, 12, 4, -1, -3, -3, -2, 1), 1, 10.812023293034839)
((3, 0, -10, 4, 5, 5, 1, 0), 1, 10.837964248509975)
((1, 1, 0, -1, -1, 0, -3, 0), 1, 10.861989395773476)
((-16, -14, -1, -2, -11, -1, -1, -3), 1, 10.886687356635111)
((1, 14, -12, -5, -5, -3, -2, 0), 1, 10.919871321548452)
((4, -3, -2, 1, 7, 5, 3, -3), 1, 10.942596456096917)
((1, 6, -3, -1, -4, 0, -4, 0), 1, 10.965438477753532)
((3, 9, 0, 2, 15, 1, 1, 0), 1, 10.987339700734791)
((1, -15, -9, -1, 4, -1, -1, 1), 1, 11.0104040929874)
((3, 1, -9, -3, -5, -3, -2, -2), 1, 11.039302577389243)
((4, 8, 23, 4, 3, -2, 0, 2), 1, 11.062692543001626)
((8, 30, 8, -1, -3, 0, 1, 1), 1, 11.086394397629416)
((6, 16, 11, 8, -2, -6, 4, 4), 1, 11.11135806284421)
((3, -12, 8, -1, -4, -1, -2, -4), 1, 11.142806966927791)
((4, 10, -18, -10, -4, -1, -2, -1), 1, 11.166653647533483)
((5, 20, 6, 1, 0, 0, 0, 1), 1, 11.191097307662263)
((-1, 8, -3, 1, 0, 0, -1, 1), 1, 11.215787285989682)
((-2, 4, 1, 2, 0, -3, 0, -2), 1, 11.242495134930486)
((1, 5, -10, -3, 3, 0, 2, -1), 1, 11.267793496401303)
((1, 5, 17, 2, 2, -3, -4, -2), 1, 11.288830895144281)
((-3, 0, -7, -3, -1, 2, -3, -4), 1, 11.311758443953202)
((1, 2, -1, -3, 5, 2, 0, -1), 1, 11.332776456541659)
((1, 8, -6, 0, 6, -1, 1, 0), 1, 11.358737368352331)
((-4, -19, -11, -3, -2, -3, -3, 0), 1, 11.380811356181248)
((-2, -2, 3, 3, 3, 2, -2, 1), 1, 11.408475968865837)
((2, 24, -1, 0, 9, 3, 4, 0), 1, 11.439658598415239)
((0, -8, 2, 1, 2, -1, 1, -2), 1, 11.4615227596305)
((-1, -4, 6, -1, -2, 0, 1, 0), 1, 11.483129199026815)
((4, 20, 17, 2, 2, -1, -1, 1), 1, 11.50522314319127)
((4, 6, -5, -1, 11, 0, 2, 1), 1, 11.537873418674227)
((-4, 2, 0, 3, 0, 2, -1, -3), 1, 11.560718861416934)
((-1, -1, -7, -1, -2, -1, -1, -2), 1, 11.582350388777925)
((1, -5, 1, -1, -2, -4, -2, -1), 1, 11.605878908377042)
((1, -5, 1, -1, -2, -4, -2, -1), 1, 11.628271627393548)
((0, -6, -2, -1, -11, 0, 1, 0), 1, 11.655882072881678)
((2, -3, -2, 2, 3, 2, 1, -1), 1, 11.67885010454269)
((3, 5, -5, -1, -3, 2, 1, -1), 1, 11.703547495223308)
((0, -11, -9, -4, -5, -2, -2, 0), 1, 11.72385848335271)
((-3, -4, -1, -1, 2, -1, -1, -1), 1, 11.752883547939964)
((-3, -6, -2, -3, -9, -4, -4, -2), 1, 11.776871633437468)
((0, 0, -4, -2, -4, -4, -3, -2), 1, 11.798364606811724)
((0, -1, -2, -6, -14, -9, -2, 0), 1, 11.823619634525373)
((-3, -2, 4, -2, -8, -2, -6, 0), 1, 11.852309432675591)
((1, 0, -9, -5, -5, -8, 1, 1), 1, 11.875680582314468)
((1, -2, -1, 0, 4, 6, 1, -1), 1, 11.8964973210045)
((-3, -4, -24, 33, -8, -4, -6, -3), 1, 11.92721753375044)
((0, 1, 2, 26, 9, 3, 3, -1), 1, 11.954455651035534)
((-2, 2, -8, 44, -7, -3, 0, 1), 1, 11.976579814793803)
((0, -6, -9, -10, -5, 1, 0, -2), 1, 12.001286328370668)
((-3, -2, -3, -28, -4, -3, -1, 0), 1, 12.023852952596862)
((5, 0, 3, 13, -3, 1, 0, -3), 1, 12.055222601519304)
((1, -20, -21, -8, -30, -15, -18, 4), 1, 12.078001333083215)
((-6, 7, -10, -6, 14, 8, 8, 5), 1, 12.101082830766284)
((14, 0, -1, -56, -19, -3, 5, 1), 1, 12.123946519301482)
((28, 20, 2, 21, 25, 7, 19, 6), 1, 12.155722707287882)
((-4, 11, 15, -13, 6, 9, 26, -12), 1, 12.180351106065643)
((23, 1, -20, -1, -9, -2, 6, 12), 1, 12.203172601205704)
((-12, -6, -2, 3, 0, -2, 0, -2), 3, 12.27848096935334)
((17, 6, 4, 21, 10, 3, 5, 3), 3, 12.302220455928143)
((10, 13, 14, 23, 25, 9, 6, -2), 3, 12.46800001596507)
((3, -4, -4, -13, -14, -6, -3, -1), 3, 12.493482545903849)
((-4, -9, -14, 45, -13, -6, -2, -30), 3, 12.518425114421076)
((-11, -5, -19, 21, 6, -1, 1, -2), 3, 12.541563060024666)
((-6, 0, 4, -2, 6, 0, 4, -3), 3, 12.566064308436)
((6, 5, 5, 20, 12, 4, 3, 3), 3, 12.592190572741128)
((-12, 1, 1, -1, 12, 5, 1, -9), 3, 12.617117176189925)
((10, -7, 1, -59, -16, 1, 5, -1), 3, 12.637844396460544)
((-10, 0, -4, -2, 4, 4, 0, 6), 3, 12.660887692015585)
((0, 7, 21, 17, 11, 0, 2, -1), 3, 12.685987630493052)
((-4, -4, -1, 29, -4, -5, -3, 0), 3, 12.711251210921931)
((-9, -9, -7, -42, -21, -6, -2, 0), 3, 12.73022854565639)
((11, -7, -9, -4, 6, -2, -16, -6), 3, 12.760802792062396)
((1, -2, -5, 11, 11, 4, -1, -4), 3, 12.784335873109637)
((-1, -3, -8, -3, -3, -4, -1, -6), 3, 12.807675662792667)
((0, 0, -2, -4, 0, 0, 1, -3), 3, 12.830393955168947)
((0, -4, 7, -16, 0, -2, -4, -2), 3, 12.856819564507145)
((-2, 2, 9, 25, 1, 0, -3, 6), 3, 12.883225787690819)
((-9, 3, -17, 22, 5, 0, -2, -1), 3, 12.909178716967276)
((-12, -1, -3, 11, 1, 0, 1, 1), 3, 12.931208230676994)
((0, 2, -2, -1, -2, 2, 5, -1), 3, 12.958782184580139)
((-29, 0, 6, -7, 0, 5, 2, -1), 3, 12.987421806801006)
((7, -4, -1, 1, -9, 2, 2, -4), 3, 13.011562130629612)
((3, -9, -6, -11, -5, -3, -4, 6), 3, 13.03348787139453)
((8, -3, -23, -38, -9, -4, -4, -4), 3, 13.058355746198746)
((9, 5, 5, 32, 13, -1, -2, -6), 3, 13.085066446044626)
((5, -3, 3, -4, 1, -1, -2, -3), 3, 13.108378867038919)
((-3, -1, -11, -8, -2, -1, 1, 5), 3, 13.13261213037303)
((-4, -8, -12, -21, -19, -5, -1, -7), 3, 13.153330797928419)
((-3, -4, 5, 12, -12, -3, -3, -1), 3, 13.187293630108751)
((0, -4, -8, -18, -3, -6, -3, -1), 3, 13.207113122202905)
((3, -6, -4, -22, 3, 3, 1, 1), 3, 13.228275960769265)
((9, 1, -1, 4, 3, 3, 2, 3), 3, 13.252230405586861)
((2, 0, 2, 8, -1, 2, -1, -1), 3, 13.282402674377034)
((-1, -4, 0, -1, -1, -1, -4, -2), 3, 13.303657312086868)
((1, 1, -10, -36, -10, -2, 1, -2), 3, 13.328530888701236)
((4, 5, 20, 54, 20, 4, 3, 5), 3, 13.352729370993409)
((-3, 3, 6, 19, 8, 2, 2, -2), 3, 13.382397599765998)
((2, 1, 0, 0, 0, -1, 0, -2), 3, 13.404755537740566)
((-3, 0, -8, 28, 12, 3, 3, 4), 3, 13.429927889206986)
((4, 0, -4, -7, -3, -3, -1, -1), 3, 13.45337316237786)
((28, -6, -3, 3, -1, -1, 0, -3), 3, 13.477446775027667)
((10, -5, -9, -1, -5, -1, -1, -3), 3, 13.50315680719158)
((-4, -4, -21, -4, 2, 3, -1, 8), 3, 13.523873764203922)
((-5, 1, -3, 12, 2, 3, 0, 5), 3, 13.540584629402296)
((0, -2, -12, -10, -2, -2, -2, -10), 3, 13.56701080892151)
((-2, 2, 0, 5, 6, 3, 4, 0), 3, 13.592033202780886)
((-14, -10, -28, -26, -11, 0, 1, 1), 3, 13.61626247484789)
((-2, 5, 7, 11, 9, 4, 0, -2), 3, 13.637709263559902)
((4, 3, -4, 39, 8, 6, 2, -1), 3, 13.65923530743305)
((-5, 4, -1, 0, 7, -3, -8, -6), 3, 13.684474370078268)
((3, -1, -2, 1, 0, -2, -1, 10), 3, 13.71231973014473)
((1, -1, 1, 13, 4, 1, -3, -1), 3, 13.734334989329062)
((13, 4, -3, 20, -2, 0, 2, -2), 3, 13.75802829124162)
((0, 1, -5, 12, 10, 1, 0, 0), 3, 13.78674488789956)
((1, 3, 2, 7, 5, 1, 1, 1), 3, 13.812984048045733)
((20, 2, -1, -3, 3, 3, 1, 0), 3, 13.837700824880875)
((-9, -4, -9, -5, -8, -6, -4, -12), 3, 13.859078051509012)
((0, -2, -7, 6, -4, -5, -3, -1), 3, 13.8867797259596)
((6, 0, -5, 4, 2, 3, 0, 5), 3, 13.909585826212247)
((-1, -3, 2, -3, -2, 0, 0, 12), 3, 13.935047829634474)
((-6, 0, -6, -28, -9, -2, 0, -4), 3, 13.95769427920282)
((1, 3, 8, 4, 2, 1, 0, -1), 3, 13.9841267307132)
((5, -3, -7, 3, 0, 1, -1, -3), 3, 14.012287971062173)
((-6, 1, 0, 14, 5, -2, 4, 4), 3, 14.03816848734968)
((-2, -2, 4, 20, 0, -2, -4, -4), 3, 14.059742996609133)
((3, -1, 6, -2, -4, 0, 1, -3), 3, 14.088062747280379)
((-9, -3, 1, -10, -4, -4, -3, -4), 3, 14.11167451330774)
((7, 4, 2, -5, -1, -2, 0, 8), 3, 14.132493532721833)
((-6, -1, 3, 1, -6, -1, -2, 0), 3, 14.151688106423146)
((3, -8, -4, 1, -14, -7, -6, -1), 3, 14.177083398666575)
((-3, -4, -3, 3, -4, -1, -1, -5), 3, 14.206402106476743)
((-1, 2, -2, 9, 4, -1, -3, 4), 3, 14.22857188471624)
((-1, -5, -11, -8, -6, -5, -2, -3), 3, 14.252724752527184)
((1, 0, 2, -6, -1, 0, 0, 3), 3, 14.27443211396322)
((-2, -2, -5, 5, 4, 3, 3, -2), 3, 14.303389327009645)
((-5, -8, -16, -14, -11, -7, -3, -4), 3, 14.32484580879892)
((-1, 2, 4, -11, 5, 0, 2, 3), 3, 14.344384201652499)
((0, -4, -5, -2, -3, -2, -1, -5), 3, 14.36951207899972)
((29, -1, -2, 3, -1, -4, -3, -1), 3, 14.395445622121654)
((-4, -1, -18, 0, -9, 0, 1, 4), 3, 14.42236500821916)
((0, -3, -1, 7, -5, 0, 2, 1), 3, 14.445236679288573)
((-5, -1, -5, -8, -3, -3, -3, -2), 3, 14.46982630575729)
((-4, 2, 10, 0, 2, -1, -1, -1), 3, 14.490540411864554)
((3, -11, -7, -23, -26, -6, -3, -5), 3, 14.518124058844961)
((-2, 1, -17, 2, 1, -1, -2, -1), 3, 14.541551656404359)
((-3, -1, 0, 1, 2, -1, 0, -11), 3, 14.569869126351543)
((35, -2, -6, -3, -7, -4, -6, -1), 3, 14.590992622427843)
((-9, -2, -10, 2, -3, -4, -3, 4), 3, 14.621297743394596)
((-4, -4, -11, -4, -4, 0, -1, -2), 3, 14.640726091312208)
((0, -4, -5, 1, -6, 3, -1, 2), 3, 14.663374821604615)
((-2, -10, -9, 0, -5, -2, -1, -1), 3, 14.685741312294414)
((2, 4, 11, 18, 12, 8, 5, -4), 3, 14.70845162213648)
((-1, 0, -6, 0, 0, 4, 0, 3), 3, 14.735294603977925)
((1, -1, -4, 2, 6, 4, -1, -1), 3, 14.757651401590463)
((-4, 1, 2, -12, 2, -3, -2, -3), 3, 14.781584179529474)
((2, -4, -14, 3, -1, -4, -2, -3), 3, 14.806778197874479)
((-1, 6, 7, -7, 2, 1, -1, -1), 3, 14.83142256172067)
((1, -1, 10, 22, -9, -1, -3, 4), 3, 14.854017694997632)
((-2, 4, 13, 24, 9, 1, 1, 0), 3, 14.875173691391806)
((0, -5, 1, -24, -9, -5, -3, 8), 3, 14.897820140960151)
((1, -2, -7, -30, -6, -3, 0, 3), 3, 14.925267514677884)
((0, 3, 11, -2, 6, 1, 2, 0), 3, 14.949681525393867)
((-2, -9, -25, -63, -18, -3, -4, 2), 3, 14.97318723775237)
((2, 2, -1, 27, 7, -2, 3, -1), 3, 14.997442738146079)
((0, -6, -11, -38, -1, 0, -4, -3), 3, 15.028681815616004)
((16, 1, 4, -8, 2, 4, -2, -10), 3, 15.055062950835001)
((0, 1, 8, 13, 6, 0, -1, -1), 3, 15.0781826506461)
((-4, 1, 8, 19, 13, 4, 1, 1), 3, 15.101812662465953)
((-3, -13, -8, -18, -13, -7, -5, 1), 3, 15.131272204986917)
((0, -3, -13, -21, -7, 1, 0, 1), 3, 15.15380917980031)
((0, -3, -13, -21, -7, 1, 0, 1), 3, 15.1735260393117)
((3, 1, 0, 28, 14, 3, 2, 16), 3, 15.197818031290394)
((-2, 3, 4, -8, 7, 2, 0, -1), 3, 15.229912950464383)
((-2, -5, -3, 1, -7, -5, 0, -3), 3, 15.252232116129909)
((1, -9, -7, -26, -8, -2, -4, -1), 3, 15.274047811958862)
((1, -1, -8, 12, 0, 3, -2, 3), 3, 15.296561979531642)
((1, 1, -6, 19, -11, 0, 4, 1), 3, 15.328148867420941)
((1, 2, -1, 0, -1, -2, 0, -3), 3, 15.350586060556646)
((-3, -6, -2, -17, 0, -4, -3, -4), 3, 15.372249518054497)
((-1, -1, 7, 6, -2, 0, -1, -6), 3, 15.396861951763826)
((1, -1, -5, 3, 5, 10, 3, 4), 3, 15.430504912394538)
((-2, 1, 10, 2, 29, 11, 2, 0), 3, 15.45278473557)
((-3, -6, -7, -14, 4, -4, -4, -4), 3, 15.473212040626537)
((0, -3, -3, -1, -4, 0, 0, 1), 3, 15.496773630724546)
((-1, 0, 13, 0, 7, 2, 0, -1), 3, 15.519994252575366)
((-2, -6, -27, -15, -17, -5, -2, -2), 3, 15.546529336668511)
((-2, 6, 5, -5, 11, 2, 0, -2), 3, 15.569613115075644)
((-13, -2, -8, 18, -4, -1, -4, -1), 3, 15.756706611648)
((3, -8, 4, -128, -48, -1, -1, -2), 2, 15.779382140448128)
((-2, 10, 10, 8, -3, -3, -2, -2), 2, 15.804337823128709)
((-5, -5, -3, 15, -2, 1, 0, 0), 2, 15.831932873729423)
((11, -1, -2, 3, -6, -1, 0, -1), 2, 15.862171283517378)
((6, 2, 8, 32, 6, 3, -1, 4), 2, 15.886035639734546)
((-4, -5, -8, 2, -5, -2, 0, -2), 2, 15.910721626794858)
((-15, -3, -7, -5, 9, 4, 4, -1), 2, 15.948067342939362)
((-23, -7, -14, -8, -5, -2, -3, -1), 2, 15.971692793311092)
((-16, -5, -9, -9, 0, 0, -2, -3), 2, 15.99744387850811)
((11, -2, -3, -2, -6, -2, -1, -2), 2, 16.0221104794139)
((9, 18, -23, 13, -7, -1, 1, -2), 2, 16.05166752288849)
((-23, -4, 3, 45, 0, -1, -1, -2), 2, 16.073894319229527)
((6, 5, 5, -6, 0, 2, -4, -2), 2, 16.095794401848757)
((1, -6, -6, -2, -7, -3, -4, -2), 2, 16.121689742842662)
((-22, 6, 12, 25, 10, 3, 1, -1), 2, 16.150515244074537)
((4, 2, 1, 9, 6, 0, 3, 1), 2, 16.179073330410205)
((3, -2, -6, 12, 16, 1, -2, 1), 2, 16.204571825417414)
((8, 7, 11, 50, 13, -1, -4, 2), 2, 16.231496913325074)
((0, -1, -9, 5, 0, 1, -1, -3), 2, 16.260846410910073)
((-1, -3, -5, -13, -10, -1, 0, -2), 2, 16.28533340479602)
((-1, 0, -2, 16, -1, -5, 0, 2), 2, 16.31092426912772)
((-5, 7, 11, 6, 16, 4, 5, -1), 2, 16.33977884959138)
((-11, 0, -34, -11, 1, -5, -1, -1), 2, 16.368554174893905)
((-8, -1, 10, 24, 3, 1, -1, -1), 2, 16.39166931325688)
((1, -3, 12, 36, 3, -3, -2, -1), 2, 16.423502519344815)
((-2, -3, 3, -12, -5, -1, -2, -2), 2, 16.453790534881108)
((4, 2, -4, 7, 5, 2, 0, 1), 2, 16.477942832511037)
((-10, -19, -30, -9, -39, -8, -4, -6), 2, 16.500747792401654)
((-11, -15, -37, -57, -16, -3, -2, -6), 2, 16.52310972164333)
((0, 0, -6, -11, 2, 1, 1, 1), 2, 16.549631121392107)
((-3, 3, 5, 12, 5, 2, 2, 1), 2, 16.57805464500815)
((-3, -5, -5, 8, 0, -1, 0, 1), 2, 16.60209347661602)
((-2, 1, 10, 1, 2, 2, 2, -1), 2, 16.62894101990559)
((-8, -6, -17, -15, -4, -5, -4, -4), 2, 16.657270463654097)
((-3, -2, -8, -10, -1, 1, -2, 2), 2, 16.683273568859907)
((4, -3, -4, 14, -4, -1, -1, -1), 2, 16.706394409033035)
((-4, -9, -22, -65, -13, -5, -6, -4), 2, 16.733444936764073)
((-16, -2, 5, 23, -2, 8, 7, -1), 2, 16.76221170935137)
((-3, 3, -5, 70, -2, 0, 0, -1), 2, 16.78707730343152)
((0, -3, -5, -1, -4, 0, -1, 0), 2, 16.810946221096813)
((-6, 3, 8, 37, 7, 4, 1, -1), 2, 16.83004899565465)
((8, -2, 4, 27, -3, -3, -3, 0), 2, 16.851211264039996)
((0, 2, 4, -14, -5, -2, -1, 0), 2, 16.88162072813256)
((-1, -4, -9, -21, -6, -3, -2, -1), 2, 16.90525359085749)
((-1, 1, 1, 6, 6, -1, -2, 0), 2, 16.929685277184948)
((-1, -1, -6, -3, 3, 3, 2, -1), 2, 16.958778763494045)
((-5, -2, -4, 13, 5, -2, 1, -3), 2, 16.986905222801084)
((-4, -6, -4, -23, -4, -6, -4, -2), 2, 17.008784208722744)
((0, 2, -8, 10, 6, 3, 4, 3), 2, 17.031182059368387)
((-8, -2, -2, 14, -3, 0, 1, 0), 2, 17.05813736686986)
((0, -2, 4, -45, -6, 1, 0, -3), 2, 17.08822866995585)
((1, -3, 1, -8, -1, 0, -3, -3), 2, 17.112871323258997)
((0, 0, -4, 9, -1, -1, -1, 0), 2, 17.136732828571088)
((0, 0, -4, 9, -1, -1, -1, 0), 2, 17.16299251523381)
((2, -2, -2, 4, -6, 2, 0, 0), 2, 17.19526818178967)
((-3, -1, -2, -50, -11, -2, -3, -3), 2, 17.21945354991849)
((-1, -1, -2, 2, -2, -2, -4, -2), 2, 17.244369319927998)
((1, -3, -7, -20, -3, -1, -4, -1), 2, 17.27203963442274)
((-18, -10, -28, -2, 0, 0, -2, 0), 2, 17.298497173897797)
((2, 0, 2, 7, -2, -2, 1, 1), 2, 17.32131353740872)
((-9, 1, 10, -17, -1, -6, -1, -3), 2, 17.34528736838084)
((-2, -10, -20, -22, -27, -8, -6, 1), 2, 17.378490149267687)
((-1, 6, 7, 3, 13, 9, 6, 3), 2, 17.402087090588648)
((-4, -5, -7, -1, -6, -4, -3, -2), 2, 17.430267717092146)
((0, 0, -4, -1, 4, -1, -1, 2), 2, 17.45420163539319)
((0, 1, 1, 40, 4, 3, 3, 1), 2, 17.487730559820825)
((0, -3, 7, 1, 1, -2, -2, -2), 2, 17.512783743455035)
((-3, 2, 1, -10, -1, -3, -2, -1), 2, 17.537773636996537)
((2, 2, 13, 42, 4, 1, 1, 0), 2, 17.563909024197912)
((0, -3, -16, 14, -2, -1, 1, -1), 2, 17.59299167706772)
((-1, -2, 6, 10, 2, 3, 0, -2), 2, 17.616849191112703)
((2, -2, -1, -7, -2, -3, 0, 1), 2, 17.636058589520417)
((1, 1, -9, -37, 8, 2, 4, 0), 2, 17.665967434681487)
((0, 3, -1, 5, 7, 1, 0, -1), 2, 17.69435047544544)
((0, -2, -2, 6, -8, -2, -2, 1), 2, 17.718489658912016)
((-2, -1, -7, -23, -5, -1, -2, 0), 2, 17.74233120788857)
((-2, -1, -7, -23, -5, -1, -2, 0), 2, 17.763263123143705)
((-2, -2, -10, -28, 1, 0, -1, -1), 2, 17.790606153735627)
((0, -4, 0, 9, -2, -2, -3, -1), 2, 17.817846551744783)
((-1, -2, 1, -56, -3, 1, 1, 1), 2, 17.84461940132134)
((0, 3, 5, 17, 4, 0, 0, 1), 2, 17.867336553335587)
((1, 3, 2, -2, 1, 0, 1, 0), 2, 17.898205013145525)
((1, 4, 7, 6, 9, 1, 2, 2), 2, 17.918803942687685)
((0, 3, 6, 64, 14, 1, 0, 0), 2, 17.936279990808682)
((2, -6, -7, 2, 1, -1, -1, 0), 2, 17.959560481666113)
((0, 2, -4, 11, 4, 1, 0, -1), 2, 17.986052232002095)
((-1, -1, -2, -11, -5, -2, 1, -2), 2, 18.011309540439804)
((1, 4, 1, 45, 4, 4, 0, 0), 2, 18.03784120344686)
((-1, 1, 4, 5, 1, -2, 0, 1), 2, 18.064037600016878)
((0, 1, -2, -9, 2, -2, -2, 1), 2, 18.096708972197405)
((0, -1, -17, -20, -4, 0, 3, 0), 2, 18.120519161218112)
((0, 3, 3, 28, 1, 4, 1, 1), 2, 18.146525687510014)
((-2, -5, -27, -63, -25, -6, -3, -3), 2, 18.171061146782268)
((2, 2, 7, 19, 14, 0, 0, 1), 2, 18.199583881894984)
((2, -3, -5, -7, -5, -1, -2, 2), 2, 18.22715327435001)
((-4, -10, -13, -76, -21, -7, -5, -4), 2, 18.250561485754883)
((0, -5, -7, -68, -7, -6, -3, 0), 2, 18.278805402351086)
((1, -1, 0, -13, 0, 0, -2, 0), 2, 18.308425165737365)
((-4, 1, 9, -9, -3, -3, -1, 1), 2, 18.33188127234753)
((0, 0, -9, 12, -1, 2, 0, 1), 2, 18.356115676043675)
((-1, -2, 8, -3, -5, -1, -1, 0), 2, 18.381659215351096)
((0, -2, -3, -5, -2, -2, -3, -4), 2, 18.417808121544347)
((0, 2, 1, 4, -3, 0, -2, -1), 2, 18.441015059050798)
((-1, 0, -3, -5, 1, 1, 3, 0), 2, 18.464565245528497)
((0, 0, -2, 33, 7, 0, 0, -1), 2, 18.48884526370587)
((0, -1, -3, -17, -2, 0, -1, -1), 2, 18.519083673493824)
((-1, 0, -2, -11, 0, 1, 2, -2), 2, 18.543299831397473)
((-2, -2, -3, 20, 0, -1, -1, 0), 2, 18.565547724436076)
((1, 2, 6, 37, 18, 3, 0, 0), 2, 18.598295500872663)
((0, 1, 1, -12, 2, 1, 2, -1), 2, 18.625225720409457)
((-2, 1, -2, 3, 5, 1, 1, 0), 2, 18.652677655575314)
((-2, -3, -12, -8, -8, -4, -3, -2), 2, 18.678148211712774)
((2, 1, 1, 15, 4, 3, 4, 0), 2, 18.702963059682556)
((-5, -10, -14, -62, -6, -6, -2, -3), 2, 18.72875804881776)
((0, 2, 2, 11, -4, 1, 1, -2), 2, 18.75263665956031)
((2, 3, -1, 3, 9, -1, 1, -1), 2, 18.777588350973783)
((1, 1, 2, -14, 7, 1, 1, -1), 2, 18.80868317264682)
((-1, 2, 2, 20, 11, 2, 0, 2), 2, 18.834925753879084)
((0, 0, 1, -17, -1, 1, 1, 1), 2, 18.86065118093041)
((-1, 0, 6, 31, 27, 12, 1, -2), 2, 18.886413669747736)
((-2, -5, -6, -11, -6, -5, -3, 0), 2, 18.912529100613572)
((-1, -1, -5, 33, 2, -2, -2, 1), 2, 18.94127648704634)
((-1, -9, -13, -6, -23, -4, -2, -4), 2, 18.966514979510546)
((-1, 0, 4, -3, 10, -1, -2, 0), 2, 18.98916142907889)
((-1, 0, -2, -43, 5, -3, 0, 1), 2, 19.018528602275364)
((-3, -2, -1, -9, 0, -2, 0, -3), 2, 19.03721457451097)
((-1, -9, -7, -40, -10, -1, -3, -1), 2, 19.05953545071954)
((0, 3, 9, 17, -3, 7, 3, 0), 2, 19.08256278120615)
((-2, -1, -3, -5, -2, 0, 2, 2), 2, 19.111705873263585)
((-1, 2, 8, 12, 15, 3, 3, -1), 2, 19.139927552800188)
((-3, -3, -4, -12, 4, 1, 0, -2), 2, 19.164015990156393)
((1, 8, 11, 13, 27, 4, 2, -2), 2, 19.184511716934775)
((6, 11, 3, -1, 14, 4, 2, 2), 2, 19.21525017547321)
((14, 13, 3, 2, -2, -4, 1, 3), 2, 19.24066827495725)
((59, -42, -19, -68, -20, 3, 9, 17), 2, 19.265090838388463)
((3, 85, 11, 5, -6, 1, 2, -3), 1, 19.384694859076912)
((-23, -34, 1, 0, 0, -1, -4, -7), 1, 19.40676371527669)
((6, 41, 11, 6, 21, 10, -2, -1), 1, 19.43894587214603)
((1, 29, 10, -5, -6, 0, 0, 3), 1, 19.458051497608945)
((7, 25, 4, 11, -4, -5, -1, 1), 1, 19.481859405905592)
((1, -11, 4, 8, 0, 0, 0, 0), 1, 19.505745429001344)
((6, 31, -3, -1, -9, 0, 0, 2), 1, 19.535244884193386)
((-11, -11, 9, 0, 1, -4, 0, 0), 1, 19.559163977788028)
((9, 33, -2, 0, -6, 0, 1, 2), 1, 19.581832664415973)
((6, 16, 0, 1, -1, 2, -1, 2), 1, 19.607103087017034)
((-1, -5, -8, 4, 8, 0, 0, -2), 1, 19.6358242451231)
((-5, -1, -11, -5, -2, 1, -1, -1), 1, 19.659062542585396)
((0, 15, 5, -1, 1, 5, 2, 1), 1, 19.683702915164478)
((4, 11, -3, -6, -10, -3, -3, -2), 1, 19.70331315082599)
((-7, -39, -4, 0, 3, -6, -3, -2), 1, 19.734684510291483)
((1, -6, -15, -6, -7, -5, -3, -1), 1, 19.760337524353858)
((5, 19, 11, 2, -6, -2, 1, 1), 1, 19.783309547281977)
((-9, -15, -4, -4, -3, 4, 0, -1), 1, 19.803744264691712)
((-2, 0, -8, -3, -1, 1, 1, 1), 1, 19.83841013006399)
((1, 5, 0, -3, -12, -1, -2, 0), 1, 19.86198027287723)
((1, -2, 2, 0, 3, -3, -2, -1), 1, 19.883148813253744)
((2, 23, -11, -2, 0, -2, 1, -2), 1, 19.905969168031774)
((-5, -21, -13, -6, 0, -2, -2, -1), 1, 19.935292437290066)
((0, 9, 4, -1, -11, -7, 0, 0), 1, 19.960892994699027)
((8, 18, -1, 1, 4, 4, 0, 0), 1, 19.9831619844352)
((0, 8, 3, 2, -4, 2, -1, -1), 1, 20.006382036105002)
((2, 8, 9, 5, 1, 3, 2, 1), 1, 20.033226728489492)
((-7, -44, -6, 2, 0, 0, 2, -5), 1, 20.055959845572175)
((-6, 0, 1, -1, 7, 2, 0, -1), 1, 20.077280054098775)
((-1, -8, -3, -6, -4, -4, -1, 0), 1, 20.09898741553481)
((-2, 4, -5, -1, -3, -3, -4, -3), 1, 20.124031476272773)
((2, 9, 8, 8, -2, -2, -3, 0), 1, 20.150130942070177)
((2, 9, 8, 8, -2, -2, -3, 0), 1, 20.17186681255698)
((-2, -4, -8, -3, 0, 2, 0, 1), 1, 20.198031849171155)
((4, 10, 0, -1, 2, 0, 0, 3), 1, 20.220587639958058)
((0, 10, -3, -1, -1, -2, 0, -1), 1, 20.250278105790244)
((-7, -43, 5, -1, -1, -2, -1, -5), 1, 20.272197574563997)
((6, 22, 5, 4, 3, 1, -1, 2), 1, 20.29588802557148)
((0, 4, 1, -5, -5, -4, 0, 0), 1, 20.323090221452606)
((-2, 2, 1, 0, 1, 2, -1, -2), 1, 20.350608297616244)
((9, 35, -5, -1, 0, 0, 1, -3), 1, 20.375516085091533)
((-2, 10, 1, 3, 3, 1, 0, 1), 1, 20.397575818395065)
((2, 6, -3, -3, -3, -2, 0, 1), 1, 20.42409493741978)
((1, 2, -3, -2, -2, 3, -1, 0), 1, 20.44977075872277)
((0, 14, 0, -4, -5, -3, -3, 2), 1, 20.474344420123057)
((-3, -9, -11, -3, -1, -7, -2, 2), 1, 20.494771154998578)
((0, -2, 2, 1, 2, 3, 2, 0), 1, 20.523048712274687)
((-2, -15, -4, -3, 0, 2, 2, -1), 1, 20.551680351961338)
((0, -7, -4, 0, -3, -3, -2, -1), 1, 20.573175606059657)
((-3, -37, -2, 1, -8, -6, -4, -3), 1, 20.596562150585946)
((2, 22, 5, 3, 0, 1, 1, 2), 1, 20.620157951544876)
((-7, -3, -11, -2, -2, 0, -1, -1), 1, 20.649505168405813)
((1, 8, 8, 0, 0, 1, 0, 0), 1, 20.67171828040248)
((-3, 9, 2, 0, 11, 3, -1, -2), 1, 20.694610477988448)
((4, 10, 4, 0, -3, 0, 0, 1), 1, 20.717287147150607)
((1, -2, 2, 1, 0, -1, -2, 1), 1, 20.746609846227884)
((-4, -14, -7, -3, -2, -3, -3, -3), 1, 20.77231531694367)
((2, 11, 4, 1, -7, -1, 0, -1), 1, 20.793113239660194)
((-2, 11, -16, 1, 5, -1, 1, -3), 1, 20.815674162076235)
((-16, -20, 0, -3, -4, -6, -7, -2), 1, 20.840623572765647)
((-3, -13, -6, -2, 5, -3, 0, -3), 1, 20.871492602756597)
((-2, 6, -11, -8, -8, 0, -3, -3), 1, 20.89382545276649)
((-2, -17, 3, -2, 0, -3, -3, -2), 1, 20.91199256027811)
((-10, -17, -6, 4, -8, -1, 0, -2), 1, 20.936957936035952)
((5, 19, 13, 0, 3, -3, -2, -1), 1, 20.96961961513922)
((-1, -7, -4, 0, 1, -1, -1, -1), 1, 20.991143378288307)
((0, 7, 3, 3, -2, -4, -3, 0), 1, 21.01231020812177)
((7, 24, -6, 0, 0, -4, 0, -1), 1, 21.034175509699065)
((-15, -8, -3, -2, 2, 0, -3, -2), 1, 21.064468656864495)
((2, -3, -5, -2, -2, -2, -2, -2), 1, 21.090936459597827)
((2, 7, -3, 1, 3, 3, 3, 1), 1, 21.11370891917057)
((2, 7, -3, 1, 3, 3, 3, 1), 1, 21.13327924216101)
((3, 9, -1, 0, 1, 2, 1, 3), 1, 21.169945872716212)
((5, 9, -2, 4, -3, 1, 0, 0), 1, 21.191871613481133)
((0, 15, -7, 0, 13, 3, -1, 0), 1, 21.216208649760038)
((2, -5, 0, -5, -6, -5, -1, 0), 1, 21.23595002705509)
((-5, -14, -3, -3, -3, -2, 0, -1), 1, 21.262972615916375)
((-2, -21, -8, -1, 0, -1, -2, -2), 1, 21.28716710694144)
((2, 24, 4, -2, -2, -1, -1, 1), 1, 21.310981857410273)
((-4, -7, -1, -1, -6, 1, -2, -4), 1, 21.33310374044448)
((-1, 2, -11, -3, -3, 2, 2, -1), 1, 21.36458286412187)
((1, -2, -9, -2, 0, -2, 0, -1), 1, 21.39014464922179)
((4, 15, -1, -2, -3, 1, 1, 3), 1, 21.414765065465332)
((-4, 0, -8, -3, 7, -2, 1, -2), 1, 21.43555044419952)
((-4, 1, -3, 1, 0, -3, -4, -2), 1, 21.465954206481932)
((-13, -43, -12, -3, -5, -4, -2, -4), 1, 21.49050277991754)
((-4, -3, 4, 2, 10, 2, 0, -1), 1, 21.51229110705776)
((3, 13, -5, -6, -4, 1, 0, 3), 1, 21.535431903566426)
((4, 5, -2, 1, -1, 0, 1, -1), 1, 21.561736634529364)
((-2, -20, 3, 0, 1, -3, -1, -4), 1, 21.593963265517903)
((1, -1, 2, -6, -5, -4, 0, 1), 1, 21.613751967837228)
((7, 20, 3, -1, -2, 2, 2, 3), 1, 21.638020582394294)
((-1, -15, 3, 0, 0, -1, 0, 0), 1, 21.65927864119022)
((0, 11, 1, 3, 4, 1, -3, -4), 1, 21.686129035384862)
((-3, 16, -1, -2, -3, -3, -2, 3), 1, 21.70962220376103)
((-5, -13, -14, -4, -3, 3, 3, -1), 1, 21.730449775890353)
((-3, -12, -1, 2, -1, 1, 0, -3), 1, 21.754623740398863)
((-3, 2, 0, -2, -8, 2, 0, -1), 1, 21.782348792271083)
((-1, 15, 3, -2, 3, -3, -2, -2), 1, 21.806001041150534)
((2, 3, -6, 0, -3, 1, 1, 1), 1, 21.827648533579957)
((5, 14, 8, 4, 2, 3, 0, 1), 1, 21.854711605293332)
((2, 23, -5, -2, -5, -2, 0, -3), 1, 21.884591371222623)
((1, -6, -4, 1, 5, 0, -2, -2), 1, 21.90511446668974)
((2, -14, -1, 1, -1, 0, -2, 0), 1, 21.92976738325116)
((-1, 7, 8, 5, 1, 0, 2, 1), 1, 21.9542948599892)
((-8, -39, -16, -5, -5, -2, 1, -4), 1, 21.98274689265601)
((-2, 10, 9, 1, 2, -3, -3, -2), 1, 22.007378142338847)
((5, 26, 2, 1, -1, 1, 0, 1), 1, 22.029386559350996)
((-2, -2, -7, -3, -8, -2, -3, -1), 1, 22.052298143091488)
((1, 4, 0, 1, -5, 0, 0, 0), 1, 22.081671588279132)
((-1, -7, 1, 0, -2, -2, -2, -1), 1, 22.104373345405968)
((-7, 4, 2, 2, 0, -1, 2, 2), 1, 22.12768804712432)
((0, -12, -5, -3, -4, -2, -3, -1), 1, 22.15051467389352)
((4, 9, 0, -2, 8, 4, 0, -1), 1, 22.177211689395033)
((2, -12, -8, -3, -4, -3, -3, -2), 1, 22.206534958653325)
((-6, -3, -1, -4, -1, -1, -1, -1), 1, 22.2295833858375)
((-1, -2, 14, 0, 3, 0, 0, -2), 1, 22.25161518027128)
((-6, -36, -16, -2, 13, 4, 0, -1), 1, 22.286572408142412)
((-10, -12, -13, -5, -3, -1, 0, -3), 1, 22.315742868888584)
((0, 9, 2, -1, -3, 0, 0, 1), 1, 22.337455361953758)
((0, 14, -1, 1, 0, 0, 2, 0), 1, 22.357821087460636)
((0, 4, 10, -3, -3, 0, 1, 0), 1, 22.386304480083293)
((-3, -37, -3, -5, -1, 0, -3, -2), 1, 22.413815714074747)
((4, -2, 3, 1, -7, -2, -2, -1), 1, 22.439299954556574)
((-3, -9, -16, -4, -5, 0, -1, 2), 1, 22.461560391577514)
((-3, 6, 3, 1, 0, -2, -2, -2), 1, 22.49293973357722)
((-2, 4, 1, 2, -3, 1, -1, 0), 1, 22.512707339198975)
((1, 10, 1, 6, -2, 0, 2, -1), 1, 22.54001672911099)
((-6, -22, -5, -5, 0, 2, 0, 0), 1, 22.56135461324907)
((-2, 1, -7, -5, -3, -2, -1, -3), 1, 22.585993275285105)
((-2, -18, -6, -2, 0, -5, -2, -1), 1, 22.612384103581363)
((7, 27, 6, 0, -9, 0, 1, 0), 1, 22.635377793388066)
((3, 4, -2, 0, 0, -1, -1, -1), 1, 22.658454729623013)
((-7, -32, -6, -3, 1, 2, 1, -1), 1, 22.680643894017035)
((-3, 3, -5, 1, 5, 5, 3, 1), 1, 22.713608909420472)
((0, -9, 0, 0, -2, 0, -2, -1), 1, 22.735361315156723)
((0, -5, 3, -2, 4, -2, -1, -2), 1, 22.75620542253549)
((-3, -8, -3, 1, 0, -1, 0, -1), 1, 22.778990996271585)
((-4, -3, 5, 0, 3, -6, -3, 0), 1, 22.8101034935561)
((-3, -6, -4, 15, -2, 0, -4, 0), 1, 22.83503807953911)
((0, 2, -9, -4, -4, 0, 1, 0), 1, 22.853554137832138)
((0, 0, -3, -8, -6, -3, 5, 0), 1, 22.876311202517464)
((1, 6, -4, -5, 0, -4, -5, 1), 1, 22.90901108374876)
((-2, 1, 4, 46, -1, 1, 8, -1), 1, 22.930757787674853)
((0, -3, -3, 13, 0, -2, -1, 0), 1, 22.955324036721937)
((-1, 3, -2, -9, -1, 0, 0, -2), 1, 22.977311927217535)
((-1, 1, 5, 9, 6, -1, 0, 2), 1, 23.003016827752308)
((1, -4, 2, -5, -7, -3, -1, -3), 1, 23.029388840075057)
((4, -2, -5, -11, -2, -1, 0, -1), 1, 23.05406285333405)
((15, -8, -21, -24, -24, -6, -5, -1), 1, 23.077074788933242)
((20, 3, -3, 24, 10, 4, 2, -3), 1, 23.104196589291202)
((-2, 2, 7, 18, 4, 0, 7, -12), 1, 23.1286111701882)
((-19, -2, 12, -16, 0, 3, -7, 6), 1, 23.150963406352616)
((-18, -8, 7, -33, -2, -3, -9, -17), 1, 23.17386928828295)
((-18, -8, 7, -33, -2, -3, -9, -17), 1, 23.19467747425775)
((17, 3, -14, -11, 9, -2, -4, 1), 1, 23.22605054426629)
((49, 8, 5, 24, 9, 0, -3, 13), 3, 23.53834951982206)
((-31, -7, -7, -35, -9, -3, -3, -8), 3, 23.56013100479009)
((-14, -6, -20, -62, -2, -5, -3, -21), 3, 23.590514810736966)
((-20, -3, 7, -2, -4, -4, -3, -26), 3, 23.62112611890897)
((-11, -1, 2, 19, 2, 1, 0, 4), 3, 23.644399197413204)
((-1, -3, -2, 5, 12, 3, -2, -12), 3, 23.665995943732256)
((3, -2, 3, 18, -8, -2, -3, 2), 3, 23.69205378631554)
((-10, -9, -11, 13, -2, 2, -5, 3), 3, 23.7159363883252)
((-9, -1, -12, -35, 2, 3, 1, 13), 3, 23.743149987826634)
((43, -5, -1, 46, 1, -1, -4, -3), 3, 23.766649998374984)
((-9, 8, 1, 11, 4, 1, 0, -10), 3, 23.78929872866739)
((9, 3, 7, 38, 9, -1, -2, 24), 3, 23.80960515534867)
((18, 5, 7, 40, 11, 3, 0, -11), 3, 23.843455661868973)
((1, 10, 22, 72, 28, 5, 1, -3), 3, 23.869018017149905)
((14, 9, 11, 44, 12, 4, 1, 14), 3, 23.89167187907145)
((-12, -2, -3, 0, -4, 0, -1, -40), 3, 23.91966605638292)
((8, 1, 17, 22, 11, 1, -2, -2), 3, 23.944476342904583)
((20, 4, 0, 8, -3, -1, 1, 23), 3, 23.966591383766605)
((-11, 3, 6, -13, -4, -4, 0, 0), 3, 23.98838142144987)
((14, 2, 4, -9, 11, 2, 1, 4), 3, 24.011115108713565)
((5, 10, 10, 10, 17, 7, 3, 13), 3, 24.039684598669538)
((2, 6, -5, -32, -6, 0, -2, -18), 3, 24.061335512185053)
((5, 1, -5, -22, -4, -6, -1, -7), 3, 24.084371395386892)
((14, 1, -13, -36, 1, 2, 1, 0), 3, 24.10910128638539)
((-25, 2, -4, -22, 3, 4, 1, -34), 3, 24.13773292607204)
((-17, 1, -6, 36, 7, 2, 0, 15), 3, 24.158906598077692)
((26, 3, 4, 34, 12, 1, -1, 2), 3, 24.182487574330224)
((-8, -6, -7, 5, -1, -3, -3, -17), 3, 24.206139823209675)
((-22, 1, -5, 12, 3, 1, -1, -4), 3, 24.239357428802922)
((5, -5, -8, 0, -11, -1, -1, 19), 3, 24.261808306282994)
((2, -4, 0, 4, 2, -2, -2, 4), 3, 24.286926490552958)
((0, -8, -7, -39, -13, 1, 1, -12), 3, 24.306143871494882)
((-2, 5, 7, 31, 20, 4, 4, -10), 3, 24.333992652647435)
((10, 1, -10, 10, 3, 2, -1, -7), 3, 24.360999846621308)
((9, -1, -2, -44, 0, -2, -3, 3), 3, 24.385259338282125)
((-10, 3, 1, 22, 4, 5, 2, 8), 3, 24.409336372018025)
((12, -5, -6, 12, -14, 0, 0, 2), 3, 24.445274881416605)
((14, 4, -11, 7, 2, -1, -3, -6), 3, 24.46979779670652)
((-8, -5, -8, 21, -11, -2, -1, 5), 3, 24.49189117068996)
((-11, 0, -1, 12, 10, 2, 0, 4), 3, 24.515173372090437)
((6, -4, -4, -2, 0, -3, -2, 2), 3, 24.542155478099634)
((8, -4, -1, 21, -2, 3, 0, 10), 3, 24.564097183932983)
((-3, -7, -3, -9, -5, -1, -1, 0), 3, 24.588042505854332)
((-5, -4, 0, -36, 1, -1, -2, 13), 3, 24.61165484206271)
((10, 0, -11, -76, -12, 2, 0, 15), 3, 24.639611387427166)
((-4, 2, -1, 28, 7, -1, 2, 23), 3, 24.668679785771587)
((9, -15, -25, -82, -32, -10, -5, -5), 3, 24.689774202616103)
((-24, 4, -3, 32, 11, 4, 3, -5), 3, 24.71417795007381)
((15, -8, -14, -6, -1, -3, -2, 17), 3, 24.74398131174704)
((9, -2, -1, 28, 1, -1, -2, -5), 3, 24.767617025377046)
((4, -3, -7, 0, -5, -5, 0, 7), 3, 24.790192772499484)
((-2, -14, -23, -73, -26, -10, -7, 3), 3, 24.81394309251358)
((-2, 4, 6, 40, 8, 1, 1, 3), 3, 24.836533094161403)
((7, -2, 6, 6, -10, -3, -5, -27), 3, 24.86639347393617)
((-3, 3, 6, 7, 6, 2, 3, -5), 3, 24.88711100112953)
((-6, 1, 2, 10, -3, -3, 0, -2), 3, 24.911284965638043)
((-12, -6, -20, -24, -3, -3, -1, -9), 3, 24.938917648185768)
((5, -6, -5, 17, -8, -3, 0, -3), 3, 24.96862635981045)
((-10, -1, 4, -33, -8, -2, 1, 0), 3, 24.992162291762767)
((33, 1, 6, 6, 5, -1, 0, 2), 3, 25.014591502364254)
((-8, -3, 5, 15, 1, 0, -6, -23), 3, 25.041628345750926)
((4, -2, -10, 0, -4, -2, -2, 19), 3, 25.070282222497177)
((-6, -3, -9, -31, -12, -4, -5, -3), 3, 25.09115141784062)
((7, -5, -3, -13, -2, 0, -1, -2), 3, 25.11616012735563)
((-10, -1, -7, -3, -4, 2, 0, 1), 3, 25.14106905519295)
((-1, 0, 1, 10, 3, 1, -1, -2), 3, 25.17233607153263)
((-8, -17, -31, -50, -29, -10, -7, -21), 3, 25.193324434708288)
((-7, -1, 0, 30, 0, -1, 0, 0), 3, 25.21736326631616)
((-12, 0, 0, -59, -5, -1, 2, -3), 3, 25.240310201279602)
((-10, -1, 3, -5, -3, 0, 2, -2), 3, 25.269613514202355)
((-8, 3, 7, 9, 5, 0, 1, -21), 3, 25.29309299823415)
((-4, -1, 2, -7, -2, 3, 2, -3), 3, 25.316710466071665)
((-5, -7, -9, -27, -9, 1, -2, -4), 3, 25.337803742554147)
((0, 1, -9, -15, 5, 2, 0, 7), 3, 25.365439846187968)
((-9, -1, 7, 6, 6, -1, 0, 2), 3, 25.388002479147055)
((-3, 2, 6, 3, 0, -5, -4, -9), 3, 25.413864179461054)
((-2, -1, -2, -7, 1, 3, 1, 1), 3, 25.437932660481724)
((1, -2, -13, 5, 2, -2, -1, -1), 3, 25.462109475895314)
((-1, 3, 0, 16, -3, -2, -1, -7), 3, 25.490755370107347)
((1, 6, 9, 2, 7, 8, 4, -3), 3, 25.512499223128366)
((-10, -7, -17, 3, -14, -7, -2, -2), 3, 25.538215527283448)
((-9, 4, 12, 8, 3, -1, 1, 6), 3, 25.56462574173423)
((-1, -1, -3, 13, -12, -1, -4, -5), 3, 25.587134207496852)
((6, -5, -6, -19, -9, -1, -1, -4), 3, 25.60876003304769)
((-9, 2, -3, 19, 4, -4, 0, -8), 3, 25.632662021211875)
((6, 0, -6, 0, -2, -2, 3, -20), 3, 25.651336019646156)
((-1, -2, -2, -67, 7, 1, -1, -8), 3, 25.678317555474337)
((-3, -1, -2, -5, -2, -2, -1, 8), 3, 25.701072909616617)
((-1, -2, 7, 24, 6, 0, 0, -2), 3, 25.725024503529134)
((1, 1, 9, 12, 6, -1, -1, -4), 3, 25.74846122398478)
((11, 0, 3, 10, -1, 0, -1, -1), 3, 25.775962194717955)
((-4, 0, 5, -14, -3, -1, -1, -6), 3, 25.800309494255142)
((-7, -2, -12, 14, -3, -1, -2, -11), 3, 25.82145237648596)
((0, 3, 5, 14, 3, 3, -2, -7), 3, 25.84293793750702)
((-3, -2, -5, -1, -8, 0, -4, -3), 3, 25.873309769652572)
((10, 6, 8, 20, 7, 2, 3, 2), 3, 25.897815579512027)
((7, 2, 3, 24, 11, 3, 3, 1), 3, 25.921837305689436)
((-19, 2, 4, 10, 1, 2, -1, 1), 3, 25.94245334066206)
((-6, 1, 6, -20, -2, 2, 1, 1), 3, 25.970283305841104)
((0, 2, 4, -2, 3, 1, -1, -27), 3, 25.997854408839174)
((14, 4, 9, 15, 0, -4, -1, 5), 3, 26.020479191528935)
((-5, -5, -9, -8, -10, -3, -4, 5), 3, 26.03948389495213)
((-21, 0, 2, -5, -1, 2, 1, 1), 3, 26.06795702431651)
((-2, -15, -25, -17, -25, -10, -7, -7), 3, 26.097995300568073)
((-2, 1, 5, 10, -1, 0, 4, 0), 3, 26.12183627936361)
((-2, 5, 19, 42, 14, 1, 1, -9), 3, 26.143650834830535)
((-2, 5, 19, 42, 14, 1, 1, -9), 3, 26.16803348559067)
((1, -2, -6, -35, -2, -1, -2, 2), 3, 26.20211605578423)
((-1, -2, 0, -2, 2, 0, 1, 3), 3, 26.22236945563108)
((1, 1, 0, -3, 8, 6, 0, 4), 3, 26.245515383768886)
((16, -2, -9, -4, 1, -4, -4, 8), 3, 26.270665498175706)
((3, 0, 5, 0, 0, 0, -1, 47), 3, 26.298444717244383)
((4, 4, -3, -16, 8, 5, 5, 10), 3, 26.320285501038015)
((-3, 4, 10, -20, -1, 0, 0, 2), 3, 26.34000007982534)
((0, 1, 5, 29, 14, 2, 1, -12), 3, 26.364625627698025)
((-1, -2, -5, -13, -6, 1, 2, -8), 3, 26.395844748832413)
((-1, -4, -5, -17, -5, 0, 0, -3), 3, 26.42181877480644)
((1, -3, -5, -9, -2, -2, -3, -2), 3, 26.444652813928837)
((-2, -2, -4, -31, -1, -1, -1, 1), 3, 26.4699306488831)
((-2, -3, -3, 10, -2, 1, -1, -2), 3, 26.49621941477761)
((-2, -1, -1, 11, 4, -2, 0, -3), 3, 26.522097650341053)
((0, -1, -7, -12, 1, 0, -3, -4), 3, 26.544338131026457)
((-13, -5, 0, -21, -13, -4, -1, -2), 3, 26.565620707606044)
((-7, 2, -8, -1, 2, 2, 0, 4), 3, 26.594508358568596)
((-10, -5, -3, -41, 1, 3, -2, -8), 3, 26.617561347200898)
((5, -4, -4, -22, -9, -2, 1, -4), 3, 26.64053679121511)
((5, -3, -9, 1, -5, -5, -5, 0), 3, 26.664195882266743)
((-2, -10, -12, -83, -34, -7, -8, -3), 3, 26.68845537392756)
((8, 30, 6, -63, -7, 0, 0, 11), 1, 26.88025115333365)
((-1, -38, 0, -5, 13, -2, -1, -2), 1, 26.910779785258427)
((-4, 12, 22, 5, -5, -1, -1, 11), 1, 27.02734816222106)
((1, 5, -1, 5, 10, -2, -1, -3), 1, 27.048826310888916)
((12, 62, -1, 0, -11, -3, 2, -4), 1, 27.070118580545767)
((-1, -20, 18, 4, -3, 0, 3, 4), 1, 27.100761248673617)
((0, -6, -3, 0, -8, -5, -3, 8), 1, 27.130631321525644)
((0, 4, -5, -9, -19, -2, 0, -1), 1, 27.1526956162773)
((2, -44, 10, 5, -8, -2, -2, -1), 1, 27.173698804159358)
((-1, -12, 0, 5, 5, -2, -1, -1), 1, 27.205380342097207)
((8, 29, 13, 3, 8, 4, 3, 0), 1, 27.229183118764713)
((3, -3, 3, 2, 0, 0, -2, -2), 1, 27.25348366345864)
((-22, -38, 10, -6, -13, -7, -6, -10), 1, 27.27738964288993)
((-2, -3, 4, 0, -8, 1, 0, -2), 1, 27.30370349674911)
((1, -11, -18, -4, 9, -3, 0, 1), 1, 27.32913927184463)
((13, -2, 2, 6, 9, 5, 4, 1), 1, 27.354327018198468)
((-8, -46, -13, -13, 4, 0, -4, -4), 1, 27.378458219130827)
((-1, 7, -4, 0, -5, 0, -1, -3), 1, 27.40674033785506)
((-2, 3, 2, -1, -6, -2, -3, -2), 1, 27.434670084711794)
((-17, -53, -6, 0, 5, 6, 0, -4), 1, 27.45522054886765)
((9, 26, 3, 4, -1, -1, 0, 1), 1, 27.479863202170794)
((9, 24, 2, 3, -25, -4, 2, 4), 1, 27.50497055300146)
((10, 23, 16, 4, -9, -3, 0, 1), 1, 27.52965197861365)
((-1, -28, -3, -6, -8, -5, -4, -8), 1, 27.554888190353793)
((8, 18, 7, 0, -1, 0, 1, -1), 1, 27.576515726447674)
((1, -13, -17, -4, 13, -6, 0, 2), 1, 27.59993762219692)
((3, 0, 3, 1, 2, 0, 1, 2), 1, 27.628268776488472)
((3, 3, 4, -1, -20, -6, -1, 0), 1, 27.649952760502877)
((3, 10, 8, -6, -2, -2, -3, -1), 1, 27.67153012066741)
((4, 5, -1, 3, -3, -1, -1, -1), 1, 27.696632910049953)
((5, 10, 8, 3, -14, 3, 4, 5), 1, 27.72164789155613)
((-2, -14, -18, -6, -16, 0, 0, -1), 1, 27.74749989879287)
((-2, 16, -2, -1, 9, 3, 0, -1), 1, 27.769132566515893)
((0, -5, -16, 1, -1, -6, 0, 1), 1, 27.792243143430746)
((-4, 4, 3, -2, -10, 0, 0, 2), 1, 27.820595964600884)
((0, 1, -1, -3, 1, 3, 0, -3), 1, 27.842086657251077)
((-10, -27, -35, -1, 2, -4, -5, -5), 1, 27.864924687640585)
((3, 11, 2, 3, 10, 4, 2, 1), 1, 27.885943270410056)
((4, 27, 8, 2, 1, 1, 2, 1), 1, 27.91290827098879)
((-1, 2, 1, 1, 0, 1, 1, -2), 1, 27.93908756212835)
((1, 0, 10, 3, 6, 4, 2, -1), 1, 27.963790084438106)
((1, 11, 7, -3, -7, 0, 1, -1), 1, 27.987871109441116)
((6, 3, 14, 6, 8, 3, 2, 1), 1, 28.011212039486175)
((-2, 11, -12, -3, -5, -3, -3, -3), 1, 28.03910757548199)
((1, -14, -16, -10, 2, -1, -3, -1), 1, 28.064249707354595)
((1, 16, 16, 7, 5, 2, 2, 2), 1, 28.084308105294188)
((-4, -20, -13, -3, 2, -1, -1, 0), 1, 28.10981515301663)
((1, 5, 1, -2, -1, -2, -1, 1), 1, 28.137155902884487)
((1, -3, 5, -2, -6, -2, 0, -2), 1, 28.15945568239549)
((-4, -2, -6, -2, 3, -1, -2, 0), 1, 28.181588969050004)
((3, -22, -2, -4, 1, 2, 0, -2), 1, 28.20548183431794)
((-1, 14, 2, 1, -6, -2, -3, -1), 1, 28.23362996050356)
((1, 36, -11, 4, 7, 0, 0, 1), 1, 28.257567299890695)
((-5, 2, -13, 0, 18, -1, -3, -4), 1, 28.279404662598235)
((-6, -37, -3, -4, -7, -4, -3, -3), 1, 28.303831217296555)
((-4, -38, -4, -10, -11, -1, -1, -4), 1, 28.334459060718007)
((-5, 7, 2, -2, -1, -2, 0, 0), 1, 28.359096582392013)
((-9, 9, 29, 1, 10, 3, 0, -1), 1, 28.38167004879039)
((-1, -11, 2, 2, 4, 1, 0, -1), 1, 28.403602631727495)
((8, 28, 4, 1, -4, 0, 3, 3), 1, 28.433790865586097)
((4, 8, 16, 6, -4, -1, 2, 1), 1, 28.457907811993074)
((0, -10, -8, 4, -12, -1, 0, 0), 1, 28.482496868280773)
((0, -10, -8, 4, -12, -1, 0, 0), 1, 28.50079283670187)
((0, 4, -15, -1, -2, 0, 0, 2), 1, 28.53091321901964)
((2, 3, -9, -4, -5, -5, -1, 0), 1, 28.560339691041715)
((5, 11, 5, 1, 6, -2, 2, 0), 1, 28.583138949122176)
((1, 16, 11, 2, 13, 3, 1, 1), 1, 28.60497118020058)
((-2, -6, -3, -1, 12, 1, 0, -1), 1, 28.632041664267156)
((-3, 35, -9, 1, -8, -1, -1, -4), 1, 28.655019959186443)
((5, 1, -8, 4, 0, 1, -1, 1), 1, 28.67837229285181)
((5, 19, 15, 6, 3, 2, 0, 1), 1, 28.703044595567754)
((4, -6, 19, -4, -5, -1, 2, 2), 1, 28.730608286212625)
((-9, -47, -4, -3, -12, -1, -1, -2), 1, 28.7584912782261)
((1, 3, 3, 4, -3, 0, -2, 0), 1, 28.782771866584486)
((4, 24, 0, -2, -2, 0, 1, 1), 1, 28.806554686916456)
((-1, -12, -4, 1, 0, -2, -1, 0), 1, 28.829566052334634)
((-1, 17, 13, 9, 3, 0, -2, 0), 1, 28.856638246944257)
((-6, 6, -3, 2, -1, 2, 1, 0), 1, 28.878516092503887)
((1, 14, -5, -2, 4, 1, 1, 1), 1, 28.90236505383364)
((-4, 1, -10, -3, 1, -1, -1, -1), 1, 28.927549379101382)
((-2, 5, -1, -2, -5, -7, -3, -5), 1, 28.94941411049766)
((-1, 0, 0, 0, -5, 2, 0, 2), 1, 28.980965647164005)
((5, 15, -8, 5, 2, -1, -1, 1), 1, 29.006299359857774)
((-4, -9, -4, -1, 3, -3, -3, -6), 1, 29.031523027615577)
((0, -2, -5, -2, 0, 0, -1, -1), 1, 29.06096774543014)
((-1, -2, 0, 1, -5, 1, 0, 2), 1, 29.0826500189015)
((2, -1, 1, -1, 2, 0, 2, 1), 1, 29.10364294352528)
((5, 22, 10, 1, -2, -2, 1, 1), 1, 29.1294385028415)
((2, 8, 0, -2, -2, -2, -1, 1), 1, 29.16062227275293)
((-4, -1, -1, 3, 0, 0, -2, -3), 1, 29.182905517014486)
((-12, -11, -10, 0, 2, 1, -1, -2), 1, 29.211145442343582)
((3, 17, -5, 3, 4, -2, -1, -1), 1, 29.231766608945343)
((1, 0, 9, -2, 3, 0, 1, 1), 1, 29.26106821132505)
((-2, -17, -12, -2, 0, -1, -2, -2), 1, 29.283856065785205)
((-5, -7, -14, -7, -11, -4, -2, -1), 1, 29.30933061318977)
((-8, -11, 4, -4, -5, -5, -2, 0), 1, 29.330017920789313)
((-1, -1, -13, 1, 1, -1, 1, 0), 1, 29.358570305314828)
((2, -5, -2, -4, 1, 2, -1, -2), 1, 29.38124184284785)
((-4, -10, 2, -4, 1, -1, -2, -3), 1, 29.40810250030077)
((-5, -19, -4, 0, -3, -2, -1, -2), 1, 29.433132876694366)
((-5, -19, -4, 0, -3, -2, -1, -2), 1, 29.459096639410113)
((0, 6, -13, -7, -8, -2, -1, -1), 1, 29.484732548042025)
((-1, -6, 2, -7, -3, 0, -1, -1), 1, 29.507001537778198)
((0, -4, -1, 0, -3, -4, -2, 0), 1, 29.531243924008557)
((0, -4, -1, 0, -3, -4, -2, 0), 1, 29.562501817451988)
((-1, -3, 2, -2, -3, 2, 0, -1), 1, 29.591238370445467)
((-1, 2, 8, -6, 0, -3, -1, 0), 1, 29.613229111846138)
((-1, -2, 3, -2, -4, -4, -4, 1), 1, 29.635271739719208)
((0, -1, -10, 5, 1, 0, 1, -2), 1, 29.661188177410683)
((1, 2, 0, 10, 2, -4, 1, 0), 1, 29.688527216735498)
((0, -3, -7, 13, -5, -3, -1, 1), 1, 29.711560819213275)
((-1, -4, -17, 7, -1, -2, -3, -3), 1, 29.732500717002626)
((-1, 5, 15, 45, 19, 6, 3, 2), 1, 29.764331072185488)
((2, 3, 7, 23, 10, 2, -1, -1), 1, 29.786898266592694)
((1, 1, -3, 30, -3, -7, -5, -3), 1, 29.81602311285764)
((0, 1, 2, 6, 7, -1, -1, 2), 1, 29.839060706602524)
((-4, 2, 9, 16, 10, 2, -2, -1), 1, 29.867167209574024)
((1, 3, 4, 29, 7, 2, 2, 3), 1, 29.8920225403959)
((-2, -2, 9, -25, -10, -2, -3, -2), 1, 29.915398821663914)
((-14, -5, -17, 28, -18, -2, 0, -1), 1, 29.936463018914615)
((6, 5, 7, 27, 6, 1, 3, 3), 1, 29.962244893886464)
((36, -8, -8, -31, -5, 0, -1, 5), 1, 29.990529293334756)
((36, -8, -8, -31, -5, 0, -1, 5), 1, 30.01344771924743)
((-27, -11, -7, -11, 9, -3, -6, -10), 1, 30.040405307472962)
((9, 5, 2, -64, -18, -10, -2, 5), 2, 30.10977295962149)
((1, 7, 2, 6, 28, 8, 5, 0), 2, 30.131901114646865)
((-12, -6, -7, -13, -2, 2, 0, -1), 2, 30.156142360515194)
((3, -1, -1, 2, 0, 1, -3, -1), 2, 30.18122804446728)
((3, 0, 0, 30, 11, -1, -1, -3), 2, 30.207990630785556)
((-7, -6, -10, 9, 6, -2, -1, 3), 2, 30.232292886022524)
((7, 2, -7, -51, -27, -8, -3, -1), 2, 30.251912244580286)
((17, 9, 19, -11, 13, 1, 0, 1), 2, 30.28644639813802)
((0, -7, -16, 65, -12, -4, -3, -1), 2, 30.311028612253534)
((0, -1, -7, 45, 3, -2, -1, -2), 2, 30.33255237540262)
((1, 3, 18, -18, -2, 1, 0, -1), 2, 30.356851209553497)
((-4, 1, -6, 1, -4, 0, 2, 2), 2, 30.38336462676806)
((5, 3, 1, -18, 2, 1, 0, 2), 2, 30.406610336583554)
((-8, -2, 1, -25, 6, 0, -1, -2), 2, 30.428894151026125)
((1, 1, -1, 21, 3, -2, -2, 0), 2, 30.453275661424232)
((2, -4, -3, -28, -5, -4, 0, -3), 2, 30.480595314594524)
((-1, -2, -7, 7, 2, 1, -1, 0), 2, 30.50598718575186)
((-1, 1, 7, 12, 1, 0, 1, -2), 2, 30.527248665633877)
((-17, 5, 13, -28, 17, 0, 1, -1), 2, 30.54957923491971)
((-2, -3, -1, -13, 5, 1, -1, -3), 2, 30.572790163693266)
((0, 2, 4, -12, 1, -3, 2, -1), 2, 30.598670679980774)
((6, 1, -1, 3, 1, -1, 1, 2), 2, 30.622645651314922)
((3, 6, 8, -11, 5, 2, 4, 1), 2, 30.647041416238412)
((-5, 7, 2, 23, 10, 2, 2, 0), 2, 30.671807228640876)
((-14, -5, -11, -4, -6, -4, -2, -3), 2, 30.70079808236721)
((8, -5, -8, -24, -14, -3, -3, -2), 2, 30.72651324616026)
((-7, -1, 2, -13, 0, -2, -1, -3), 2, 30.748774253362214)
((5, 0, -6, 19, 3, 1, 0, 0), 2, 30.77144750143828)
((0, -1, -3, 9, -4, -1, 0, -3), 2, 30.804808792647403)
((20, -3, -4, 12, -3, -3, -3, 1), 2, 30.826260142807538)
((-17, -7, 1, -27, -5, -2, 1, -3), 2, 30.846943459139972)
((-3, 2, 1, 52, 12, 3, -1, -1), 2, 30.873991135965934)
((3, 1, -5, -5, 2, 2, 0, 1), 2, 30.90038880643438)
((-2, -5, -24, -19, -12, -3, -1, -3), 2, 30.925573131702123)
((-2, 0, -3, -13, -1, 2, -2, -1), 2, 30.948664322462452)
((-4, -4, -3, -19, -8, 0, 0, 0), 2, 30.97371237446752)
((-3, 4, 8, 16, 5, 3, 5, -1), 2, 31.004797503063298)
((-10, -3, 0, -10, -2, -2, -1, -4), 2, 31.025574329082254)
((-1, 3, 5, -11, -1, 1, 2, 2), 2, 31.051160061784813)
((1, -2, 1, 29, 0, -3, 1, -1), 2, 31.07470853771947)
((-12, -2, -4, -35, 6, -2, -2, -2), 2, 31.10374158484094)
((1, 2, 15, 37, 10, 1, 2, -1), 2, 31.12732256109347)
((5, -1, 4, 3, 6, -3, -2, 0), 2, 31.145521598741954)
((6, 0, -2, 2, 1, -1, -2, -3), 2, 31.165131264222453)
((6, 0, 2, -27, 2, 2, 1, -1), 2, 31.18851096657656)
((0, 3, 5, 21, 17, 1, 1, 0), 2, 31.21665054004695)
((1, 2, 2, -27, 5, 1, 4, -1), 2, 31.24033756996834)
((10, -2, -4, -10, 3, 0, -2, -3), 2, 31.26321950429603)
((3, -2, 1, -1, -9, -4, -3, 0), 2, 31.285978849705415)
((5, 3, -7, 19, -1, -3, 0, 1), 2, 31.312719198964096)
((0, -2, -10, -12, -9, -3, -1, -1), 2, 31.33918301043032)
((-10, 2, 8, 1, 3, 0, 1, 1), 2, 31.3627656972259)
((-1, -1, 1, 1, -3, 0, 0, -1), 2, 31.389212403261663)
((5, 0, -3, -18, -3, -3, -1, 1), 2, 31.421505175247987)
((-1, -5, -9, -8, -5, -1, -4, -3), 2, 31.442938849796644)
((3, 5, 7, -3, 17, 5, 3, 3), 2, 31.465941092318577)
((-3, 2, -2, 8, 7, 0, 0, -3), 2, 31.489544875811724)
((8, -1, -1, -14, -5, -1, 0, -1), 2, 31.515625525635624)
((-4, -4, 4, -14, -10, -6, -2, 1), 2, 31.54123634630286)
((-1, -3, 1, 32, 13, 2, 1, -3), 2, 31.56465995259515)
((2, -1, -9, 6, 3, -6, -1, 3), 2, 31.59130052017614)
((5, 0, -11, -4, -2, -2, -4, -2), 2, 31.622524772939666)
((2, -8, -13, -11, -13, -2, 0, -1), 2, 31.644274897951853)
((3, 0, 0, -2, -1, -2, -2, 1), 2, 31.66663169556439)
((0, 2, 9, 12, -5, -3, 0, -2), 2, 31.690069556382063)
((2, -3, -3, -7, -4, -1, 1, 0), 2, 31.72201109686292)
((0, 0, -6, -45, -4, 0, 1, -3), 2, 31.744200831437958)
((-4, 1, -3, 15, 0, 0, 1, -3), 2, 31.766392846737055)
((3, -1, 6, 18, 11, 3, 0, -1), 2, 31.79009983299398)
((-2, -5, -23, -13, -7, -4, -2, -1), 2, 31.820678070667096)
((-4, -3, 2, 5, -3, -2, -2, -1), 2, 31.84298013090216)
((1, 2, 2, -1, 5, -1, 1, 1), 2, 31.865845529980405)
((0, -3, 5, 15, -10, -1, 0, 0), 2, 31.88908325726168)
((2, -3, -10, -2, -5, -1, -1, 1), 2, 31.916019178608632)
((-2, 1, 1, 8, 3, -5, -2, 1), 2, 31.940920123911738)
((2, -3, -2, -16, -1, -3, -3, -4), 2, 31.962572177789284)
((-3, -1, 0, -1, 0, 1, -1, 1), 2, 31.991918824469206)
((-3, -1, -7, -1, -5, 2, 2, -1), 2, 32.02182253800114)
((-2, 0, 3, -6, 3, 1, 0, -1), 2, 32.04554948059361)
((11, 4, 11, 14, 8, 1, 0, 3), 2, 32.06642266720416)
((0, -1, -2, -11, -3, -2, 0, -1), 2, 32.091157119650774)
((-3, -1, -6, -75, -3, -4, 0, 0), 2, 32.11954814294894)
((-2, -9, -17, -9, -12, -6, -3, -1), 2, 32.1406813321025)
((-4, -1, -1, 8, -3, 0, -1, 0), 2, 32.160649641441665)
((2, -2, 1, 9, 1, 0, -1, -1), 2, 32.18638305102721)
((0, -2, -3, -9, -6, -1, 0, -1), 2, 32.21043214589336)
((2, 0, -2, 8, -8, -3, -3, -2), 2, 32.23997322429952)
((-2, 3, -1, 6, -1, -2, -2, 1), 2, 32.257286770831136)
((4, 0, 0, 5, 3, 2, -1, -1), 2, 32.28075085997552)
((-3, -3, -8, 16, -14, -2, -4, 0), 2, 32.30464144451939)
((0, -1, 1, -2, 0, 1, 1, 2), 2, 32.33426805007786)
((-2, 0, 8, -41, -4, -2, -3, -2), 2, 32.360354971892924)
((2, -3, -4, 22, 3, 2, 0, 1), 2, 32.38495828270601)
((1, 0, -3, 0, 5, 0, 1, 0), 2, 32.40633151806704)
((-1, 0, 2, 9, 6, 1, 1, -1), 2, 32.436817956596684)
((0, -2, 0, 14, 4, 1, -2, -4), 2, 32.463797781881816)
((0, 5, 8, 35, 26, 5, -1, 0), 2, 32.48644993326031)
((-3, -2, -3, 8, -4, -3, 0, 0), 2, 32.50905818070063)
((-3, -2, -9, -3, 1, 0, -4, -1), 2, 32.53956913701393)
((-2, -6, -5, 12, -22, -4, -2, -1), 2, 32.56161005434395)
((-1, -2, -3, -11, 2, -3, 1, -1), 2, 32.58516252154571)
((1, -1, -1, -19, -4, -1, -3, -1), 2, 32.60788822627519)
((0, 1, 5, -2, 6, -2, -1, 2), 2, 32.634421599825295)
((-3, 4, 3, 15, 9, 4, 1, -1), 2, 32.6605541361216)
((3, -1, 2, 5, 0, -2, 1, 3), 2, 32.6831173392617)
((0, -3, -8, -8, -7, -2, -2, -2), 2, 32.70746463879888)
((-2, -7, -19, -11, -17, -4, -2, -2), 2, 32.736670450768)
((-2, -3, -10, -18, -5, -3, -1, -1), 2, 32.75986598465415)
((0, 0, -5, -7, 5, -2, -1, 0), 2, 32.783501698284155)
((-5, -4, -10, 4, 3, -3, 0, -2), 2, 32.80653130949482)
((2, 2, 2, 1, 1, 1, 0, 0), 2, 32.837770957145764)
((-2, -4, -15, 7, 1, 0, 1, -1), 2, 32.862343478184016)
((-1, 0, 1, -2, 3, -1, -2, -1), 2, 32.883712152096926)
((0, -1, 1, -9, -12, -1, -1, -3), 2, 32.90672123679104)
((-1, 0, 8, 7, 5, 1, -1, -2), 2, 32.93633301764311)
((0, -2, 1, 9, 1, -1, -2, 0), 2, 32.96243305362153)
((0, 2, 2, 86, 8, 1, 3, -1), 2, 32.98670736998875)
((1, 2, -2, 6, 16, -1, 1, 3), 2, 33.00953513711998)
((0, 0, 5, 15, 2, 0, -1, 2), 2, 33.03915832159235)
((-2, 0, -3, -18, -3, 0, 0, 0), 2, 33.06500576738097)
((-2, -3, -6, -4, -13, -1, 0, 2), 2, 33.08887753595134)
((0, -2, -12, 11, 1, -5, -4, 1), 2, 33.11290724466296)
((-2, -3, -4, -16, -2, -2, -1, -2), 2, 33.141165985965564)
((0, -4, -11, 8, -10, -4, 0, -3), 2, 33.16664167373216)
((-1, -6, -9, -2, -14, -4, -5, 0), 2, 33.19078085719873)
((0, -1, 2, -31, -4, 2, 0, -1), 2, 33.21653935474895)
((-1, 2, 3, 8, 13, 8, 4, -1), 2, 33.244837438541616)
((0, -1, -2, 6, -8, 0, 2, -2), 2, 33.271875422290314)
((0, 1, 3, 10, 4, 2, 1, -1), 2, 33.29310782294055)
((-1, -4, -3, 4, -10, 1, 1, 1), 2, 33.31662950036748)
((3, -6, 0, 24, -4, -4, -3, -1), 2, 33.34154070892886)
((0, 0, 1, 6, 18, 3, 0, -1), 2, 33.36342653702271)
((2, 6, 6, 28, 10, 3, 0, 4), 2, 33.38760620334138)
((-4, -3, 8, 15, 2, -3, 0, -3), 2, 33.412595526701864)
((24, 38, 23, 59, 21, 10, 11, 15), 2, 33.44072540709499)
((29, 27, 17, -9, -17, 5, 8, 18), 2, 33.47107272145688)
((24, 37, 18, 13, -1, 5, 5, 7), 1, 33.61615984226513)
((-12, -26, -8, -4, -1, -1, -3, 3), 1, 33.64142114196994)
((4, 22, 11, 1, -2, -2, 1, -1), 1, 33.67119827531646)
((12, 32, 6, 5, -10, -1, 2, 4), 1, 33.694205649467534)
((-20, -37, 11, 8, 1, -2, -4, -4), 1, 33.715334847353986)
((-13, -16, -6, -12, -13, -5, -3, -5), 1, 33.738888454917785)
((4, -8, 5, 2, 5, -2, -1, -1), 1, 33.76347009885228)
((-1, 12, -13, 12, 2, 5, -1, -4), 1, 33.787989022875095)
((9, 7, -17, -15, -10, -3, 1, 0), 1, 33.810396566598)
((2, 13, 25, 5, 3, 2, 0, 0), 1, 33.83448614431624)
((1, 23, -12, -1, -5, -1, -1, -4), 1, 33.867282956320146)
((-14, -26, -26, -11, -11, -9, -5, -6), 1, 33.88881242127938)
((-14, -26, -26, -11, -11, -9, -5, -6), 1, 33.909834425134946)
((5, 26, -7, 2, -1, 4, 3, 4), 1, 33.934891600036266)
((-8, -12, -39, -6, -9, -2, 0, -2), 1, 33.96527369544009)
((-5, 18, 4, 1, -3, -4, -2, 0), 1, 33.98667144858478)
((-2, -9, 1, -1, 25, 2, -1, -3), 1, 34.01197209077966)
((-8, -36, -11, -6, -3, -1, -2, -5), 1, 34.034154413001495)
((3, -1, 9, 12, 4, 2, 0, 3), 1, 34.06079669112553)
((-1, 3, 11, 11, -4, -4, 1, 2), 1, 34.086688611033345)
((-2, -7, -5, -6, 0, 4, -2, -1), 1, 34.107297233652766)
((7, 18, 8, 1, 0, -2, -1, -2), 1, 34.13240914593156)
((-1, 1, -21, 2, 1, 3, -1, 1), 1, 34.15605455263883)
((-1, -2, 10, 6, -12, -1, 0, -4), 1, 34.186970337473035)
((3, -3, -12, 0, 8, 5, 3, 1), 1, 34.21090710667916)
((-3, -9, -2, -2, 4, 1, -1, -2), 1, 34.23492028014134)
((3, 17, -9, -7, -16, -8, -7, -2), 1, 34.261874447280775)
((-11, -25, -19, 0, -8, -5, -3, -5), 1, 34.28965822779758)
((7, 11, -3, -6, -7, -1, 0, 3), 1, 34.31200989378098)
((3, 11, 13, -3, -3, -1, -2, 0), 1, 34.33595749642639)
((0, 8, 20, 8, -3, 0, 2, 0), 1, 34.36187393411787)
((1, 12, 9, 9, 7, 0, 2, 1), 1, 34.39062303109368)
((1, 0, -4, -5, 0, 0, 0, 7), 1, 34.41632451054236)
((5, 13, 2, 11, 7, 1, 1, 4), 1, 34.51164908323445)
((-1, 17, 3, -8, -3, -3, -1, 0), 1, 34.53459316729282)
((-1, 6, -5, -11, -24, -9, -5, -4), 1, 34.56110601432637)
((3, -1, 1, 15, 7, 1, 1, 1), 1, 34.587046969801506)
((-3, 8, -13, 5, 1, -1, -4, -4), 1, 34.60877770865917)
((-7, -11, -5, -6, -14, -1, -1, -2), 1, 34.632595310033075)
((0, 23, -8, 2, 3, 2, 0, 0), 1, 34.65480671148669)
((3, 1, 1, -6, 7, 0, 2, 2), 1, 34.68573389994121)
((4, -2, -2, 4, -1, 2, 1, 1), 1, 34.70764652654278)
((3, 12, 7, -4, 4, 4, 0, 26), 1, 34.72864629333875)
((-3, -13, -14, -6, -6, 0, 0, -6), 1, 34.75327526229752)
((-6, -18, -10, -3, -2, 7, 0, 1), 1, 34.78212642167509)
((-2, -2, -7, 1, -3, -5, -2, -1), 1, 34.80343864766748)
((2, 5, 8, 2, -2, -2, -1, 0), 1, 34.8253273266664)
((-1, 32, 11, -7, 3, -4, -1, -1), 1, 34.850648495377825)
((3, 13, 25, 1, -6, -2, -2, -2), 1, 34.87638988749758)
((-3, -37, 4, 4, 18, 11, 4, 0), 1, 34.90515551972285)
((-4, -24, -14, -7, -8, 0, -1, -8), 1, 34.92737718443474)
((-10, -14, 2, -3, 1, 2, -1, 1), 1, 34.951024871866075)
((3, 9, -12, -4, -6, -2, -1, -1), 1, 34.97583629874976)
((4, 17, 1, 2, 7, 0, -1, -1), 1, 35.00176756114764)
((-3, 1, 0, 3, -5, -1, -1, 1), 1, 35.02432620283962)
((-5, -9, -8, -8, 3, -2, -1, -1), 1, 35.0483507799221)
((6, 16, 1, 7, 0, -1, 0, -1), 1, 35.07267356167563)
((1, -7, 2, -6, -19, -1, -3, -4), 1, 35.0993950949608)
((-4, -11, -7, -6, 26, 10, 3, 2), 1, 35.12400125667896)
((-2, -5, -6, 0, -5, -5, -5, 5), 1, 35.146244018088424)
((-2, 11, 8, 7, 2, -2, -1, -2), 1, 35.16991850402747)
((1, -2, 4, 8, 13, -1, -2, -3), 1, 35.200307441603485)
((-2, 2, -19, -8, -7, 0, -1, -3), 1, 35.2240805688582)
((-1, -11, -1, -1, 1, 1, -2, -4), 1, 35.2490630500465)
((4, -28, 15, 0, -3, -2, -1, -5), 1, 35.27293538879788)
((-1, -1, -4, 2, 8, 2, 0, -1), 1, 35.30399942069609)
((-3, 32, -15, 7, 5, 4, 2, 6), 1, 35.326701177822926)
((-1, 7, -9, 1, 5, -3, -4, -4), 1, 35.350342593263086)
((-3, 13, -13, 1, 4, 3, 2, -3), 1, 35.372338466292895)
((6, 4, 5, -6, -3, -1, 1, -6), 1, 35.39574382679269)
((-3, -5, -11, -5, 6, -1, -3, -1), 1, 35.4231940514155)
((4, 2, -3, -11, -9, -4, -3, -1), 1, 35.44619971502353)
((-2, 8, -8, 1, 5, -2, 0, 1), 1, 35.470358284644625)
((-2, 3, 3, -11, -7, 2, 2, 8), 1, 35.49566804973575)
((0, -10, -13, -12, -15, -1, 2, 0), 1, 35.525881941740046)
((0, 6, 18, 8, 9, 0, -1, -2), 1, 35.54707100863311)
((-2, -3, -2, -2, 1, -3, -4, 1), 1, 35.567283355446854)
((1, -4, -5, 4, 2, -2, 0, -3), 1, 35.59618298021073)
((4, 4, -7, 1, -5, -3, 0, -4), 1, 35.61999602013651)
((1, -3, -14, -6, -14, -2, 0, -2), 1, 35.64074946873384)
((-1, -21, -6, -2, -20, -4, -2, -1), 1, 35.66426658471265)
((3, 17, 4, -1, 3, 1, 1, 1), 1, 35.68764913797183)
((1, -1, -1, -6, -1, -1, -1, -1), 1, 35.71610858299184)
((-3, -7, -11, -10, -6, -6, -4, -3), 1, 35.73850130200835)
((-7, -19, -4, 4, 0, -3, -2, -3), 1, 35.759416111833026)
((-2, -5, 13, 3, 0, 7, 2, 3), 1, 35.78412889740106)
((-26, -6, -4, -37, -11, -7, -1, -28), 1, 36.6881303707488)
((-7, 7, 23, 45, 22, 5, 12, 4), 1, 36.71393391259923)
((-60, -25, -9, 51, 16, -1, 3, -17), 1, 36.738546916489575)
((104, 8, 6, 120, 32, 10, 3, 52), 1, 36.76403628860054)
((-3, 2, -15, -8, -27, -7, 0, 4), 1, 36.78749182502969)
((-26, -7, -17, -49, -14, -7, -1, 1), 1, 36.80888387636423)
((-30, -15, -37, -103, -58, -15, 10, 1), 1, 36.8402991397679)
((57, 9, 19, 88, 35, 11, 0, 4), 1, 36.8628771676144)
((18, 3, -23, -16, -16, -2, -8, -53), 1, 36.88465637185838)
((73, 8, -55, 71, 4, 0, 0, -25), 3, 36.93948098702895)
((-7, 13, -9, 47, 13, 5, 0, -23), 3, 36.96510036041142)
((-8, 2, 20, 24, 23, 3, -1, 32), 3, 36.98865852942333)
((-9, 1, 8, 26, -16, -1, 9, -6), 3, 37.01361022083681)
((17, 0, -13, -37, 9, 1, 5, 3), 3, 37.04331152010829)
((-12, -11, -82, -80, -14, -5, -8, 22), 3, 37.06344005031277)
((12, 8, 12, -19, 6, 5, 6, 11), 3, 37.08722230046373)
((53, -14, 16, 28, 0, -6, -4, -7), 3, 37.10668143815617)
((-31, 1, 24, -10, -4, -2, 3, -10), 3, 37.13505649638591)
((-6, -1, 15, 49, -6, 0, 3, 10), 3, 37.16400629707913)
((-19, -4, -4, 37, 7, 1, 7, -4), 3, 37.18547760357481)
((-9, 2, 6, 53, 10, 0, 1, 2), 3, 37.20620425366441)
((-20, 4, -26, -30, -10, -6, -7, -17), 3, 37.23477089271531)
((5, 4, 3, -12, -6, -4, 9, 5), 3, 37.25917977180215)
((0, -4, 17, 18, 8, 0, -1, -2), 3, 37.281136302341906)
((7, -6, -11, -2, -24, -9, -7, -9), 3, 37.3036065659765)
((-13, -7, -14, 3, -8, -1, 2, 8), 3, 37.33183166659919)
((5, 13, -8, 12, -2, -2, 4, 7), 3, 37.35699831625546)
((9, -5, 4, -6, 1, -2, -5, 3), 3, 37.381662066256176)
((40, 5, -6, -19, -1, 0, -1, 10), 3, 37.40267323667245)
((22, -1, 4, 26, -6, -1, 2, 11), 3, 37.42722865228024)
((-1, 9, 13, 15, 7, 1, 0, 4), 3, 37.45794430357806)
((-6, -4, 14, 48, 11, 6, 5, 5), 3, 37.481022380175034)
((9, -3, -20, -57, -3, -4, -3, -5), 3, 37.50453151361963)
((3, -1, -16, -11, -6, -4, 1, -9), 3, 37.53355372730181)
((25, -4, -1, -14, -1, 2, 2, 3), 3, 37.5606692556686)
((-36, -7, -3, 20, -1, -1, -3, -20), 3, 37.58473431560317)
((-29, 6, 4, 41, 18, 7, 5, 12), 3, 37.60926806433238)
((29, -7, 3, 0, 9, -1, -4, 21), 3, 37.63261412600659)
((-7, -2, -2, 17, 8, 0, 5, -12), 3, 37.65955574916369)
((-34, 4, 2, 52, 7, 2, 3, 3), 3, 37.682252944842396)
((6, 3, 10, -22, 9, 5, 3, 5), 3, 37.703234465845874)
((-7, -16, -4, -21, 6, 3, 4, -16), 3, 37.73010424619504)
((-7, -8, -18, -30, -16, -3, -3, 4), 3, 37.7485028471989)
((0, 5, 6, 80, 15, 4, 3, 18), 3, 37.767465927407976)
((0, -11, 6, 52, 5, 1, 1, -15), 3, 37.78948403749738)
((8, 3, 3, -15, 0, -2, -3, 4), 3, 37.81592960317112)
((-4, -13, -8, -7, -14, -7, -4, 4), 3, 37.83704967816133)
((-9, 6, 6, -41, 9, 1, -2, 3), 3, 37.86927516878784)
((-5, -4, -8, 36, -2, 0, -2, 6), 3, 37.89434830875758)
((10, -8, -16, -89, -22, -7, -6, -11), 3, 37.91672392234363)
((18, 6, 8, 38, 6, 0, 1, 19), 3, 37.936986445086724)
((-11, 10, 6, 2, 12, 7, 4, 9), 3, 37.966808052552445)
((-2, -7, -23, -27, -12, -5, -4, -21), 3, 37.9894140192687)
((-12, -5, -17, -107, -23, -4, -2, -7), 3, 38.01651358256706)
((4, 11, 21, 92, 32, 6, 5, -8), 3, 38.03903858357913)
((49, 3, -12, -5, 0, 2, -2, 6), 3, 38.07132907484139)
((49, 3, -12, -5, 0, 2, -2, 6), 3, 38.09323771017585)
((7, 5, 5, 47, 4, 1, 2, -14), 3, 38.11653986791187)
((-5, -8, -8, 50, 7, 1, 0, 17), 3, 38.139340836535375)
((-15, 2, -13, -28, -5, -5, -7, -9), 3, 38.17148992290583)
((-7, -2, 0, 47, 3, 2, 5, 13), 3, 38.196063014125095)
((28, 11, -11, -33, -16, -2, 2, 17), 3, 38.218749376364514)
((4, -3, -4, 33, -2, -1, -1, 21), 3, 38.2434159772703)
((8, -4, -10, -17, -1, -1, -9, -16), 3, 38.26925601070572)
((-27, -4, -7, 36, 3, -2, 1, -16), 3, 38.29556872420287)
((-14, -23, -1, -36, -10, -5, -5, -7), 3, 38.31880360057907)
((18, 5, 3, 18, 11, 0, 4, 33), 3, 38.343060811515834)
((-19, 0, 0, -15, -11, -2, -3, -4), 3, 38.370710029313)
((-27, -2, -9, -123, -27, -6, -8, 26), 3, 38.39558132520331)
((-2, -12, -19, -38, -20, -9, -8, -13), 3, 38.42102223192797)
((-15, -1, -8, 9, 7, 1, 4, 2), 3, 38.444307284233524)
((0, 4, -1, -57, -17, -7, 1, 7), 3, 38.471454172556165)
((-4, -2, -14, -1, 6, -1, -10, -17), 3, 38.49398487537839)
((-12, 2, 7, 0, 7, 1, -1, 0), 3, 38.51855340514953)
((-5, -3, -5, 2, 0, 2, -7, -13), 3, 38.539857078426685)
((-15, -2, -8, -55, -11, -6, 4, 5), 3, 38.56839178734073)
((23, -7, -15, -6, -8, -7, -8, -21), 3, 38.59354931410075)
((36, -2, 9, 37, -3, 2, 3, 26), 3, 38.61469105596954)
((8, 10, 13, 52, 2, 0, -2, 6), 3, 38.640118278349824)
((-4, 0, -4, -18, -6, 0, 0, -15), 3, 38.663908511035)
((41, -8, 9, 46, 9, 1, 5, 12), 3, 38.68898849317693)
((-13, 2, -2, -33, 4, 1, 7, 18), 3, 38.71159845116029)
((-12, -5, -6, -23, 2, 4, 1, -11), 3, 38.733964371669074)
((20, -5, -9, -43, -6, -3, 8, 3), 3, 38.761967101695774)
((24, 6, 13, 108, 14, 7, 0, 6), 3, 38.788532975563754)
((23, -1, -5, -24, -2, -4, -5, 7), 3, 38.81457029163048)
((-2, -5, -7, -9, 1, -3, 1, 20), 3, 38.83600282581711)
((-2, -5, -7, -9, 1, -3, 1, 20), 3, 38.8557196853285)
((-27, -1, -3, -64, -8, -4, -3, -14), 3, 38.885791032078956)
((0, 2, -8, -46, -7, 0, 3, -1), 3, 38.91170062759824)
((-24, -4, -7, -50, -20, -4, -5, -30), 3, 38.93466751889722)
((4, 1, -5, 7, 11, 0, -3, -26), 3, 38.959172188394646)
((15, 2, 4, -8, -5, 0, -4, 13), 3, 38.98606534616545)
((4, -3, -3, -70, -13, -4, -2, -2), 3, 39.01034308361876)
((-9, 8, 8, 36, 11, 2, 4, -7), 3, 39.033007778979595)
((-35, -2, -5, -6, 9, 3, -4, -4), 3, 39.054973432415586)
((9, -20, -24, -32, -27, -6, -6, 13), 3, 39.082918003978726)
((5, -6, -12, -9, -9, 1, -4, -12), 3, 39.108277374818186)
((5, 0, -11, -15, -3, 0, -4, 2), 3, 39.13115246697369)
((2, -6, -9, -4, -12, -5, -5, -22), 3, 39.152616361116166)
((-5, -3, -11, 6, 2, -2, -4, 2), 3, 39.18317236172968)
((-5, -5, -12, -71, -17, -6, 1, -2), 3, 39.20523665648133)
((-12, 0, -2, 6, -6, -2, 1, -17), 3, 39.229386673387204)
((9, 3, -11, -81, -9, -3, 0, 16), 3, 39.25314326539247)
((-3, 2, -6, 49, 4, -1, -1, -10), 3, 39.277835524443944)
((-4, 4, 19, 24, 18, 3, 2, 11), 3, 39.30379358534954)
((-11, 4, 17, 52, 13, -1, -9, 25), 3, 39.326290077310844)
((20, 14, 17, 65, 14, 4, 7, 4), 3, 39.34895876393879)
((2, 1, 0, -31, 1, -2, 2, -7), 3, 39.37214631529071)
((-3, 5, 7, 48, 10, 4, 5, -1), 3, 39.40171077111851)
((-11, 1, 15, -2, -4, 1, 5, 24), 3, 39.42904867008129)
((-11, -2, -19, -80, -17, -3, -1, -2), 3, 39.45020295593242)
((0, 2, 3, -54, 3, 2, 2, -2), 3, 39.47358721973465)
((2, 3, -14, -81, -17, -7, 3, -9), 3, 39.504631295297315)
((-10, -2, 4, 11, -7, -1, 2, 5), 3, 39.52805205068453)
((4, -4, 3, 1, -3, -1, -4, 2), 3, 39.55251281624377)
((-8, 1, 3, 37, -1, 1, 1, -10), 3, 39.57913000640313)
((19, 2, 8, 127, 26, 5, -1, -12), 3, 39.60812143031048)
((32, 2, -1, -26, 8, -1, 1, 6), 3, 39.631377973565264)
((-7, 3, 6, -11, 5, 0, -3, -5), 3, 39.65285441169008)
((24, -2, -6, -102, -15, -1, 0, -4), 3, 39.67739044114335)
((-2, 2, 16, 17, 4, 2, 5, 12), 3, 39.7069645900484)
((-20, 2, -1, 16, 7, 4, -1, -23), 3, 39.730169817011806)
((17, 10, 18, 35, 19, 5, 3, 9), 3, 39.75105896869079)
((18, 1, 1, 31, 8, -2, -2, -6), 3, 39.775734692492826)
((-1, 0, 3, -20, -5, -1, 3, 9), 3, 39.80625933315049)
((-1, -6, -1, -79, -8, -1, -3, 4), 3, 39.82822783749157)
((-13, 4, 12, 41, 18, 4, 2, -4), 3, 39.85024879848606)
((18, -4, 5, 28, 12, 3, -1, 9), 3, 39.87551808072509)
((-20, 6, -2, -23, -2, 1, -2, -5), 3, 39.91190760330682)
((-13, -7, -13, -64, -19, -10, -5, 1), 3, 39.93827448400044)
((4, -15, 0, 34, 9, 3, 2, 1), 3, 39.95816353817847)
((-5, 18, 13, 34, 10, 7, 9, 10), 3, 39.979194664930276)
((-5, 5, -4, 46, 11, -1, -1, 4), 3, 40.00871122555277)
((-4, -9, -6, 1, -5, -4, -5, -8), 3, 40.030654641929175)
((1, -8, -14, -128, -23, -8, -5, -6), 3, 40.05961413569966)
((2, 1, 3, 2, 0, 1, -3, 13), 3, 40.0893251280484)
((3, -1, 10, 25, 11, 2, 0, -16), 3, 40.11972318852066)
((14, -6, -12, 25, -2, -1, 1, 1), 3, 40.14238674351947)
((-10, 7, 4, 22, 7, 5, 3, 3), 3, 40.165625611162774)
((-3, -7, -11, -70, -8, -7, -6, -22), 3, 40.188821715229935)
((1, 0, -3, 8, 13, 3, 2, 3), 3, 40.2172686162676)
((6, -1, -3, -8, 2, 1, -1, -4), 3, 40.2417795577562)
((-9, 0, -1, -21, 0, -1, -1, -3), 3, 40.26636348241476)
((-1, -8, -23, -27, -11, -5, -5, 6), 3, 40.28937313728989)
((5, 7, 5, 7, 7, -2, 2, 5), 3, 40.318544738398096)
((6, -1, 0, 16, 0, 0, -3, -14), 3, 40.34377695887113)
((-3, -8, -9, -43, -14, -5, -9, 6), 3, 40.36609498417462)
((-9, -5, -14, -11, -3, -2, -6, 14), 3, 40.388749416277186)
((2, 2, -8, -38, -7, -3, -2, 3), 3, 40.4186822090409)
((-1, 4, 6, 29, 5, 3, 8, 0), 3, 40.44505365118264)
((-8, -4, -4, 3, -8, -5, -3, 1), 3, 40.46647193084389)
((-16, -2, 9, -3, -3, -1, 1, 10), 3, 40.48897412461534)
((-5, -2, -8, -37, -2, 0, -2, 6), 3, 40.51619171538388)
((7, -2, 1, 41, 14, 4, -2, -15), 3, 40.540635375512664)
((-15, 1, 1, 5, 7, 1, 0, 3), 3, 40.564703856533335)
((25, 5, 11, 28, 8, 0, 1, 0), 3, 40.58901523466655)
((-8, 1, 9, 31, 6, 0, -3, 3), 3, 40.61666388228271)
((-9, 6, 9, 99, 19, 5, 2, 7), 3, 40.6440650713382)
((10, 1, 10, 30, 9, 2, 1, 10), 3, 40.66641787768363)
((-13, -6, -14, -17, -4, -3, 10, -11), 3, 40.69014653081914)
((16, 1, 7, 30, 5, -1, -1, -15), 3, 40.71713547900052)
((-15, -13, -17, -33, -7, -4, -4, 1), 3, 40.74032702161956)
((-4, -1, -1, 19, 0, -3, -7, -12), 3, 40.7665616203176)
((9, 0, -3, -8, 3, 2, -2, 6), 3, 40.78983184791676)
((-2, 7, -10, -10, -1, -1, 2, 2), 3, 40.815180955497944)
((3, 6, -41, 1, 6, -1, 1, -1), 3, 40.84380119156429)
((-3, -1, 8, -27, -3, 0, 1, 0), 3, 40.86581987183471)
((2, -3, 10, 15, 11, 4, 0, 0), 3, 40.888116800440635)
((4, 3, -5, 3, 2, 1, -1, 7), 3, 40.914709472816334)
((0, -6, -3, -39, -12, -3, -4, 2), 3, 40.940137265377636)
((-2, -2, 10, 14, -7, -6, -3, -1), 3, 40.962012830213204)
((1, -5, -10, -18, -8, -2, -2, 2), 3, 40.98746514055817)
((-25, -6, -18, -55, -29, -9, -10, -71), 3, 41.011409322117494)
((6, -35, -9, -5, -3, -1, -1, 9), 3, 41.04203716553894)
((5, 11, 22, -17, 10, 0, 0, 18), 3, 41.06043519636179)
((-1, 4, 0, 5, -3, 0, -1, 9), 3, 41.081567245153316)
((4, 2, -15, 1, 1, 2, 2, 12), 3, 41.10572980604152)
((0, 2, -25, -2, 2, -2, 1, 3), 3, 41.1427664840757)
((1, -3, -2, 14, -3, 0, -2, -4), 3, 41.17701440676372)
