(None, 2, 7.741202121982037)
(None, 2, 7.744015960479681)
(None, 2, 7.747906869072978)
(None, 3, 8.142442947785193)
(None, 3, 8.144042302797532)
(None, 3, 8.14610749490259)
(None, 3, 8.148257643833617)
(None, 3, 8.150845120855362)
(None, 3, 8.152768908310488)
(None, 3, 8.154356859722025)
(None, 3, 8.156057136601452)
(None, 3, 8.15845132258962)
(None, 3, 8.161175072640937)
(None, 3, 8.16352250386582)
(None, 3, 8.165172034721683)
(None, 3, 8.166802749636226)
(None, 3, 8.168408376629005)
(None, 3, 8.170050495144347)
(None, 3, 8.17191498387531)
(None, 3, 8.173557672570691)
(None, 3, 8.175012772032897)
(None, 3, 8.176450766093902)
(None, 3, 8.177899593575667)
(None, 3, 8.179494387147686)
(None, 3, 8.181323524716165)
(None, 3, 8.182957660710946)
(None, 3, 8.185823385592235)
(None, 3, 8.188035113967587)
(None, 3, 8.189670390322448)
(None, 3, 8.19130509649727)
(None, 3, 8.19302989111842)
(None, 3, 8.197322206459912)
(None, 3, 8.198962044255094)
(None, 3, 8.200587627549275)
(None, 3, 8.202427598538515)
(None, 3, 8.204665555195708)
(None, 3, 8.206580219770194)
(None, 3, 8.208248566567379)
(None, 3, 8.210428364860489)
(None, 3, 8.21322053651661)
(None, 3, 8.21574928499423)
(None, 3, 8.21736745594789)
(None, 3, 8.219010144643272)
(None, 3, 8.221589068964416)
(None, 3, 8.22381676238089)
(None, 3, 8.225283835623937)
(None, 3, 8.226783979309307)
(None, 3, 8.228256184172714)
(None, 3, 8.231262173343856)
(None, 3, 8.234234521892633)
(None, 3, 8.236341907320655)
(None, 3, 8.238080956442806)
(None, 3, 8.240485975851735)
(None, 3, 8.242480465631829)
(None, 3, 8.244140259728411)
(None, 3, 8.24652874391618)
(None, 3, 8.24896854430755)
(None, 3, 8.251132947739578)
(None, 3, 8.252814978857725)
(None, 3, 8.25439095648842)
(None, 3, 8.256080399947088)
(None, 3, 8.259071564437187)
(None, 3, 8.260763288616014)
(None, 3, 8.262882077644838)
(None, 3, 8.264604591545826)
(None, 3, 8.267035839236597)
(None, 3, 8.269675772822026)
(None, 3, 8.27132815457809)
(None, 3, 8.272978825794032)
(None, 3, 8.27501436853701)
(None, 3, 8.277463291809022)
(None, 3, 8.279382517823828)
(None, 3, 8.281545210715736)
(None, 3, 8.283337856761651)
(None, 3, 8.28597779034708)
(None, 3, 8.28795289400581)
(None, 3, 8.289591591440914)
(None, 3, 8.291253096077618)
(None, 3, 8.293976846128933)
(None, 3, 8.296571735491199)
(None, 3, 8.298268591290386)
(None, 3, 8.299957464569012)
(None, 3, 8.30166344324884)
(None, 3, 8.304127191201895)
(None, 3, 8.551297957843168)
(None, 3, 8.553128805951767)
(None, 3, 8.554605002075455)
(None, 3, 8.557555683782711)
(None, 3, 8.55951767330052)
(None, 3, 8.561320582587157)
(None, 3, 8.563342441009173)
(None, 3, 8.566225271291662)
(None, 3, 8.568328665459406)
(None, 3, 8.57045600718883)
(None, 3, 8.57217909126986)
(None, 3, 8.574651962103554)
(None, 3, 8.576668688905208)
(None, 3, 8.578407738027359)
(None, 3, 8.580880608861055)
(None, 3, 8.583740631941941)
(None, 3, 8.586663374827236)
(None, 3, 8.58856720598096)
(None, 3, 8.590083884887491)
(None, 3, 8.59225399011992)
(None, 3, 8.884726131123163)
(None, 3, 8.886325486135503)
(None, 3, 8.887883788184958)
(None, 3, 8.889803014199764)
(None, 3, 8.892637379178849)
(None, 3, 8.895080600650461)
(None, 3, 8.896848158774615)
(None, 3, 8.89922067792126)
(None, 3, 8.90163367985075)
(None, 3, 8.90347536138011)
(None, 3, 8.905074716392448)
(None, 3, 8.90740675275625)
(None, 3, 8.909989668337674)
(None, 3, 8.911845604368036)
(None, 3, 8.9137414530012)
(None, 3, 8.91525071956721)
(None, 3, 8.916985207249041)
(None, 3, 8.919836107449289)
(None, 3, 8.921321426453616)
(None, 3, 8.92320530130594)
(None, 3, 8.924706585351391)
(None, 3, 8.926813400599373)
(None, 3, 8.929815968690274)
(None, 3, 8.931442122164494)
(None, 3, 8.93460205994645)
(None, 3, 8.937766559168724)
(None, 3, 8.93969091680389)
(None, 3, 8.942058304330175)
(None, 3, 8.943552746215145)
(None, 3, 8.945880221138626)
(None, 3, 8.947713349967385)
(None, 3, 8.949538496275585)
(None, 3, 8.951058026082316)
(None, 3, 8.954480246682692)
(None, 3, 8.95664350975464)
(None, 3, 8.95836431311551)
(None, 3, 8.95998989640969)
(None, 3, 8.962934306136505)
(None, 3, 8.966473413645092)
(None, 3, 8.968696545621246)
(None, 3, 8.97037572583919)
(None, 3, 8.97324088054044)
(None, 3, 8.975166378535686)
(None, 3, 8.976753189587145)
(None, 3, 8.979072681990065)
(None, 3, 8.981259322443655)
(None, 3, 8.984059476620338)
(None, 3, 8.986782656491615)
(None, 3, 8.988880348858956)
(None, 3, 8.992530071295311)
(None, 3, 9.038756277682241)
(None, 3, 9.040653836855526)
(None, 3, 9.042128892619134)
(None, 3, 9.04406579421518)
(None, 3, 9.046778140665696)
(None, 3, 9.048234380487983)
(None, 3, 9.05005325481574)
(None, 3, 9.05233511533602)
(None, 3, 9.05500697900369)
(None, 3, 9.056586947894667)
(None, 3, 9.058060863298195)
(None, 3, 9.060035396776886)
(None, 3, 9.063824243143015)
(None, 3, 9.065886584347874)
(None, 3, 9.067736248397795)
(None, 3, 9.070491928531354)
(None, 3, 9.072913483161443)
(None, 3, 9.25529868311218)
(None, 3, 9.257200803725784)
(None, 3, 9.258689543810354)
(None, 3, 9.260299732243453)
(None, 3, 9.263349055097638)
(None, 3, 9.265125736102432)
(None, 3, 9.267552992532922)
(None, 3, 9.269099320801537)
(None, 3, 9.271825921753052)
(None, 3, 9.273673305082813)
(None, 3, 9.275614768119182)
(None, 3, 9.277893207559218)
(None, 3, 9.280948232213804)
(None, 3, 9.282983774956781)
(None, 3, 9.284960589155633)
(None, 3, 9.286578189929251)
(None, 3, 9.28872833886028)
(None, 3, 9.291028445141839)
(None, 3, 9.292697932299102)
(None, 3, 9.294805887907165)
(None, 3, 9.297013625022236)
(None, 3, 9.299334257785238)
(None, 3, 9.300812164449047)
(None, 3, 9.303181832695492)
(None, 3, 9.304712766103025)
(None, 3, 9.30696668780134)
(None, 3, 9.308886483996186)
(None, 3, 9.31088040359624)
(None, 3, 9.312539627512784)
(None, 3, 9.314145824685603)
(None, 3, 9.316078164841331)
(None, 3, 9.317549229344658)
(None, 3, 9.318983802325421)
(None, 3, 9.32044460358803)
(None, 3, 9.321876325668594)
(None, 3, 9.323301775768718)
(None, 3, 9.324746611990202)
(None, 3, 9.32633570376182)
(None, 3, 9.328346158583035)
(None, 3, 9.330279068918802)
(None, 3, 9.33176951954349)
(None, 3, 9.333937914235799)
(None, 3, 9.335936965456213)
(None, 3, 9.337426845900861)
(None, 3, 9.339775417485825)
(None, 3, 9.3413183246742)
(None, 3, 9.343759265425652)
(None, 3, 9.345848405092392)
(None, 3, 9.347756227506398)
(None, 3, 9.349231853450046)
(None, 3, 9.352007489885006)
(None, 3, 11.42458684754298)
(None, 3, 11.426175939314598)
(None, 3, 11.427793540088219)
(None, 3, 11.430569746703219)
(None, 3, 11.432371515629775)
(None, 3, 11.433817492211341)
(None, 3, 11.436324573847438)
(None, 3, 11.439211965570248)
(None, 3, 11.442629054550265)
(None, 3, 11.44454029804451)
(None, 3, 11.446087196493165)
(None, 3, 11.44822195056311)
(None, 3, 11.45017538738032)
(None, 3, 11.451632767562685)
(None, 3, 11.453509230074488)
(None, 3, 11.455563588758787)
(None, 3, 11.457883651341747)
(None, 3, 11.459819412577716)
(None, 3, 11.461287056000803)
(None, 3, 11.463184044994048)
(None, 3, 11.464663662197976)
(None, 3, 11.467791099717648)
(None, 3, 11.469445762193871)
(None, 3, 11.471333058126435)
(None, 3, 11.472821798211003)
(None, 3, 11.475246773921333)
(None, 3, 11.477254377842348)
(None, 3, 11.47912855963399)
(None, 3, 11.481028969707475)
(None, 3, 11.482555341674686)
(None, 3, 11.484924439741093)
(None, 3, 11.486840244675658)
(None, 3, 11.488310168818906)
(None, 3, 11.490958655104937)
(None, 3, 11.4928373983369)
(None, 3, 11.494986406907845)
(None, 3, 11.496791596914642)
(None, 3, 11.499066615274439)
(None, 3, 11.500757199093187)
(None, 3, 11.503670248917798)
(None, 3, 11.50542469290103)
(None, 3, 11.507225891647547)
(None, 3, 11.509661700778638)
(None, 3, 11.512570759342971)
(None, 3, 11.515602976795954)
(None, 3, 11.517270183233057)
(None, 3, 11.519038311537251)
(None, 3, 11.522046011248511)
(None, 3, 11.524037650128404)
(None, 3, 11.525618759379462)
(None, 3, 11.527896058459419)
(None, 3, 11.53100810111801)
(None, 3, 11.532699255116796)
(None, 3, 11.534521550524794)
(None, 3, 11.53611178265649)
(None, 3, 11.537795524314758)
(None, 3, 11.541115112507926)
(None, 3, 11.543036049062852)
(None, 3, 11.54555681501991)
(None, 3, 11.548951096798325)
(None, 3, 11.551576205702712)
(None, 3, 11.553322667165384)
(None, 3, 11.55501154044401)
(None, 3, 11.557809984080574)
(None, 3, 11.559685876412336)
(None, 3, 11.561399267432684)
(None, 3, 11.563354984970054)
(None, 3, 11.565317544667904)
(None, 3, 11.567512737822094)
(None, 3, 11.568989504125822)
(None, 3, 11.570885352758987)
(None, 3, 11.572373522663517)
(None, 3, 11.575211878902882)
(None, 3, 11.577295886949264)
(None, 3, 11.57875440749171)
(None, 3, 11.580671922966395)
(None, 3, 11.582165794671326)
(None, 3, 11.584609016142938)
(None, 3, 11.667911179634082)
(None, 3, 11.66950825392626)
(None, 3, 11.671522700007754)
(None, 3, 11.674663251668347)
(None, 3, 11.6773619137979)
(None, 3, 11.678994339252563)
(None, 3, 11.682553973242591)
(None, 3, 11.685532023591769)
(None, 3, 11.688378932531736)
(None, 3, 11.690753162218503)
(None, 3, 11.693707835186038)
(None, 3, 11.697862166957838)
(None, 3, 11.699422179547414)
(None, 3, 11.700919472332584)
(None, 3, 11.703241815635705)
(None, 3, 11.706881274831341)
(None, 3, 11.708501726505162)
(None, 3, 11.70999673857017)
(None, 3, 11.71219136154432)
(None, 3, 11.71424572022862)
(None, 3, 11.716261876850234)
(None, 3, 11.718819704509896)
(None, 3, 11.721354724967956)
(None, 3, 11.723413074912534)
(None, 3, 11.725750242896696)
(None, 3, 11.727721925475189)
(None, 3, 11.730837389214019)
(None, 3, 11.732500604390843)
(None, 3, 11.734054915180018)
(None, 3, 11.735744358638684)
(None, 3, 11.738262843875582)
(None, 3, 11.74042610694753)
(None, 3, 11.742487877972348)
(None, 3, 11.744213242773538)
(None, 3, 11.74665076244475)
(None, 3, 11.748800341195736)
(None, 3, 11.750280528579705)
(None, 3, 11.75219918441447)
(None, 3, 11.753709591340561)
(None, 3, 11.757083916817574)
(None, 3, 11.759092090918628)
(None, 3, 11.760674910709806)
(None, 3, 11.762396854430754)
(None, 3, 11.764798452759443)
(None, 3, 11.76718465622705)
(None, 3, 11.768639185509217)
(None, 3, 11.770597753946786)
(None, 3, 11.772094476551915)
(None, 3, 11.774646032231137)
(None, 3, 11.77699061255582)
(None, 3, 11.77962427416081)
(None, 3, 11.782665044314392)
(None, 3, 11.785616296201688)
(None, 3, 11.787341661002879)
(None, 3, 11.789038516802066)
(None, 3, 11.792520606306647)
(None, 3, 11.794407902239211)
(None, 3, 11.795877256202418)
(None, 3, 11.797803894557745)
(None, 3, 11.799332547245118)
(None, 3, 11.801736996474007)
(None, 3, 11.804261183511306)
(None, 3, 11.806104005400746)
(None, 3, 11.807955379990785)
(None, 3, 11.810355837959394)
(None, 3, 11.81227734469436)
(None, 3, 11.813737575776928)
(None, 3, 11.815929347850878)
(None, 3, 11.818023048957938)
(None, 3, 11.820519867353315)
(None, 3, 11.821996063477004)
(None, 3, 11.824074369722984)
(None, 3, 11.827058121872563)
(None, 3, 11.82967866933663)
(None, 3, 11.831555131848432)
(None, 3, 11.833458392822118)
(None, 3, 11.834947132906686)
(None, 3, 11.837102413458073)
(None, 3, 11.839658530577616)
(None, 3, 11.84133771079556)
(None, 3, 11.84292737274722)
(None, 3, 11.844859712902947)
(None, 3, 11.84755438377222)
(None, 3, 11.849025448275547)
(None, 3, 11.851038183816922)
(None, 3, 11.852785785639673)
(None, 3, 11.855560281714554)
(None, 3, 11.858104425053256)
(None, 3, 11.860304749827806)
(None, 3, 11.861819718194218)
(None, 3, 11.864871321768561)
(None, 3, 11.866776293282367)
(None, 3, 11.868250778865935)
(None, 3, 11.870181408481542)
(None, 3, 11.871696376847954)
(None, 3, 11.874962938297397)
(None, 3, 11.877084008046381)
(None, 3, 11.87868906485912)
(None, 3, 11.88042469290103)
(None, 3, 11.883740289833918)
(None, 3, 11.886150440863206)
(None, 3, 11.88964792522887)
(None, 3, 11.89274799410662)
(None, 3, 11.895899949368012)
(None, 3, 11.89898291284456)
(None, 3, 11.901998595076382)
(None, 3, 11.904728617108137)
(None, 3, 11.90694091566353)
(None, 3, 11.909025493889951)
(None, 3, 11.911944815695003)
(None, 3, 11.91362798717323)
(None, 3, 11.915267254788372)
(None, 3, 11.917269156908986)
(None, 3, 11.920357252005893)
(None, 3, 11.922134503190728)
(None, 3, 11.925558434331224)
(None, 3, 11.927965164280273)
(None, 3, 11.930169480315104)
(None, 3, 11.93184124819253)
(None, 3, 11.933766746187777)
(None, 3, 11.937349757559447)
(None, 3, 11.93933398409882)
(None, 3, 11.941138033745535)
(None, 3, 11.942753923979035)
(None, 3, 11.944343015750654)
(None, 3, 11.94741856688668)
(None, 3, 11.949033886940141)
(None, 3, 11.950902937111422)
(None, 3, 11.952645407313813)
(None, 3, 11.955542492097305)
(None, 3, 11.95790816908347)
(None, 3, 11.960351960735121)
(None, 3, 11.961876622162213)
(None, 3, 11.96413966674117)
(None, 3, 11.966532142189218)
(None, 3, 11.968323647875053)
(None, 3, 11.96989962550575)
(None, 3, 11.972502497388575)
(None, 3, 11.975170369795967)
(None, 3, 11.976644855379535)
(None, 3, 11.978573774455022)
(None, 3, 11.980081900660952)
(None, 3, 11.983370128951918)
(None, 3, 11.985427338536416)
(None, 3, 11.987863717847548)
(None, 3, 11.990846899817086)
(None, 3, 11.994033636060923)
(None, 3, 11.996962650926656)
(None, 3, 12.000208685894657)
(None, 3, 12.002262474398917)
(None, 3, 12.003719284401242)
(None, 3, 12.005937854937075)
(None, 3, 12.008176951954349)
(None, 3, 12.010373855648659)
(None, 3, 12.012306765984427)
(None, 3, 12.014336606927003)
(None, 3, 12.017461763726514)
(None, 3, 12.02086744910573)
(None, 3, 12.02296628183315)
(None, 3, 12.024777743820389)
(None, 3, 12.027350396161092)
(None, 3, 12.029342605221025)
(None, 3, 12.030979021935966)
(None, 3, 12.033104653125271)
(None, 3, 12.035342609782465)
(None, 3, 12.037516136095133)
(None, 3, 12.039156544070355)
(None, 3, 12.041084322785762)
(None, 3, 12.042601001692294)
(None, 3, 12.045138302870514)
(None, 3, 12.04729130270174)
(None, 3, 12.048760656664948)
(None, 3, 12.050677031779555)
(None, 3, 12.052169192944364)
(None, 3, 12.054501799488206)
(None, 3, 12.056928485738657)
(None, 3, 12.058761614567416)
(None, 3, 12.061049747068134)
(None, 3, 12.063085859991151)
(None, 3, 12.065196096319374)
(None, 3, 12.066681985503743)
(None, 3, 12.068915380720616)
(None, 3, 12.071005090567397)
(None, 3, 12.074170159969713)
(None, 3, 12.075908068731783)
(None, 3, 12.077531941485844)
(None, 3, 12.079239630705791)
(None, 3, 12.083016503291079)
(None, 3, 12.08475726295335)
(None, 3, 12.086233459077038)
(None, 3, 12.088022684042713)
(None, 3, 12.09189819777493)
(None, 3, 12.093446236583663)
(None, 3, 12.09535633971783)
(None, 3, 12.096839948182039)
(None, 3, 12.098968430271542)
(None, 3, 12.101428757144356)
(None, 3, 12.103197455628589)
(None, 3, 12.106157830396526)
(None, 3, 12.108688859594306)
(None, 3, 12.110633173530875)
(None, 3, 12.11209055371324)
(None, 3, 12.113989253246606)
(None, 3, 12.115977471046257)
(None, 3, 12.118254770126216)
(None, 3, 12.120250970446428)
(None, 3, 12.122387435056494)
(None, 3, 12.124698944938855)
(None, 3, 12.128070419515666)
(None, 3, 12.130100260458242)
(None, 3, 12.132041723494611)
(None, 3, 12.133595464103745)
(None, 3, 12.13584254364158)
(None, 3, 12.137658567069138)
(None, 3, 12.140000296493621)
(None, 3, 12.142603738556486)
(None, 3, 12.14551336730086)
(None, 3, 12.14805294919924)
(None, 3, 12.15002064051745)
(None, 3, 12.152003156516702)
(None, 3, 12.1547480032295)
(None, 3, 12.157237409284356)
(None, 3, 12.159526111965114)
(None, 3, 12.16270885694867)
(None, 3, 12.165476510863071)
(None, 3, 12.1674373600208)
(None, 3, 12.168995091890215)
(None, 3, 12.170878966742539)
(None, 3, 12.173041659634446)
(None, 3, 12.174829744240041)
(None, 3, 12.176976472090827)
(None, 3, 12.178675608610174)
(None, 3, 12.181358305698607)
(None, 3, 12.183325426836777)
(None, 3, 12.185269740773347)
(None, 3, 12.186840016603643)
(None, 3, 12.189699469504491)
(None, 3, 12.191846197355277)
(None, 3, 12.193314981138444)
(None, 3, 12.195272409215933)
(None, 3, 12.196774833621465)
(None, 3, 12.199013930638738)
(None, 3, 12.201264431256813)
(None, 3, 12.202747469540983)
(None, 3, 12.205052137262863)
(None, 3, 12.206888116991822)
(None, 3, 12.209085020686132)
(None, 3, 12.210931263655812)
(None, 3, 12.213036368363674)
(None, 3, 12.214741776863463)
(None, 3, 12.217318420464446)
(None, 3, 12.219293524123177)
(None, 3, 12.220950467319561)
(None, 3, 12.223214082078558)
(None, 3, 12.226282791054103)
(None, 3, 12.228220833010232)
(None, 3, 12.229742073357084)
(None, 3, 12.23189564336835)
(None, 3, 12.233552016384694)
(None, 3, 12.236540900154633)
(None, 3, 12.23801025411784)
(None, 3, 12.240208868352271)
(None, 3, 12.241759758061205)
(None, 3, 12.243859160968668)
(None, 3, 12.245935186494487)
(None, 3, 12.24851468099567)
(None, 3, 12.251163167281701)
(None, 3, 12.254127533309918)
(None, 3, 12.256899178484598)
(None, 3, 12.259974159440585)
(None, 3, 12.26245330225472)
(None, 3, 12.264536169941021)
(None, 3, 12.266088770190075)
(None, 3, 12.267937293879916)
(None, 3, 12.269461385126968)
(None, 3, 12.272668077672206)
(None, 3, 12.274359801851032)
(None, 3, 12.276695259295074)
(None, 3, 12.279430983127233)
(None, 3, 12.282466051480416)
(None, 3, 12.284863658548824)
(None, 3, 12.286582181189532)
(None, 3, 12.289355536904333)
(None, 3, 12.291480027733558)
(None, 3, 12.293118725168659)
(None, 3, 12.294795624666445)
(None, 3, 12.297643673966492)
(None, 3, 12.300211764866875)
(None, 3, 12.30187897130398)
(None, 3, 12.303466352535477)
(None, 3, 12.305359920448481)
(None, 3, 12.308985125143115)
(None, 3, 12.310780622089231)
(None, 3, 12.312361731340289)
(None, 3, 12.314088236501558)
(None, 3, 12.316646634341259)
(None, 3, 12.318541342614344)
(None, 3, 12.320601973279082)
(None, 3, 12.322685411145423)
(None, 3, 12.324998061387864)
(None, 3, 12.327689311176897)
(None, 3, 12.32933827185272)
(None, 3, 12.331000916849504)
(None, 3, 12.33394988801664)
(None, 3, 12.336427320290655)
(None, 3, 12.337901805874223)
(None, 3, 12.340447089573004)
(None, 3, 12.342085787008106)
(None, 3, 12.344819800300142)
(None, 3, 12.346657490569223)
(None, 3, 12.34859496234531)
(None, 3, 12.350115632512122)
(None, 3, 12.352256088382468)
(None, 3, 12.354213516459957)
(None, 3, 12.356529017602599)
(None, 3, 12.358187101159062)
(None, 3, 12.36069874423548)
(None, 3, 12.363035912219642)
(None, 3, 12.36450697672297)
(None, 3, 12.366520282444384)
(None, 3, 12.36853016708556)
(None, 3, 12.370743606001032)
(None, 3, 12.373420031109022)
(None, 3, 12.375428775390118)
(None, 3, 12.377062911384899)
(None, 3, 12.37878884636613)
(None, 3, 12.381709308531262)
(None, 3, 12.383166118533588)
(None, 3, 12.384681086899999)
(None, 3, 12.386148730323086)
(None, 3, 12.388446555884487)
(None, 3, 12.390646310478997)
(None, 3, 12.392789617249543)
(None, 3, 12.39438441082156)
(None, 3, 12.39622096073056)
(None, 3, 12.39897436014396)
(None, 3, 12.40048647761017)
(None, 3, 12.402390878943935)
(None, 3, 12.404698397566015)
(None, 3, 12.407321795930283)
(None, 3, 12.409792956223857)
(None, 3, 12.41188551697084)
(None, 3, 12.41339934497717)
(None, 3, 12.415453703661468)
(None, 3, 12.473800797339768)
(None, 3, 12.475474275757312)
(None, 3, 12.477609029827258)
(None, 3, 12.4799473381715)
(None, 3, 12.482066697380365)
(None, 3, 12.484187767129349)
(None, 3, 12.485894886169257)
(None, 3, 12.488606662439732)
(None, 3, 12.49078360983264)
(None, 3, 12.492679458465805)
(None, 3, 12.494973862946964)
(None, 3, 12.496458041591213)
(None, 3, 12.498824288757419)
(None, 3, 12.501775540644713)
(None, 3, 12.503852706530614)
(None, 3, 12.506619220084934)
(None, 3, 12.508781912976842)
(None, 3, 12.510648682427963)
(None, 3, 12.513936910718929)
(None, 3, 12.516794082899617)
(None, 3, 12.518872389145596)
(None, 3, 12.52063481564939)
(None, 3, 12.523336898859183)
(None, 3, 12.526484862860297)
(None, 3, 12.52824044720361)
(None, 3, 12.530344981731432)
(None, 3, 12.531912406661528)
(None, 3, 12.534071108293155)
(None, 3, 12.537184861491864)
(None, 3, 12.539131456148594)
(None, 3, 12.540691468738169)
(None, 3, 12.542717318420465)
(None, 3, 12.54521812807612)
(None, 3, 12.54716187183265)
(None, 3, 12.549423776051526)
(None, 3, 12.551814540959453)
(None, 3, 12.554245788650224)
(None, 3, 12.556213479968434)
(None, 3, 12.55821823298925)
(None, 3, 12.56089864935752)
(None, 3, 12.562998622445024)
(None, 3, 12.565159604796811)
(None, 3, 12.567752213438915)
(None, 3, 12.570976581565395)
(None, 3, 12.57369519999635)
(None, 3, 12.575380082014696)
(None, 3, 12.57737457179479)
(None, 3, 12.57991130279297)
(None, 3, 12.581388639276739)
(None, 3, 12.58335918149515)
(None, 3, 12.585637620935186)
(None, 3, 12.588033517463474)
(None, 3, 12.590706521491226)
(None, 3, 12.592275086781402)
(None, 3, 12.593943433578588)
(None, 3, 12.596349023167555)
(None, 3, 12.598908561367338)
(None, 3, 12.600466293236753)
(None, 3, 12.60320201706891)
(None, 3, 12.606387612952666)
(None, 3, 12.611658357242883)
(None, 3, 12.614352457932117)
(None, 3, 12.616930241893181)
(None, 3, 12.619386577505713)
(None, 3, 12.622253442747082)
(None, 3, 12.624822103827505)
(None, 3, 13.07808501612469)
(None, 3, 13.07977959120372)
(None, 3, 13.081660615155842)
(None, 3, 13.083162469381332)
(None, 3, 13.08658925142203)
(None, 3, 13.08845316997295)
(None, 3, 13.091509905167655)
(None, 3, 13.094468569395472)
(None, 3, 13.097063458757738)
(None, 3, 13.09858412892455)
(None, 3, 13.100364231009584)
(None, 3, 13.104196981238797)
(None, 3, 13.105768967609212)
(None, 3, 13.107609508778491)
(None, 3, 13.109119345524542)
(None, 3, 13.111122958185277)
(None, 3, 13.112928718372114)
(None, 3, 13.114918076531845)
(None, 3, 13.117080199243713)
(None, 3, 13.118575211308723)
(None, 3, 13.121454620510972)
(None, 3, 13.123626436283521)
(None, 3, 13.125603250482373)
(None, 3, 13.127236246117073)
(None, 3, 13.129746748833412)
(None, 3, 13.13215347878246)
(None, 3, 13.133832659000406)
(None, 3, 13.135535786780034)
(None, 3, 13.138510986229011)
(None, 3, 13.140512888349626)
(None, 3, 13.141968557991872)
(None, 3, 13.14392598606936)
(None, 3, 13.14540560327329)
(None, 3, 13.147467944478148)
(None, 3, 13.149863270826396)
(None, 3, 13.15139933585429)
(None, 3, 13.15336873771262)
(None, 3, 13.156086215783496)
(None, 3, 13.158949089764585)
(None, 3, 13.16086831577939)
(None, 3, 13.163191799442592)
(None, 3, 13.165575152009998)
(None, 3, 13.16802236474189)
(None, 3, 13.169486587084737)
(None, 3, 13.171882483613025)
(None, 3, 13.175020184373418)
(None, 3, 13.178022752464319)
(None, 3, 13.179614124956096)
(None, 3, 13.181471771526578)
(None, 3, 13.183948063440512)
(None, 3, 13.186842297323803)
(None, 3, 13.189043192278394)
(None, 3, 13.191820539253476)
(None, 3, 13.194663456933162)
(None, 3, 13.196732070118461)
(None, 3, 13.19995187680462)
(None, 3, 13.20316940277062)
(None, 3, 13.205686177467397)
(None, 3, 13.207306058961178)
(None, 3, 13.208968703957963)
(None, 3, 13.21239833689886)
(None, 3, 13.213961200388635)
(None, 3, 13.2158713035228)
(None, 3, 13.217725529013041)
(None, 3, 13.221796614498993)
(None, 3, 13.223884043625615)
(None, 3, 13.226170465586213)
(None, 3, 13.229370886151012)
(None, 3, 13.23212200484425)
(None, 3, 13.234959790903575)
(None, 3, 13.238177316869574)
(None, 3, 13.241207823782437)
(None, 3, 13.243252489406055)
(None, 3, 13.244744650570864)
(None, 3, 13.247329276692408)
(None, 3, 13.249391047717227)
(None, 3, 13.251118693238578)
(None, 3, 13.252736294012196)
(None, 3, 13.255411008580069)
(None, 3, 13.258407874870569)
(None, 3, 13.26003402834479)
(None, 3, 13.262155668273815)
(None, 3, 13.264960954070858)
(None, 3, 13.26787856533579)
(None, 3, 13.270005907065215)
(None, 3, 13.27202263386687)
(None, 3, 13.273832955494028)
(None, 3, 13.27583086635436)
(None, 3, 13.277521450173106)
(None, 3, 13.27951251887296)
(None, 3, 13.28102064507889)
(None, 3, 13.283742114410046)
(None, 3, 13.285672173845613)
(None, 3, 13.287527539695935)
(None, 3, 13.28990233956274)
(None, 3, 13.292805696326672)
(None, 3, 13.295722737411564)
(None, 3, 13.297765122315022)
(None, 3, 13.299256143119752)
(None, 3, 13.30131050180405)
(None, 3, 13.303424159212513)
(None, 3, 13.305794967819038)
(None, 3, 13.308303759995256)
(None, 3, 13.31123049414083)
(None, 3, 13.31364520661044)
(None, 3, 13.315199517399614)
(None, 3, 13.318209497831035)
(None, 3, 13.320869387717865)
(None, 3, 13.322756683650429)
(None, 3, 13.324832138996209)
(None, 3, 13.326353379343061)
(None, 3, 13.328616423922018)
(None, 3, 13.33107789115491)
(None, 3, 13.332722290390414)
(None, 3, 13.334630112804419)
(None, 3, 13.336101747487787)
(None, 3, 13.338523872297916)
(None, 3, 13.34040489625004)
(None, 3, 13.342329253885207)
(None, 3, 13.343791195507894)
(None, 3, 13.345468095005678)
(None, 3, 13.347623375557065)
(None, 3, 13.349336196397374)
(None, 3, 13.35126112421258)
(None, 3, 13.352992760994212)
(None, 3, 13.355530062172432)
(None, 3, 13.358650657531623)
(None, 3, 13.360736376118123)
(None, 3, 13.362297529067778)
(None, 3, 13.36405083269093)
(None, 3, 13.366783135442848)
(None, 3, 13.368254770126216)
(None, 3, 13.3706193067523)
(None, 3, 13.372268837608162)
(None, 3, 13.374404161858148)
(None, 3, 13.376353037235038)
(None, 3, 13.378966742538625)
(None, 3, 13.380714914541416)
(None, 3, 13.383235680498474)
(None, 3, 13.385296881343253)
(None, 3, 13.387493214857523)
(None, 3, 13.390332711456969)
(None, 3, 13.39264080025909)
(None, 1, 13.82946542200165)
(None, 1, 13.831706229559046)
(None, 1, 13.833183566042814)
(None, 1, 13.836824165598529)
(None, 1, 13.838659575147448)
(None, 1, 13.840269193400507)
(None, 1, 13.841974601900295)
(None, 1, 13.84491730108699)
(None, 1, 13.847628507177426)
(None, 1, 13.849229002549846)
(None, 1, 13.850930989969394)
(None, 1, 13.854217507720238)
(None, 1, 13.855719361945727)
(None, 1, 13.858181969538702)
(None, 1, 13.859829789854444)
(None, 1, 13.861938885822587)
(None, 1, 13.863940217763162)
(None, 1, 13.865444922888852)
(None, 1, 13.867638405502921)
(None, 1, 13.869136268468132)
(None, 1, 13.87200085298934)
(None, 1, 13.874629382973968)
(None, 2, 14.16373061958044)
(None, 2, 14.165321992072217)
(None, 2, 14.167398017598037)
(None, 2, 14.17031847976317)
(None, 3, 14.172377399887788)
(None, 3, 14.17400127264185)
(None, 3, 14.17574488320432)
(None, 3, 14.178375123729069)
(None, 3, 14.180093076189738)
(None, 3, 14.181539052771303)
(None, 3, 14.183921835158669)
(None, 3, 14.186559488023939)
(None, 3, 14.188879550606899)
(None, 3, 14.190515397141802)
(None, 3, 14.192097646752938)
(None, 3, 14.19395244242322)
(None, 3, 14.19752062911385)
(None, 3, 14.199182133750552)
(None, 3, 14.20122565901409)
(None, 3, 14.203575370959134)
(None, 3, 14.206032846931747)
(None, 3, 14.208174443162173)
(None, 3, 14.209793184295874)
(None, 3, 14.211458680192857)
(None, 3, 14.213854576721145)
(None, 3, 14.2158627508222)
(None, 3, 14.217521404558703)
(None, 3, 14.219996556112559)
(None, 3, 14.221834246381638)
(None, 3, 14.2241685634656)
(None, 3, 14.225813532881142)
(None, 3, 14.227456221576524)
(None, 3, 14.229094348831588)
(None, 3, 14.231950950832235)
(None, 3, 14.23395969511333)
(None, 3, 14.23570843729616)
(None, 3, 14.237262748085335)
(None, 3, 14.23892482290208)
(None, 3, 14.241113744075829)
(None, 3, 14.243489114122676)
(None, 3, 14.2451466274991)
(None, 3, 14.246712341889076)
(None, 3, 14.249287845129977)
(None, 3, 14.251554880969215)
(None, 3, 14.253250596408321)
(None, 3, 14.254780959635815)
(None, 3, 14.256648869447016)
(None, 3, 14.258852045121767)
(None, 3, 14.261228555528694)
(None, 3, 14.2626865058911)
(None, 3, 14.264566959663183)
(None, 3, 14.266067103348554)
(None, 3, 14.269343357858677)
(None, 3, 14.271068722659868)
(None, 3, 14.272670358392366)
(None, 3, 14.27443221471612)
(None, 3, 14.27639534459401)
(None, 3, 14.27952335229372)
(None, 3, 14.281195120171144)
(None, 3, 14.282784211942763)
(None, 3, 14.285213178913374)
(None, 3, 14.288255089427038)
(None, 3, 14.289723303030165)
(None, 3, 14.291954417526878)
(None, 3, 14.294027592152498)
(None, 3, 14.296978844039794)
(None, 3, 14.298606708054136)
(None, 3, 14.30026365125052)
(None, 3, 14.302572310232678)
(None, 3, 14.305738519995074)
(None, 3, 14.307252348001406)
(None, 3, 14.308882492735906)
(None, 3, 14.311455715256649)
(None, 3, 14.314375037061703)
(None, 3, 14.316825100693794)
(None, 3, 14.318293314296922)
(None, 3, 14.321021055608519)
(None, 3, 14.323650155773187)
(None, 3, 14.325568811607953)
(None, 3, 14.327528520405604)
(None, 3, 14.329037216791574)
(None, 3, 14.33118565518248)
(None, 3, 14.33361348179301)
(None, 3, 14.335530997267698)
(None, 3, 14.337490706065347)
(None, 3, 14.34006677948629)
(None, 3, 14.342888600504494)
(None, 3, 14.344344270146742)
(None, 3, 14.346302268404271)
(None, 3, 14.347845745772686)
(None, 3, 14.350120193952442)
(None, 3, 14.353028112156695)
(None, 3, 14.354721546875641)
(None, 3, 14.35806052119017)
(None, 3, 14.360627471730474)
(None, 3, 14.362278713126457)
(None, 3, 14.364415177736522)
(None, 3, 14.365943260243855)
(None, 3, 14.368134462137764)
(None, 3, 14.370223601804506)
(None, 3, 14.371805851415642)
(None, 3, 14.373902973602945)
(None, 3, 14.376620451673821)
(None, 3, 14.378763758444366)
(None, 3, 14.380240524748094)
(None, 3, 14.382184268504624)
(None, 3, 14.383669587508951)
(None, 3, 14.3860535102564)
(None, 3, 14.38850528442861)
(None, 3, 14.390246614270922)
(None, 3, 14.391866495764702)
(None, 3, 14.39379769556035)
(None, 3, 14.396178767407596)
(None, 3, 14.397650402090964)
(None, 3, 14.399658006011979)
(None, 3, 14.40142214305589)
(None, 3, 14.404818705554465)
(None, 3, 14.407293286928281)
(None, 3, 14.40890005428114)
(None, 3, 14.410621998002089)
(None, 3, 14.413561276108544)
(None, 3, 14.415639012174484)
(None, 3, 14.417357534815194)
(None, 3, 14.419682158838475)
(None, 3, 14.421926387476109)
(None, 3, 14.424663251668347)
(None, 3, 14.42619703597608)
(None, 3, 14.427704592001971)
(None, 3, 14.429257762431066)
(None, 3, 14.43150541214894)
(None, 3, 14.433570604254)
(None, 3, 14.436217379999908)
(None, 3, 14.437901691838215)
(None, 3, 14.439417230384667)
(None, 3, 14.441939136701805)
(None, 3, 14.805278384702754)
(None, 3, 14.807639500248598)
(None, 3, 14.809192100497652)
(None, 3, 14.811506461280214)
(None, 3, 14.813572793745353)
(None, 3, 14.81527820224514)
(None, 3, 14.817050891989656)
(None, 3, 14.820255303814733)
(None, 3, 14.82274870112987)
(None, 3, 14.824649111203353)
(None, 3, 14.82621710631349)
(None, 3, 14.827980102997323)
(None, 3, 14.830082926985025)
(None, 3, 14.832268997258574)
(None, 3, 14.834193925073782)
(None, 3, 14.836782542455605)
(None, 3, 14.839697302820339)
(None, 3, 14.841750521144556)
(None, 3, 14.844148698393004)
(None, 3, 14.845664807119496)
(None, 3, 14.848528251280625)
(None, 3, 14.850476556477473)
(None, 3, 14.85263639846918)
(None, 3, 14.854384000291931)
(None, 3, 14.857151084026292)
(None, 3, 14.85932346997888)
(None, 3, 14.860910851210377)
(None, 3, 14.86266016357325)
(None, 3, 14.864987068316692)
(None, 3, 14.86691655757222)
(None, 3, 14.86911688234677)
(None, 3, 14.87084737876832)
(None, 3, 14.872779148744007)
(None, 3, 14.875013114140922)
(None, 3, 14.877028700582496)
(None, 3, 14.878929680836022)
(None, 3, 14.880966934119117)
(None, 3, 14.883144451692067)
(None, 3, 14.885481049496189)
(None, 3, 14.886950403459396)
(None, 3, 14.888867918934082)
(None, 3, 14.890429071883737)
(None, 3, 14.8932189628197)
(None, 3, 14.895118802713144)
(None, 3, 14.896744956187366)
(None, 3, 14.899580461526531)
(None, 3, 14.902363510302013)
(None, 3, 14.904956118944117)
(None, 3, 14.906565737197177)
(None, 3, 14.908286540558047)
(None, 3, 14.910717788248817)
(None, 3, 14.91280863845568)
(None, 3, 14.914799707155531)
(None, 3, 14.917030821652245)
(None, 3, 14.920289400581128)
(None, 3, 14.922476041034717)
(None, 3, 14.923980746160408)
(None, 3, 14.92678945303769)
(None, 3, 14.930045181066374)
(None, 3, 14.932032828685985)
(None, 3, 14.934304425965543)
(None, 3, 14.93646939957761)
(None, 3, 14.939828900373582)
(None, 3, 14.941497247170767)
(None, 3, 14.943135374425829)
(None, 3, 14.944832230225016)
(None, 3, 14.947740148429268)
(None, 3, 14.949761436671244)
(None, 3, 14.952433870518956)
(None, 3, 14.95409423479558)
(None, 3, 14.956318507131812)
(None, 3, 14.958170451901893)
(None, 3, 14.959982484069169)
(None, 3, 14.961580128541389)
(None, 3, 14.963052903584837)
(None, 3, 14.966231087128072)
(None, 3, 14.968686282380524)
(None, 3, 14.97025655821082)
(None, 3, 14.972022975974895)
(None, 3, 14.97404654493703)
(None, 3, 14.976441871285276)
(None, 3, 14.978481975468574)
(None, 3, 14.980037426617828)
(None, 3, 14.98155068444412)
(None, 3, 14.98547808455998)
(None, 3, 14.989705969556947)
(None, 3, 14.992571124258196)
(None, 3, 14.9951437765989)
(None, 3, 14.997066423693946)
(None, 3, 14.998926921164626)
(None, 3, 15.00194716483677)
(None, 3, 15.00378941654617)
(None, 3, 15.005683554639212)
(None, 3, 15.00716146130302)
(None, 3, 15.009190732065557)
(None, 3, 15.011751410625418)
(None, 3, 15.01347905614677)
(None, 3, 15.015897189696618)
(None, 3, 15.019270374813551)
(None, 3, 15.022436584575946)
(None, 3, 15.024867262086676)
(None, 3, 15.027220965292)
(None, 3, 15.029943004803197)
(None, 3, 15.031414069306525)
(None, 3, 15.03332018118041)
(None, 3, 15.035116818486605)
(None, 3, 15.037761883692395)
(None, 3, 15.039739268071287)
(None, 3, 15.041230859056055)
(None, 3, 15.042721879860785)
(None, 3, 15.044185532023592)
(None, 3, 15.046524410547875)
(None, 3, 15.048980175980368)
(None, 3, 15.051368660168135)
(None, 3, 15.05282090873014)
(None, 3, 15.054261183511306)
(None, 3, 15.05569347577191)
(None, 3, 15.057169671895597)
(None, 3, 15.058610516856803)
(None, 3, 15.060631805098778)
(None, 3, 15.062080062400504)
(None, 3, 15.063524328441948)
(None, 3, 15.064953199622312)
(None, 3, 15.066393474403478)
(None, 3, 15.068328095279366)
(None, 3, 15.070119600965201)
(None, 3, 15.072493260471926)
(None, 3, 15.074710120467639)
(None, 3, 15.07702334089012)
(None, 3, 15.080070953204183)
(None, 3, 15.08266926364669)
(None, 3, 15.08499160694981)
(None, 3, 15.086523110537383)
(None, 3, 15.089314141833425)
(None, 3, 15.092193551035676)
(None, 3, 15.094839756601544)
(None, 3, 15.097101660820421)
(None, 3, 15.099004351614065)
(None, 3, 15.101656829160376)
(None, 3, 15.103289824795077)
(None, 3, 15.104876065666495)
(None, 3, 15.10666129937189)
(None, 3, 15.109943255682415)
(None, 3, 15.111918359341146)
(None, 3, 15.113793681492869)
(None, 3, 15.115283561937517)
(None, 3, 15.117185682551122)
(None, 3, 15.120635841973462)
(None, 3, 15.122264846347882)
(None, 3, 15.12395999160695)
(None, 3, 15.125851278799793)
(None, 3, 15.128848145090293)
(None, 3, 15.130584913492285)
(None, 3, 15.132821159609358)
(None, 3, 15.135099028869355)
(None, 3, 15.137850717742634)
(None, 3, 15.139360554488686)
(None, 3, 15.14124613988113)
(None, 3, 15.14275825734734)
(None, 3, 15.145019591386177)
(None, 3, 15.147083072951116)
(None, 3, 15.148799314871663)
(None, 3, 15.151206044820713)
(None, 3, 15.152895488279379)
(None, 3, 15.156349068781958)
(None, 3, 15.157832107066127)
(None, 3, 15.159737648759972)
(None, 3, 15.161247485506024)
(None, 3, 15.163141053419027)
(None, 3, 15.16524558794685)
(None, 3, 15.166833539358388)
(None, 3, 15.169127373659506)
(None, 3, 15.17078545721597)
(None, 3, 15.172988632890721)
(None, 3, 15.17493294682729)
(None, 3, 15.176458748614463)
(None, 3, 15.178918505307236)
(None, 3, 15.181492298008019)
(None, 3, 15.183799246450059)
(None, 3, 15.186219660720068)
(None, 3, 15.188032263067386)
(None, 3, 15.190124253634327)
(None, 3, 15.192707169215751)
(None, 3, 15.194168540658398)
(None, 3, 15.19568635992501)
(None, 3, 15.197196766851102)
(None, 3, 15.19915533528867)
(None, 3, 15.201503906873635)
(None, 3, 15.203102691705933)
(None, 3, 15.20559722938115)
(None, 3, 15.207820931537341)
(None, 3, 15.210584594191461)
(None, 3, 15.212286581611009)
(None, 3, 15.213857427621345)
(None, 3, 15.216173498944027)
(None, 3, 15.21909795236944)
(None, 3, 15.220875203554275)
(None, 3, 15.222835482531965)
(None, 3, 15.224326503336693)
(None, 3, 15.226566170534008)
(None, 3, 15.229036190467502)
(None, 3, 15.230707388164888)
(None, 3, 15.232339813619548)
(None, 3, 15.23488680785845)
(None, 3, 15.238169334349013)
(None, 3, 15.240187201510748)
(None, 3, 15.241806512824489)
(None, 3, 15.243946398514796)
(None, 3, 15.246032687281335)
(None, 3, 15.247673095256559)
(None, 3, 15.249822103827505)
(None, 3, 15.252517344876818)
(None, 3, 15.254811179177937)
(None, 3, 15.256784002116508)
(None, 3, 15.258715772092195)
(None, 3, 15.260199380556404)
(None, 3, 15.262265142841503)
(None, 3, 15.264702662512715)
(None, 3, 15.266193113137405)
(None, 3, 15.26810549699173)
(None, 3, 15.26961476355774)
(None, 3, 15.271726710426083)
(None, 3, 15.273913350879674)
(None, 3, 15.27537358196224)
(None, 3, 15.27756364349607)
(None, 3, 15.279332341980304)
(None, 3, 15.281740212289433)
(None, 3, 15.283768342691888)
(None, 3, 15.285456645790475)
(None, 3, 15.287165475370504)
(None, 3, 15.290108174557199)
(None, 3, 15.292055909574007)
(None, 3, 15.293529254797495)
(None, 3, 15.295480981074585)
(None, 3, 15.296994238900876)
(None, 3, 15.29924473951895)
(None, 3, 15.301819102399774)
(None, 3, 15.303726924813779)
(None, 3, 15.305207112197747)
(None, 3, 15.306748879026042)
(None, 3, 15.308958896861274)
(None, 3, 15.310802859110792)
(None, 3, 15.31318735203828)
(None, 3, 15.314674381582728)
(None, 3, 15.316837644654676)
(None, 3, 15.319504946882027)
(None, 3, 15.321416190376274)
(None, 3, 15.323025238449294)
(None, 3, 15.32564464555328)
(None, 3, 15.328236684015344)
(None, 3, 15.330064681223742)
(None, 3, 15.331732457840888)
(None, 3, 15.333759447883264)
(None, 3, 15.336979824749463)
(None, 3, 15.338457731413271)
(None, 3, 15.340944856747967)
(None, 3, 15.343692554360965)
(None, 3, 15.346713368213146)
(None, 3, 15.34929457325445)
(None, 3, 15.3510051133746)
(None, 3, 15.35308684070082)
(None, 3, 15.355217603510484)
(None, 3, 15.356927003270552)
(None, 3, 15.35896995835405)
(None, 3, 15.36151923331311)
(None, 3, 15.363525126694006)
(None, 3, 15.365123911526304)
(None, 3, 15.367036865560669)
(None, 3, 15.369769168312587)
(None, 3, 15.37351354063559)
(None, 3, 15.375449301871559)
(None, 3, 15.378302482791966)
(None, 3, 15.381643167646615)
(None, 3, 15.385190257675763)
(None, 3, 15.386927026077755)
(None, 3, 15.389498538058378)
(None, 3, 15.39149644891871)
(None, 3, 15.392960671261557)
(None, 3, 15.395003056165015)
(None, 3, 15.397615621108521)
(None, 3, 15.401011043247015)
(None, 3, 15.402853294956415)
(None, 3, 15.40441273736595)
(None, 3, 15.406240734574348)
(None, 3, 15.409226767444087)
(None, 3, 15.410709235548216)
(None, 3, 15.412608505261622)
(None, 3, 15.414114350747392)
(None, 3, 15.416212613294775)
(None, 3, 15.41868890520871)
(None, 3, 15.42101752049227)
(None, 3, 15.422559287320563)
(None, 3, 15.424288643382035)
(None, 3, 15.426514626258387)
(None, 3, 15.428466922715517)
(None, 3, 15.43022877903927)
(None, 3, 15.432910905947661)
(None, 3, 15.435268030233226)
(None, 3, 15.437683312882877)
(None, 3, 15.439489073069712)
(None, 3, 15.442607957888782)
(None, 3, 15.445830615475142)
(None, 3, 15.447341022401233)
(None, 3, 15.449245423734999)
(None, 3, 15.451283817378176)
(None, 3, 15.454084541734899)
(None, 3, 15.456496403304307)
(None, 3, 15.458290189710302)
(None, 3, 15.459823974018036)
(None, 3, 15.462135483900397)
(None, 3, 15.46424572022862)
(None, 3, 15.465947137468127)
(None, 3, 15.468723914263167)
(None, 3, 15.470876914094394)
(None, 3, 15.472843465052526)
(None, 3, 15.474302555775012)
(None, 3, 15.475839190982946)
(None, 3, 15.477327931067514)
(None, 3, 15.480200498109284)
(None, 3, 15.482018802257)
(None, 3, 15.483779518220674)
(None, 3, 15.485398259354374)
(None, 3, 15.486939456002627)
(None, 3, 15.489083903133253)
(None, 3, 15.491030497789982)
(None, 3, 15.493218848783693)
(None, 3, 15.495107855256375)
(None, 3, 15.497770596043406)
(None, 3, 15.500311318301867)
(None, 3, 15.501981945819212)
(None, 3, 15.504311701462854)
(None, 3, 15.506753782574386)
(None, 3, 15.508833799360486)
(None, 3, 15.510290039182772)
(None, 3, 15.51222066879838)
(None, 3, 15.514742004935478)
(None, 3, 15.518451026096)
(None, 3, 15.520210601699592)
(None, 3, 15.521819079592571)
(None, 3, 15.523429268025671)
(None, 3, 15.52501721943721)
(None, 3, 15.526656487052351)
(None, 3, 15.528765583020494)
(None, 3, 15.530850161246915)
(None, 3, 15.53261600883095)
(None, 3, 15.535720068968978)
(None, 3, 15.53724701111623)
(None, 3, 15.539024832481104)
(None, 3, 15.54140077270799)
(None, 3, 15.543615922163582)
(None, 3, 15.545536288538468)
(None, 3, 15.547009633761956)
(None, 3, 15.549317722564076)
(None, 3, 15.551304229823609)
(None, 3, 15.554631800537338)
(None, 3, 15.556474052246738)
(None, 3, 15.55836647979966)
(None, 3, 15.56135308284944)
(None, 3, 15.56401810435663)
(None, 3, 15.565641406930652)
(None, 3, 15.56769861651515)
(None, 3, 15.570082539262598)
(None, 3, 15.572161415688617)
(None, 3, 15.57366840153447)
(None, 3, 15.575556267647073)
(None, 3, 15.577558739947726)
(None, 3, 15.58026424423776)
(None, 3, 15.582093951986279)
(None, 3, 15.583981247918842)
(None, 3, 15.585505909345935)
(None, 3, 15.587153159481637)
(None, 3, 15.59029314096219)
(None, 3, 15.591963768479536)
(None, 3, 15.594487955516835)
(None, 3, 15.597935834219014)
(None, 3, 15.601274808533542)
(None, 3, 15.602835961483198)
(None, 3, 15.60448492215902)
(None, 3, 15.606623097309207)
(None, 3, 15.609246495673474)
(None, 3, 15.613035912219642)
(None, 3, 15.616285368267885)
(None, 3, 15.618919600052912)
(None, 3, 15.6215418580571)
(None, 3, 15.62453644362744)
(None, 3, 15.626751593083032)
(None, 3, 15.628395422138494)
(None, 3, 15.630026137053036)
(None, 3, 15.632134662841139)
(None, 3, 15.63492512395714)
(None, 3, 15.636862595733229)
(None, 3, 15.638778970847834)
(None, 3, 15.640260868771923)
(None, 3, 15.642501676329317)
(None, 3, 15.644435727025165)
(None, 3, 15.645899379187972)
(None, 3, 15.64828102121526)
(None, 3, 15.649945376752163)
(None, 3, 15.652369212102414)
(None, 3, 15.65463966902189)
(None, 3, 15.656637579882224)
(None, 3, 15.660434978948953)
(None, 3, 15.662460828631248)
(None, 3, 15.66443992355026)
(None, 3, 15.66698007562868)
(None, 3, 15.66929899785156)
(None, 3, 15.671396120038864)
(None, 3, 15.673302231912748)
(None, 3, 15.675210624506795)
(None, 3, 15.676703355851643)
(None, 3, 15.679004032313243)
(None, 3, 15.680841152402282)
(None, 3, 15.682291690424169)
(None, 3, 15.684872895465473)
(None, 3, 15.686793261840359)
(None, 3, 15.688924024650024)
(None, 3, 15.690797066081586)
(None, 3, 15.692861117826565)
(None, 3, 15.69454485948483)
(None, 3, 15.697358127802435)
(None, 3, 15.699166738889472)
(None, 3, 15.7013510986229)
(None, 3, 15.702872909149793)
(None, 3, 15.704706608158592)
(None, 3, 15.707586587540883)
(None, 3, 15.709674016667503)
(None, 3, 15.711283634920562)
(None, 3, 15.713406415209667)
(None, 3, 15.716492229586414)
(None, 3, 15.718259787710567)
(None, 3, 15.720627745416893)
(None, 3, 15.72219574052703)
(None, 3, 15.725234229960453)
(None, 3, 15.726877488835875)
(None, 3, 15.728404430983128)
(None, 3, 15.72992966259026)
(None, 3, 15.732619772019213)
(None, 3, 15.73490619397981)
(None, 3, 15.736366995242419)
(None, 3, 15.738416792486396)
(None, 3, 15.741258569806002)
(None, 3, 15.743292402008858)
(None, 3, 15.745601060991019)
(None, 3, 15.747734104520843)
(None, 3, 15.751079920995855)
(None, 3, 15.753338974314529)
(None, 3, 15.75495771544823)
(None, 3, 15.757502999147011)
(None, 3, 15.76013552039192)
(None, 3, 15.762147685753254)
(None, 3, 15.76360506593562)
(None, 3, 15.765500914568785)
(None, 3, 15.767266762152817)
(None, 3, 15.770947844491376)
(None, 3, 15.772618472008721)
(None, 3, 15.774291380246227)
(None, 3, 15.776105693133664)
(None, 3, 15.779491422211478)
(None, 3, 15.781801791733757)
(None, 3, 15.784345364892419)
(None, 3, 15.78585748235863)
(None, 3, 15.788219168084515)
(None, 3, 15.790611643532563)
(None, 3, 15.793044601763453)
(None, 3, 15.794920494095216)
(None, 3, 15.797021037362757)
(None, 3, 15.799154651072623)
(None, 3, 15.801214711557321)
(None, 3, 15.80477776662759)
(None, 3, 15.807263751602205)
(None, 3, 15.808737096825693)
(None, 3, 15.81135593374964)
(None, 3, 15.814277536274854)
(None, 3, 15.816748126388388)
(None, 3, 15.818564719995987)
(None, 3, 15.820179469869405)
(None, 3, 15.822092994083812)
(None, 3, 15.824099457644746)
(None, 3, 15.825966227095869)
(None, 3, 15.827617468491852)
(None, 3, 15.829969461157056)
(None, 3, 15.832770185513779)
(None, 3, 15.834607305602818)
(None, 3, 15.836105168568027)
(None, 3, 15.838009569901793)
(None, 3, 15.840436826332283)
(None, 3, 15.842836143940811)
(None, 3, 15.844428656792669)
(None, 3, 15.845991520282444)
(None, 3, 15.847597717455264)
(None, 3, 15.850277563643496)
(None, 3, 15.85263753882926)
(None, 3, 15.854270534463963)
(None, 3, 15.855925767120226)
(None, 3, 15.858127232254857)
(None, 3, 15.86116515150824)
(None, 3, 15.862721172837535)
(None, 3, 15.864661495513824)
(None, 3, 15.866551072166548)
(None, 3, 15.869100917305648)
(None, 3, 15.871661025685471)
(None, 3, 15.874530171646999)
(None, 3, 15.878078972216267)
(None, 3, 15.880482281085076)
(None, 3, 15.882409489620443)
(None, 3, 15.884743236524365)
(None, 3, 15.887113474950851)
(None, 3, 15.889727180254438)
(None, 3, 15.89172737183493)
(None, 3, 15.89505323200854)
(None, 3, 15.897953167692231)
(None, 3, 15.900555469395016)
(None, 3, 15.902100657303551)
(None, 3, 15.904725196027897)
(None, 3, 15.906750475530153)
(None, 3, 15.908638341642757)
(None, 3, 15.911117484456891)
(None, 3, 15.914486678313544)
(None, 3, 15.916529063217002)
(None, 3, 15.918522982817054)
(None, 3, 15.920065890005429)
(None, 3, 15.922350031245866)
(None, 3, 15.924751629574555)
(None, 3, 15.926451906453982)
(None, 3, 15.92815788513381)
(None, 3, 15.93046939501617)
(None, 3, 15.932800291019893)
(None, 3, 15.934534778701723)
(None, 3, 15.936761901938157)
(None, 3, 15.938715338755365)
(None, 3, 15.941269745334788)
(None, 3, 15.943218620711676)
(None, 3, 15.944793457982293)
(None, 3, 15.946543910705245)
(None, 3, 15.949200949691875)
(None, 3, 15.951608249820964)
(None, 3, 15.953268043917548)
(None, 3, 15.955421043748775)
(None, 3, 15.958780544544746)
(None, 3, 15.961614339343791)
(None, 3, 15.963499354556195)
(None, 3, 15.964989235000845)
(None, 3, 15.96715363843287)
(None, 3, 15.969506771458155)
(None, 3, 15.971017748564286)
(None, 3, 15.973253424501321)
(None, 3, 15.975228528160052)
(None, 3, 15.978280131734396)
(None, 3, 15.979906285208617)
(None, 3, 15.98201253027656)
(None, 3, 15.986432565947023)
(None, 3, 15.989060525751611)
(None, 3, 15.991034489050262)
(None, 3, 15.994308462840227)
(None, 3, 15.997754060822245)
(None, 3, 15.999779910504541)
(None, 3, 16.00276822409444)
(None, 3, 16.006067285806168)
(None, 3, 16.008671298049073)
(None, 3, 16.01050328651775)
(None, 3, 16.013551469011855)
(None, 3, 16.016113858111837)
(None, 3, 16.01773659050582)
(None, 3, 16.01948362214853)
(None, 3, 16.022533515182754)
(None, 3, 16.024356380770794)
(None, 3, 16.025992227305693)
(None, 3, 16.027620661500077)
(None, 3, 16.030123181695853)
(None, 3, 16.03278649266292)
(None, 3, 16.034515848724393)
(None, 3, 16.036026825830525)
(None, 3, 16.037967148506812)
(None, 3, 16.040534669227156)
(None, 3, 16.042228674126143)
(None, 3, 16.043680352508108)
(None, 3, 16.04600269581123)
(None, 3, 16.048445347102803)
(None, 3, 16.051100105369272)
(None, 3, 16.052560336451837)
(None, 3, 16.054091840039412)
(None, 3, 16.05556404490282)
(None, 3, 16.059462936016676)
(None, 3, 16.061388434011924)
(None, 3, 16.063551126903832)
(None, 3, 16.065879172007353)
(None, 3, 16.069051653750186)
(None, 3, 16.0707958344927)
(None, 3, 16.073162081658904)
(None, 3, 16.07544622289934)
(None, 3, 16.078255499956665)
(None, 3, 16.079726564459992)
(None, 3, 16.082502771074996)
(None, 3, 16.085075993595737)
(None, 3, 16.087147457681237)
(None, 3, 16.088640189026087)
(None, 3, 16.09052463405845)
(None, 3, 16.09280820511885)
(None, 3, 16.09539454178051)
(None, 3, 16.09732003977576)
(None, 3, 16.099455364025744)
(None, 3, 16.101623758718052)
(None, 3, 16.105113260563154)
(None, 3, 16.106831213023824)
(None, 3, 16.10850925288169)
(None, 3, 16.110633743710913)
(None, 3, 16.113061000141403)
(None, 3, 16.114553161306215)
(None, 3, 16.11670331023724)
(None, 3, 16.119616360061855)
(None, 3, 16.123316828521773)
(None, 3, 16.125092369166488)
(None, 3, 16.126647250135704)
(None, 3, 16.12925240273869)
(None, 3, 16.13133355988487)
(None, 3, 16.132980810020573)
(None, 3, 16.13443248840254)
(None, 3, 16.135885877324625)
(None, 3, 16.137529706380086)
(None, 3, 16.139742004935478)
(None, 3, 16.141887022246145)
(None, 3, 16.14334782350875)
(None, 3, 16.145233979081233)
(None, 3, 16.14690175569838)
(None, 3, 16.150056561859973)
(None, 3, 16.151537889604022)
(None, 3, 16.153890452449264)
(None, 3, 16.15674249300959)
(None, 3, 16.15880825529469)
(None, 3, 16.160571251978524)
(None, 3, 16.16245512683085)
(None, 3, 16.163935884394856)
(None, 3, 16.16721441962514)
(None, 3, 16.16928645389068)
(None, 3, 16.17090291430422)
(None, 3, 16.17238880348859)
(None, 3, 16.174418074251125)
(None, 3, 16.177107613500038)
(None, 3, 16.178664205009373)
(None, 3, 16.180637027947945)
(None, 3, 16.18275353625661)
(None, 3, 16.185923737279282)
(None, 3, 16.189869383156424)
(None, 3, 16.191374658462156)
(None, 3, 16.193760861929764)
(None, 3, 16.19617272349917)
(None, 3, 16.19763466512186)
(None, 3, 16.199409635586534)
(None, 3, 16.201408116626904)
(None, 3, 16.202851812488312)
(None, 3, 16.20433599113256)
(None, 3, 16.205780827354044)
(None, 3, 16.20723649699629)
(None, 3, 16.208698438618978)
(None, 3, 16.210207705184988)
(None, 3, 16.211669646807675)
(None, 3, 16.213498214196115)
(None, 3, 16.214953883838362)
(None, 3, 16.21690903119569)
(None, 3, 16.218449657663903)
(None, 3, 16.220652263158616)
(None, 3, 16.2227761838078)
(None, 3, 16.22484707771326)
(None, 3, 16.226559328373526)
(None, 3, 16.228969479402817)
(None, 3, 16.23108655789152)
(None, 3, 16.232732667667143)
(None, 3, 16.234622244319866)
(None, 3, 16.23661958500016)
(None, 3, 16.238882059399074)
(None, 3, 16.24069010030607)
(None, 3, 16.242178840390643)
(None, 3, 16.244037057141163)
(None, 3, 16.24554233244689)
(None, 3, 16.24800893130015)
(None, 3, 16.250554785178966)
(None, 3, 16.252236816297113)
(None, 3, 16.25391998777534)
(None, 3, 16.25598575006044)
(None, 3, 16.25817980285455)
(None, 3, 16.259867535773097)
(None, 3, 16.26187970113443)
(None, 3, 16.263708838702907)
(None, 3, 16.26668346797185)
(None, 3, 16.268397429172236)
(None, 3, 16.269850818094323)
(None, 3, 16.271756929968205)
(None, 3, 16.274427653275797)
(None, 3, 16.276435257196813)
(None, 3, 16.27789776899954)
(None, 3, 16.27975199448978)
(None, 3, 16.281396393725284)
(None, 3, 16.283717026488283)
(None, 3, 16.28632046855115)
(None, 3, 16.287776708373435)
(None, 3, 16.28967027628644)
(None, 3, 16.291490290974277)
(None, 3, 16.2945059732061)
(None, 3, 16.296667525737927)
(None, 3, 16.298335872535112)
(None, 3, 16.301616118305517)
(None, 3, 16.303741749494822)
(None, 3, 16.305522991939934)
(None, 3, 16.30708756596983)
(None, 3, 16.310059914518607)
(None, 3, 16.312451249606575)
(None, 3, 16.31407854344088)
(None, 3, 16.31631821063819)
(None, 3, 16.318062391380703)
(None, 3, 16.321338645890826)
(None, 3, 16.322797736613314)
(None, 3, 16.324401653065973)
(None, 3, 16.32621881685361)
(None, 3, 16.32831422850079)
(None, 3, 16.3311959184232)
(None, 3, 16.33339738355783)
(None, 3, 16.33616047603191)
(None, 3, 16.339417914600713)
(None, 3, 16.341489378686212)
(None, 3, 16.34305965451651)
(None, 3, 16.345675070360215)
(None, 3, 16.348200397757594)
(None, 3, 16.349916639678145)
(None, 3, 16.351531959731606)
(None, 3, 16.35334798315916)
(None, 3, 16.35506080399947)
(None, 3, 16.358676315633424)
(None, 3, 16.36047466347974)
(None, 3, 16.36208770281304)
(None, 3, 16.36400806918793)
(None, 3, 16.3669348033335)
(None, 3, 16.373333363742937)
(None, 3, 16.380737721743017)
(None, 3, 16.38488007973398)
(None, 3, 16.387603259605253)
(None, 3, 16.38999744559342)
(None, 3, 16.392836372012827)
(None, 3, 16.3948091949514)
(None, 3, 16.396301926296246)
(None, 3, 16.39831808291786)
(None, 3, 16.40325356134453)
(None, 3, 16.40566599309398)
(None, 3, 16.407776229422204)
(None, 3, 16.409781552623055)
(None, 3, 16.41177547222311)
(None, 3, 16.41353048638638)
(None, 3, 16.416263929498378)
(None, 3, 16.41939649863841)
(None, 3, 16.422304416842664)
(None, 3, 16.424042895784773)
(None, 3, 16.4257602780654)
(None, 3, 16.428464071815316)
(None, 3, 16.430416938452485)
(None, 3, 16.43198949500294)
(None, 3, 16.433984554963075)
(None, 3, 16.43553772539217)
(None, 3, 16.437891428597492)
(None, 3, 16.44016245569701)
(None, 3, 16.442055453429976)
(None, 3, 16.44453915768443)
(None, 3, 16.44751606767353)
(None, 3, 16.450038544170706)
(None, 3, 16.45216987716041)
(None, 3, 16.45387984710052)
(None, 3, 16.45675298432233)
(None, 3, 16.458419620579395)
(None, 3, 16.460395294418166)
(None, 3, 16.4621611420022)
(None, 3, 16.465694547710385)
(None, 3, 16.46770386217152)
(None, 3, 16.469739404914495)
(None, 3, 16.4714066113516)
(None, 3, 16.473651980349317)
(None, 3, 16.47636033553955)
(None, 3, 16.47782854914268)
(None, 3, 16.4801651469468)
(None, 3, 16.483001792646046)
(None, 3, 16.485852692846294)
(None, 3, 16.488555346236126)
(None, 3, 16.490274439056876)
(None, 3, 16.49285393355806)
(None, 3, 16.494634035643095)
(None, 3, 16.496365102244685)
(None, 3, 16.499730875021097)
(None, 3, 16.50264677574591)
(None, 3, 16.50471310821105)
(None, 3, 16.506301059622587)
(None, 3, 16.50831835660428)
(None, 3, 16.5115375931104)
(None, 3, 16.51303545607561)
(None, 3, 16.515054463597426)
(None, 3, 16.517730318525377)
(None, 3, 16.520594332866548)
(None, 3, 16.52361286599857)
(None, 3, 16.525220773711506)
(None, 3, 16.527416537045738)
(None, 3, 16.52966760784385)
(None, 3, 16.53114095306734)
(None, 3, 16.533031670080145)
(None, 3, 16.5357502885111)
(None, 3, 16.538460924421496)
(None, 3, 16.540428045559665)
(None, 3, 16.54196924220792)
(None, 3, 16.543632457384742)
(None, 3, 16.545906335384462)
(None, 3, 16.548734998563145)
(None, 3, 16.55030527439344)
(None, 3, 16.552135552322)
(None, 3, 16.55364310834789)
(None, 3, 16.555962600750814)
(None, 3, 16.55788809874606)
(None, 3, 16.56052119017101)
(None, 3, 16.56212738734383)
(None, 3, 16.564301483836537)
(None, 3, 16.566733301707348)
(None, 3, 16.568311560058206)
(None, 3, 16.570138987086562)
(None, 3, 16.57231821519963)
(None, 3, 16.574573277258025)
(None, 3, 16.576410967527107)
(None, 3, 16.577904269051995)
(None, 3, 16.58061205406219)
(None, 3, 16.584001204220243)
(None, 3, 16.5860492909241)
(None, 3, 16.588071149346117)
(None, 3, 16.589661381477814)
(None, 3, 16.59210973456979)
(None, 3, 16.594804975619102)
(None, 3, 16.596732754334507)
(None, 3, 16.598411364372414)
(None, 3, 16.599945718860187)
(None, 3, 16.602208193259102)
(None, 3, 16.604309306706686)
(None, 3, 16.607501744750923)
(None, 3, 16.609967203244096)
(None, 3, 16.612981174935797)
(None, 3, 16.616044182110944)
(None, 3, 16.619261137896903)
(None, 3, 16.621592033900626)
(None, 3, 16.62385279775942)
(None, 3, 16.625486933754203)
(None, 3, 16.627574362880825)
(None, 3, 16.62972622235197)
(None, 3, 16.63191172244548)
(None, 3, 16.63377107955608)
(None, 3, 16.635291749722892)
(None, 3, 16.63745672333496)
(None, 3, 16.63961314424643)
(None, 3, 16.641544914222116)
(None, 3, 16.643461859516762)
(None, 3, 16.64563310510927)
(None, 3, 16.647638998490162)
(None, 3, 16.649249757103302)
(None, 3, 16.651200913200352)
(None, 3, 16.652768338130446)
(None, 3, 16.656023495979092)
(None, 3, 16.658054477281745)
(None, 3, 16.659997080678195)
(None, 3, 16.662789822514355)
(None, 3, 16.665540941207595)
(None, 3, 16.66787411793148)
(None, 3, 16.670354401105694)
(None, 3, 16.67299718559132)
(None, 3, 16.67539707337989)
(None, 3, 16.67690576976586)
(None, 3, 16.679559387672253)
(None, 3, 16.682038530486388)
(None, 3, 16.684419602333634)
(None, 3, 16.68647738209817)
(None, 3, 16.68830880038681)
(None, 3, 16.69039794005355)
(None, 3, 16.69314620784659)
(None, 3, 16.69462582505052)
(None, 3, 16.696544480885283)
(None, 3, 16.698079975733137)
(None, 3, 16.700937147913827)
(None, 3, 16.703723617769548)
(None, 3, 16.705661659725674)
(None, 3, 16.707161233231005)
(None, 3, 16.70941971636964)
(None, 3, 16.711761445794124)
(None, 3, 16.71366470676781)
(None, 3, 16.71632516683468)
(None, 3, 16.718446236583663)
(None, 3, 16.720684193240857)
(None, 3, 16.72232289067596)
(None, 3, 16.723994088373345)
(None, 3, 16.7260022624744)
(None, 3, 16.728943821301016)
(None, 3, 16.73042742976522)
(None, 3, 16.732317576597985)
(None, 3, 16.734044081759258)
(None, 3, 16.736219318612044)
(None, 3, 16.738274247476383)
(None, 3, 16.740387334704806)
(None, 3, 16.743380779915064)
(None, 3, 16.74675510539208)
(None, 3, 16.74977534906422)
(None, 3, 16.752261334038835)
(None, 3, 16.754771266575133)
(None, 3, 16.75679312499715)
(None, 3, 16.758397041449808)
(None, 3, 16.760087055088515)
(None, 3, 16.762226370598782)
(None, 3, 16.764934725789015)
(None, 3, 16.766616756907162)
(None, 3, 16.76809238285081)
(None, 3, 16.769792659730236)
(None, 3, 16.771979870363865)
(None, 3, 16.774959631253164)
(None, 3, 16.776614293729388)
(None, 3, 16.778751328519494)
(None, 3, 16.781816616414797)
(None, 3, 16.783931414183343)
(None, 3, 16.78574686743086)
(None, 3, 16.78783201583732)
(None, 3, 16.789811680936374)
(None, 3, 16.791918496184355)
(None, 3, 16.793781844555237)
(None, 3, 16.795987871130187)
(None, 3, 16.79972426093263)
(None, 3, 16.80190748030598)
(None, 3, 16.803663064649292)
(None, 3, 16.805310884965035)
(None, 3, 16.806818440990927)
(None, 3, 16.809111134931968)
(None, 3, 16.81171799807507)
(None, 3, 16.81363437318968)
(None, 3, 16.815348334390066)
(None, 3, 16.817544667904336)
(None, 3, 16.81965946567288)
(None, 3, 16.82139281299463)
(None, 3, 16.82369691053647)
(None, 3, 16.825242668625044)
(None, 3, 16.82828971075907)
(None, 3, 16.830212357854116)
(None, 3, 16.832364217325264)
(None, 3, 16.834337040263833)
(None, 3, 16.83716000164212)
(None, 3, 16.838661285687568)
(None, 3, 16.840599897823736)
(None, 3, 16.842615484265313)
(None, 3, 16.844733132934056)
(None, 3, 16.847481970907133)
(None, 3, 16.84973190134517)
(None, 3, 16.851417923723595)
(None, 3, 16.853979172463497)
(None, 3, 16.855889845777703)
(None, 3, 16.85735634884071)
(None, 3, 16.859915887040493)
(None, 3, 16.861689717145087)
(None, 3, 16.863662540083656)
(None, 3, 16.86575510083064)
(None, 3, 16.867673756665404)
(None, 3, 16.869195567192296)
(None, 3, 16.871801289975323)
(None, 3, 16.873908105223304)
(None, 3, 16.87537346792623)
(None, 3, 16.87764677574591)
(None, 3, 16.879597361662917)
(None, 3, 16.883332040925243)
(None, 3, 16.88500152808251)
(None, 3, 16.886685839920812)
(None, 3, 16.889028709705375)
(None, 3, 16.891745047416173)
(None, 3, 16.893208699578977)
(None, 3, 16.895614859347987)
(None, 3, 16.897108731052917)
(None, 3, 16.900114720224057)
(None, 3, 16.901931884011695)
(None, 3, 16.90383286426522)
(None, 3, 16.905309630568947)
(None, 3, 16.907904519931215)
(None, 3, 16.909884185030265)
(None, 3, 16.91134954773319)
(None, 3, 16.913253378886917)
(None, 3, 16.915176596162006)
(None, 3, 16.917840477309117)
(None, 3, 16.9204399281117)
(None, 3, 16.92238139114807)
(None, 3, 16.923875833033037)
(None, 3, 16.926113789690234)
(None, 3, 16.928026743724597)
(None, 3, 16.929725880243947)
(None, 3, 16.932144583973834)
(None, 3, 16.9338454310333)
(None, 3, 16.93646711885745)
(None, 3, 16.938217571580402)
(None, 3, 16.940100876252686)
(None, 3, 16.941604441018296)
(None, 3, 16.94441599879578)
(None, 3, 16.946311847428944)
(None, 3, 16.948199143361506)
(None, 3, 16.949775120992204)
(None, 3, 16.951257018916294)
(None, 3, 16.95412844559798)
(None, 3, 16.95642113953902)
(None, 3, 16.95792242358447)
(None, 3, 16.95943511123072)
(None, 3, 16.961648550146194)
(None, 3, 16.96368523324925)
(None, 3, 16.965599327643698)
(None, 3, 16.967922241126857)
(None, 3, 16.969854011102544)
(None, 3, 16.972821798211005)
(None, 3, 16.97429115217421)
(None, 3, 16.976189281527535)
(None, 3, 16.977684863772584)
(None, 3, 16.981262743523896)
(None, 3, 16.983758991739233)
(None, 3, 16.985854403386412)
(None, 3, 16.987824375424783)
(None, 3, 16.990030401999736)
(None, 3, 16.992786652313335)
(None, 3, 16.99483644955731)
(None, 3, 16.9965675161589)
(None, 3, 16.99988767453211)
(None, 3, 17.00174018948223)
(None, 3, 17.003886917333016)
(None, 3, 17.00587456495263)
(None, 3, 17.008381646588727)
(None, 3, 17.010075081307672)
(None, 3, 17.011705226042174)
(None, 3, 17.01339067824056)
(None, 3, 17.016733073635333)
(None, 3, 17.01868822099266)
(None, 3, 17.020678719512475)
(None, 3, 17.023258784193697)
(None, 3, 17.026257361024317)
(None, 3, 17.028784398961815)
(None, 3, 17.030972179775485)
(None, 3, 17.032695263856514)
(None, 3, 17.034908702771986)
(None, 3, 17.03689806093172)
(None, 3, 17.038553863768023)
(None, 3, 17.040860242030025)
(None, 3, 17.04336390258588)
(None, 3, 17.04541655073006)
(None, 3, 17.046891036313628)
(None, 3, 17.04878802530687)
(None, 3, 17.05029957259304)
(None, 3, 17.053412755611713)
(None, 3, 17.055297200644077)
(None, 3, 17.0571953299974)
(None, 3, 17.058716570344252)
(None, 3, 17.060579918715135)
(None, 3, 17.063274589584406)
(None, 3, 17.06492811170055)
(None, 3, 17.066840495554878)
(None, 3, 17.068314410958404)
(None, 3, 17.07048907763115)
(None, 3, 17.072483567411247)
(None, 3, 17.073950640654292)
(None, 3, 17.07643605544887)
(None, 3, 17.078440808469683)
(None, 3, 17.081697676858443)
(None, 3, 17.083530235507165)
(None, 3, 17.08531717975268)
(None, 3, 17.08835167792582)
(None, 3, 17.09043169471192)
(None, 3, 17.091919294436412)
(None, 3, 17.093828257210497)
(None, 3, 17.09533695359647)
(None, 3, 17.097505348288777)
(None, 3, 17.100211992938892)
(None, 3, 17.102000647724527)
(None, 3, 17.103573204274984)
(None, 3, 17.105241551072165)
(None, 3, 17.10804569650913)
(None, 3, 17.10978246491112)
(None, 3, 17.11196112284415)
(None, 3, 17.11344473130836)
(None, 3, 17.11612400731655)
(None, 3, 17.118294112548977)
(None, 3, 17.120205356043225)
(None, 3, 17.121741991251156)
(None, 3, 17.124206309384252)
(None, 3, 17.126326238773157)
(None, 3, 17.127948971167136)
(None, 3, 17.129881311322862)
(None, 3, 17.13200637233213)
(None, 3, 17.135459382654666)
(None, 3, 17.137410538751716)
(None, 3, 17.139036692225936)
(None, 3, 17.140640038498557)
(None, 3, 17.14289909181723)
(None, 3, 17.144769852528633)
(None, 3, 17.146235215231563)
(None, 3, 17.148671024362653)
(None, 3, 17.150450556267646)
(None, 3, 17.15269535508532)
(None, 3, 17.15463909884185)
(None, 3, 17.156269813756392)
(None, 3, 17.159510146923992)
(None, 3, 17.161983017757688)
(None, 3, 17.164142859749393)
(None, 3, 17.166084322785764)
(None, 3, 17.16756736106993)
(None, 3, 17.169752861163442)
(None, 3, 17.1722536708191)
(None, 3, 17.173948245898124)
(None, 3, 17.175565276491707)
(None, 3, 17.1773448083967)
(None, 3, 17.179400307441078)
(None, 3, 17.18150826304914)
(None, 3, 17.18370858782369)
(None, 3, 17.185455619466403)
(None, 3, 17.188211299599963)
(None, 3, 17.190310132327383)
(None, 3, 17.192021812807614)
(None, 3, 17.19361546601955)
(None, 3, 17.196539349264924)
(None, 3, 17.19914165096771)
(None, 3, 17.20085504198806)
(None, 3, 17.2029641379562)
(None, 3, 17.20489305703169)
(None, 3, 17.20837001491591)
(None, 3, 17.21000814217097)
(None, 3, 17.211544207198866)
(None, 3, 17.213154965812006)
(None, 3, 17.21620542902627)
(None, 3, 17.218369832458297)
(None, 3, 17.220530244630044)
(None, 3, 17.222247056730634)
(None, 3, 17.22566357553061)
(None, 3, 17.22752236246117)
(None, 3, 17.22926939410388)
(None, 3, 17.231806695282103)
(None, 3, 17.234379917802844)
(None, 3, 17.236214757171723)
(None, 3, 17.23813911480689)
(None, 3, 17.239663776233982)
(None, 3, 17.24193423315346)
(None, 3, 17.24480737037527)
(None, 3, 17.24656409507866)
(None, 3, 17.249005606010154)
(None, 3, 17.25103202587249)
(None, 3, 17.253553362009587)
(None, 3, 17.2555039479266)
(None, 3, 17.258131337551145)
(None, 3, 17.260916096866747)
(None, 3, 17.262846156302313)
(None, 3, 17.26464393396859)
(None, 3, 17.266437720374586)
(None, 3, 17.268863266264955)
(None, 3, 17.270932449630294)
(None, 3, 17.272566015445037)
(None, 3, 17.274502917041087)
(None, 3, 17.27605380675002)
(None, 3, 17.27823075414293)
(None, 3, 17.281148365407862)
(None, 3, 17.283075003763187)
(None, 3, 17.28462361275196)
(None, 3, 17.286505777064164)
(None, 3, 17.2894661518321)
(None, 3, 17.291552440598643)
(None, 3, 17.293170041372264)
(None, 3, 17.295425673610698)
(None, 3, 17.298484689525566)
(None, 3, 17.300208913966674)
(None, 3, 17.30188752400458)
(None, 3, 17.304689958901424)
(None, 3, 17.307024275985384)
(None, 3, 17.308498761568952)
(None, 3, 17.310482417928284)
(None, 3, 17.31202133385638)
(None, 3, 17.31365546985116)
(None, 3, 17.317144971696262)
(None, 3, 17.318861213616813)
(None, 3, 17.321801632083346)
(None, 3, 17.325156571439)
(None, 3, 17.327744618640782)
(None, 3, 17.330809336356047)
(None, 3, 17.333306724931465)
(None, 1, 17.371357119724124)
(None, 1, 17.373552883058355)
(None, 1, 17.37558785562129)
(None, 1, 17.37788454082261)
(None, 1, 17.379913811585148)
(None, 1, 17.381741238613504)
(None, 1, 17.38341870829133)
(None, 1, 17.38549131273691)
(None, 1, 17.388445985704447)
(None, 1, 17.39011262196151)
(None, 1, 17.39168460833193)
(None, 1, 17.393429929434518)
(None, 1, 17.396457015267142)
(None, 1, 17.398685849043694)
(None, 1, 17.400781830870915)
(None, 1, 17.40244561622778)
(None, 1, 17.40506274261161)
(None, 1, 17.406983679166533)
(None, 1, 17.408536849595627)
(None, 1, 17.41050853217412)
(None, 1, 17.412650128404547)
(None, 1, 17.415533528867076)
(None, 1, 17.417307929151708)
(None, 1, 17.419309261092284)
(None, 1, 17.420941686546943)
(None, 1, 17.42376806900547)
(None, 1, 17.42585093669177)
(None, 1, 17.427519283488955)
(None, 1, 17.429500088948085)
(None, 1, 17.432347568068092)
(None, 1, 17.434326092807066)
(None, 1, 17.436518435061053)
(None, 1, 17.438242089322124)
(None, 1, 17.44059807324761)
(None, 1, 17.443174716848592)
(None, 1, 17.44464464099184)
(None, 1, 17.44615618827801)
(None, 1, 17.448348530532)
(None, 1, 17.451149825068764)
(None, 1, 17.453114095306734)
(None, 1, 17.454609677551783)
(None, 1, 17.456103549256714)
(None, 1, 17.45839966427799)
(None, 1, 17.461093194787185)
(None, 1, 17.462702813040245)
(None, 1, 17.464678486879016)
(None, 1, 17.466283543691755)
(None, 1, 17.468942863398546)
(None, 1, 17.47141060261188)
(None, 1, 17.47300995762422)
(None, 1, 17.474735892605448)
(None, 1, 17.47726863234335)
(None, 1, 17.479447860456418)
(None, 1, 17.48154213174352)
(None, 1, 17.483792632361595)
(None, 1, 17.48629515255737)
(None, 1, 17.488748637269705)
(None, 1, 17.49040444010601)
(None, 1, 17.492021470699587)
(None, 1, 17.49434780526299)
(None, 1, 17.497182740422115)
(None, 1, 17.498901833242865)
(None, 1, 17.500540530677966)
(None, 1, 17.50229440448116)
(None, 1, 17.505035259933678)
(None, 1, 17.50680794967819)
(None, 1, 17.5092226621478)
(None, 1, 17.51070570043197)
(None, 1, 17.51267453211026)
(None, 1, 17.51546328268614)
(None, 1, 17.51728443773406)
(None, 1, 17.519915818618887)
(None, 1, 17.522316846767534)
(None, 1, 17.524399144273797)
(None, 1, 17.525871349137205)
(None, 1, 17.527724434267363)
(None, 1, 17.53066599309398)
(None, 1, 17.534572296548358)
(None, 1, 17.53655823362785)
(None, 1, 17.538206053943593)
(None, 1, 17.540541511387637)
(None, 1, 17.543453420852167)
(None, 1, 17.545532867458228)
(None, 1, 17.548163678163018)
(None, 1, 17.5512187028176)
(None, 1, 17.55317670107513)
(None, 1, 17.55476066122639)
(None, 1, 17.55731221690561)
(None, 1, 17.560475575767803)
(None, 1, 17.562205502009313)
(None, 1, 17.56431060671718)
(None, 1, 17.565810180222506)
(None, 1, 17.568430727686575)
(None, 1, 17.570471972229953)
(None, 1, 17.57254913811585)
(None, 1, 17.574337222721446)
(None, 1, 17.57691044524219)
(None, 1, 17.5788923910614)
(None, 1, 17.581487280423666)
(None, 1, 17.582989134649157)
(None, 1, 17.58474699971263)
(None, 1, 17.58673521751228)
(None, 1, 17.588505626536634)
(None, 1, 17.590575380082015)
(None, 1, 17.593464482344945)
(None, 1, 17.595847264732313)
(None, 1, 17.59800881726414)
(None, 1, 17.599905806257382)
(None, 1, 17.601456125786278)
(None, 1, 17.604179875837595)
(None, 1, 17.607861528356192)
(None, 1, 17.611203923750963)
(None, 1, 17.614664346414024)
(None, 1, 17.618454903320274)
(None, 1, 17.620008073749368)
(None, 1, 17.621927869944212)
(None, 1, 17.62445547806175)
(None, 1, 17.62627720328971)
(None, 1, 17.62844730852214)
(None, 1, 17.63051592170744)
(None, 1, 17.633096556568702)
(None, 1, 17.63457788431275)
(None, 1, 17.63652847022976)
(None, 1, 17.63803431571553)
(None, 1, 17.64105855064795)
(None, 1, 17.642815275351346)
(None, 1, 17.64438954244192)
(None, 1, 17.645964949892576)
(None, 1, 17.648742867047698)
(None, 1, 17.65184806754581)
(None, 1, 17.65348790534099)
(None, 1, 17.655232656263543)
(None, 1, 17.657613157930747)
(None, 1, 17.65984997422786)
(None, 1, 17.661523452645408)
(None, 1, 17.663872024230372)
(None, 1, 17.665486203923752)
(None, 1, 17.668289209000633)
(None, 1, 17.67018448745376)
(None, 1, 17.672116827609486)
(None, 1, 17.673592453553134)
(None, 1, 17.676467871495102)
(None, 1, 17.678549028641285)
(None, 1, 17.680657554429388)
(None, 1, 17.68244107759466)
(None, 1, 17.68471495559438)
(None, 1, 17.688236957701765)
(None, 1, 17.689860260275786)
(None, 1, 17.691611283178776)
(None, 1, 17.694132619315877)
(None, 1, 17.696132240716327)
(None, 1, 17.697805719133875)
(None, 1, 17.7002164403432)
(None, 1, 17.701709741868093)
(None, 1, 17.705047005642502)
(None, 1, 17.70652890356659)
(None, 1, 17.708408787158632)
(None, 1, 17.709914062464364)
(None, 1, 17.71267316367816)
(None, 1, 17.715207043776143)
(None, 1, 17.71736688576785)
(None, 1, 17.719063171386995)
(None, 1, 17.72160845508578)
(None, 1, 17.723961588111063)
(None, 1, 17.725487389898234)
(None, 1, 17.728020699816174)
(None, 1, 17.730987916744592)
(None, 1, 17.733104995233294)
(None, 1, 17.73501623872754)
(None, 1, 17.73708485191284)
(None, 1, 17.739301711908553)
(None, 1, 17.7416685292548)
(None, 1, 17.743133891957726)
(None, 1, 17.745127811557776)
(None, 1, 17.746974624707498)
(None, 1, 17.750643733265214)
(None, 1, 17.752231114496713)
(None, 1, 17.754118980609316)
(None, 1, 17.755610001414045)
(None, 1, 17.757924362196608)
(None, 1, 17.760193678756004)
(None, 1, 17.762124878551653)
(None, 1, 17.764138184273065)
(None, 1, 17.767017593475316)
(None, 1, 17.769274936253872)
(None, 1, 17.77088854576721)
(None, 1, 17.773021589297038)
(None, 1, 17.775548627234535)
(None, 1, 17.777597284118432)
(None, 1, 17.779439535827834)
(None, 1, 17.7818394236164)
(None, 1, 17.784312864630134)
(None, 1, 17.787229335534988)
(None, 1, 17.78910351732663)
(None, 1, 17.790652696495446)
(None, 1, 17.79230051681119)
(None, 1, 17.79476597530436)
(None, 1, 17.797335206564824)
(None, 1, 17.799536671699457)
(None, 1, 17.801337870445973)
(None, 1, 17.80452859795009)
(None, 1, 17.80613935656323)
(None, 1, 17.808523849490715)
(None, 1, 17.810936851420205)
(None, 1, 17.81354371456331)
(None, 1, 17.8152690793645)
(None, 1, 17.817252165543792)
(None, 1, 17.81873463364792)
(None, 1, 17.82173321047854)
(None, 1, 17.823617085330863)
(None, 1, 17.825514074324108)
(None, 1, 17.826994261708077)
(None, 1, 17.82899673400873)
(None, 1, 17.83196224039703)
(None, 1, 17.833445848861235)
(None, 1, 17.835362794155884)
(None, 1, 17.83684469207997)
(None, 1, 17.83935519479631)
(None, 1, 17.84131775449416)
(None, 1, 17.8429570221093)
(None, 1, 17.84514195202277)
(None, 1, 17.847811534970283)
(None, 1, 17.8503089235457)
(None, 1, 17.852228719740545)
(None, 1, 17.853710047484594)
(None, 1, 17.85582256453298)
(None, 1, 17.858173416838103)
(None, 1, 17.86002080016786)
(None, 1, 17.861941736722788)
(None, 1, 17.8637030228665)
(None, 1, 17.865804706494124)
(None, 1, 17.868227401484294)
(None, 1, 17.87015289947954)
(None, 1, 17.872633752833796)
(None, 1, 17.875627768224096)
(None, 1, 17.877727171131557)
(None, 1, 17.88053359728868)
(None, 1, 17.883438094412693)
(None, 1, 17.88653018076988)
(None, 1, 17.88861418881626)
(None, 1, 17.890887496635937)
(None, 1, 17.89412497890334)
(None, 1, 17.89653798083283)
(None, 1, 17.898465759548234)
(None, 1, 17.900001254396088)
(None, 1, 17.902231798712762)
(None, 1, 17.904808442313744)
(None, 1, 17.90646595569017)
(None, 1, 17.908099521504912)
(None, 1, 17.91030212699962)
(None, 1, 17.912511004474773)
(None, 1, 17.914117771827634)
(None, 1, 17.91626221895826)
(None, 1, 17.91792087269476)
(None, 1, 17.920149136291275)
(None, 1, 17.92215902093245)
(None, 1, 17.923636357416218)
(None, 1, 17.925671900159195)
(None, 1, 17.92872977571398)
(None, 1, 17.93183326567197)
(None, 1, 17.933402401142185)
(None, 1, 17.9349715366124)
(None, 1, 17.93671115591459)
(None, 1, 17.939074552180596)
(None, 1, 17.9414065885444)
(None, 1, 17.943135944605867)
(None, 1, 17.944831089864937)
(None, 1, 17.948256161365514)
(None, 1, 17.950146878378316)
(None, 1, 17.95237970341515)
(None, 1, 17.95387186457996)
(None, 1, 17.95609841763635)
(None, 1, 17.958549621628524)
(None, 1, 17.960012133431253)
(None, 1, 17.96197070186882)
(None, 1, 17.96448234494524)
(None, 1, 17.96726482354068)
(None, 1, 17.96911220687044)
(None, 1, 17.9711745480753)
(None, 1, 17.97311316021147)
(None, 1, 17.977040560327328)
(None, 1, 17.97912285783359)
(None, 1, 17.98189849426855)
(None, 1, 17.984160968667467)
(None, 1, 17.98652493511351)
(None, 1, 17.98940605485588)
(None, 1, 17.990894794940452)
(None, 1, 17.99239550880586)
(None, 1, 17.994856976038754)
(None, 1, 17.99756932248927)
(None, 1, 17.999137317599406)
(None, 1, 18.001769268664273)
(None, 1, 18.00441946549042)
(None, 1, 18.006127724890412)
(None, 1, 18.008970072390056)
(None, 1, 18.01233983642675)
(None, 1, 18.01455498588234)
(None, 1, 18.01614806891424)
(None, 1, 18.01809865483125)
(None, 1, 18.020796176600722)
(None, 1, 18.022315136227416)
(None, 1, 18.02431532780791)
(None, 1, 18.02604867512966)
(None, 1, 18.028686898174968)
(None, 1, 18.030822222424952)
(None, 1, 18.032328638090764)
(None, 1, 18.034321987510776)
(None, 1, 18.036447048520042)
(None, 1, 18.038593206190786)
(None, 1, 18.040406948898184)
(None, 1, 18.04231705203235)
(None, 1, 18.04381890625784)
(None, 1, 18.046964589538792)
(None, 1, 18.049534390979296)
(None, 1, 18.05153059129951)
(None, 1, 18.05428456089295)
(None, 1, 18.056911950517495)
(None, 1, 18.058724552864813)
(None, 1, 18.06132001240712)
(None, 1, 18.063954244192146)
(None, 1, 18.066356412700873)
(None, 1, 18.067928399071292)
(None, 1, 18.06950893814231)
(None, 1, 18.07111855639537)
(None, 1, 18.074549899876384)
(None, 1, 18.07660197784052)
(None, 1, 18.07820076267282)
(None, 1, 18.080443280770336)
(None, 1, 18.083163039561374)
(None, 1, 18.085400426038525)
(None, 1, 18.087206756405404)
(None, 1, 18.088851155640906)
(None, 1, 18.09040660679016)
(None, 1, 18.093315665354492)
(None, 1, 18.095164189044333)
(None, 1, 18.097516181709537)
(None, 1, 18.09916742310552)
(None, 1, 18.102127797873457)
(None, 1, 18.10412912981403)
(None, 1, 18.105703396904605)
(None, 1, 18.108469910458926)
(None, 1, 18.111309977238413)
(None, 1, 18.112980034575717)
(None, 1, 18.115183210250468)
(None, 1, 18.11829126164878)
(None, 1, 18.121438655469852)
(None, 1, 18.12385735919974)
(None, 1, 18.1256648299267)
(None, 1, 18.128198710024677)
(None, 1, 18.13077820452586)
(None, 1, 18.133249364819434)
(None, 1, 18.13505512500627)
(None, 1, 18.137704751652382)
(None, 1, 18.139719767913917)
(None, 1, 18.141560309083197)
(None, 1, 18.143144839414493)
(None, 1, 18.145713500494917)
(None, 1, 18.14850339143088)
(None, 1, 18.15047678454949)
(None, 1, 18.153057989590792)
(None, 1, 18.15695231926433)
(None, 1, 18.158808825474733)
(None, 1, 18.16073945509034)
(None, 1, 18.162265827057553)
(None, 1, 18.164941111805465)
(None, 1, 18.166924197984756)
(None, 1, 18.168963161807973)
(None, 1, 18.17076892199481)
(None, 1, 18.173499514206608)
(None, 1, 18.17562457521587)
(None, 1, 18.17724274616953)
(None, 1, 18.17920815676758)
(None, 1, 18.18208528524967)
(None, 1, 18.18528912689471)
(None, 1, 18.186882780106647)
(None, 1, 18.1886446364304)
(None, 1, 18.19130908775755)
(None, 1, 18.193811037773287)
(None, 1, 18.19569320208549)
(None, 1, 18.19776352581091)
(None, 1, 18.200167975039797)
(None, 1, 18.202298167669422)
(None, 1, 18.204410684717807)
(None, 1, 18.206006048469863)
(None, 1, 18.20805413517372)
(None, 1, 18.21056064662978)
(None, 1, 18.21208416769679)
(None, 1, 18.214174447723614)
(None, 1, 18.216248192529275)
(None, 1, 18.218585930693475)
(None, 1, 18.221229855539185)
(None, 1, 18.222971185381496)
(None, 1, 18.22609406146085)
(None, 1, 18.230092163901674)
(None, 1, 18.231750247458137)
(None, 1, 18.233668333112863)
(None, 1, 18.23606537000123)
(None, 1, 18.238189860830456)
(None, 1, 18.240144438007746)
(None, 1, 18.242551167956794)
(None, 1, 18.245749307801432)
(None, 1, 18.248922929904346)
(None, 1, 18.25070417234946)
(None, 1, 18.253484370224744)
(None, 1, 18.25610377732873)
(None, 1, 18.25774475548399)
(None, 1, 18.259286522312284)
(None, 1, 18.261010746753396)
(None, 1, 18.264221430558912)
(None, 1, 18.266236446820447)
(None, 1, 18.26785803885435)
(None, 1, 18.269568008794458)
(None, 1, 18.27202434440699)
(None, 1, 18.274153396676535)
(None, 1, 18.276243676703356)
(None, 1, 18.277847593156014)
(None, 1, 18.2799658120048)
(None, 1, 18.28251223606366)
(None, 1, 18.284439444599027)
(None, 1, 18.286380337455356)
(None, 1, 18.288430134699333)
(None, 1, 18.29050559004511)
(None, 1, 18.292957364217326)
(None, 1, 18.294467200963375)
(None, 1, 18.297233144337657)
(None, 1, 18.30087887551373)
(None, 1, 18.303095735509444)
(None, 1, 18.305036628365773)
(None, 1, 18.30779344885941)
(None, 1, 18.310160266205656)
(None, 1, 18.313033403427465)
(None, 1, 18.314747364627856)
(None, 1, 18.316233823992263)
(None, 1, 18.318792792012005)
(None, 1, 18.32078842215218)
(None, 1, 18.32287642145884)
(None, 1, 18.32505850047211)
(None, 1, 18.32762374047229)
(None, 1, 18.329673537716268)
(None, 1, 18.331167409421198)
(None, 1, 18.33384839596951)
(None, 1, 18.337203905505202)
(None, 1, 18.339066683696043)
(None, 1, 18.34074244283375)
(None, 1, 18.34363781707712)
(None, 1, 18.346371260189116)
(None, 1, 18.34949983806887)
(None, 1, 18.35122976431038)
(None, 1, 18.353710617664635)
(None, 1, 18.355833968133776)
(None, 1, 18.357305602817146)
(None, 1, 18.35921114451099)
(None, 1, 18.36151467187279)
(None, 1, 18.364334212170835)
(None, 1, 18.36634637753217)
(None, 1, 18.368240515625214)
(None, 1, 18.36979938785471)
(None, 1, 18.372673665436597)
(None, 1, 18.37452047858632)
(None, 1, 18.37625610662823)
(None, 1, 18.37798489250966)
(None, 1, 18.380161839902566)
(None, 1, 18.38293804651757)
(None, 1, 18.385421180591983)
(None, 1, 18.387052465686565)
(None, 1, 18.388709979062988)
(None, 1, 18.390879514115376)
(None, 1, 18.39264308097925)
(None, 1, 18.394404367122963)
(None, 1, 18.396861843095575)
(None, 1, 18.39887400845691)
(None, 1, 18.400834287434602)
(None, 1, 18.40280140857277)
(None, 1, 18.40437453530327)
(None, 1, 18.406075382362737)
(None, 1, 18.40982431612606)
(None, 1, 18.411290819189066)
(None, 1, 18.41341531001829)
(None, 1, 18.41619493771353)
(None, 1, 18.418891889302966)
(None, 1, 18.422002221421437)
(None, 1, 18.42377263044579)
(None, 1, 18.426162825173677)
(None, 1, 18.42896526007052)
(None, 1, 18.43103900487618)
(None, 1, 18.433205689028366)
(None, 1, 18.43611588795278)
(None, 1, 18.43815599213608)
(None, 1, 18.439953769802354)
(None, 1, 18.443074365161543)
(None, 1, 18.446113424775007)
(None, 1, 18.447956246664447)
(None, 1, 18.44994902590442)
(None, 1, 18.451471976791392)
(None, 1, 18.453717345789105)
(None, 1, 18.456567675809314)
(None, 1, 18.458613481793012)
(None, 1, 18.46284991949058)
(None, 1, 18.46506791984637)
(None, 1, 18.466698634760913)
(None, 1, 18.46910821561016)
(None, 1, 18.471207618517624)
(None, 1, 18.473322416286166)
(None, 1, 18.47499532452367)
(None, 1, 18.476622618357972)
(None, 1, 18.478606844897346)
(None, 1, 18.481911608409472)
(None, 1, 18.48339464669364)
(None, 1, 18.48532812720945)
(None, 1, 18.486821428734338)
(None, 1, 18.48880394473359)
(None, 1, 18.491328701950927)
(None, 1, 18.493468587641235)
(None, 1, 18.495269786387748)
(None, 1, 18.496926159404094)
(None, 1, 18.498539768917432)
(None, 1, 18.500185878693056)
(None, 1, 18.501804619826757)
(None, 1, 18.503417659160057)
(None, 1, 18.50552162350784)
(None, 1, 18.507190540485063)
(None, 1, 18.508969502210018)
(None, 1, 18.510563155421956)
(None, 1, 18.512669400489898)
(None, 1, 18.514495116978136)
(None, 1, 18.51742698274407)
(None, 1, 18.519291471475032)
(None, 1, 18.521159951466274)
(None, 1, 18.5228573774455)
(None, 1, 18.524475548399163)
(None, 1, 18.527193026470037)
(None, 1, 18.52995326804392)
(None, 1, 18.531626746461463)
(None, 1, 18.533281408937686)
(None, 1, 18.535425285888273)
(None, 1, 18.537298327319835)
(None, 1, 18.538994612938982)
(None, 1, 18.54118182357261)
(None, 1, 18.54327438431959)
(None, 1, 18.546271250610094)
(None, 1, 18.54799946631148)
(None, 1, 18.549716848592112)
(None, 1, 18.552542090690558)
(None, 1, 18.554707634482664)
(None, 1, 18.55616957610535)
(None, 1, 18.558073977439115)
(None, 1, 18.559551313922885)
(None, 1, 18.562197519488755)
(None, 1, 18.56480153173166)
(None, 1, 18.56667628370334)
(None, 1, 18.568544193514544)
(None, 1, 18.571438427397837)
(None, 1, 18.57356747966738)
(None, 1, 18.575222712323644)
(None, 1, 18.577435010879036)
(None, 1, 18.58037143808529)
(None, 1, 18.582396147407504)
(None, 1, 18.58416598625182)
(None, 1, 18.58580810476716)
(None, 1, 18.587573382171154)
(None, 1, 18.590431124531882)
(None, 1, 18.59202477774382)
(None, 1, 18.59354202683039)
(None, 1, 18.595764018446463)
(None, 1, 18.59814337975359)
(None, 1, 18.601029631116322)
(None, 1, 18.6026352581091)
(None, 1, 18.604401105693135)
(None, 1, 18.606990293255)
(None, 1, 18.609231670992433)
(None, 1, 18.61151581223287)
(None, 1, 18.615046367040858)
(None, 1, 18.61797196082635)
(None, 1, 18.62108457366498)
(None, 1, 18.623319109241933)
(None, 1, 18.627170105232427)
(None, 1, 18.629085339986954)
(None, 1, 18.631036496084004)
(None, 1, 18.63251839400809)
(None, 1, 18.635194819116084)
(None, 1, 18.63733983642675)
(None, 1, 18.639089148789623)
(None, 1, 18.641876188825382)
(None, 1, 18.644279497694193)
(None, 1, 18.64634183889905)
(None, 1, 18.648686419223733)
(None, 1, 18.650185422549026)
(None, 1, 18.652307062478048)
(None, 1, 18.65463909884185)
(None, 1, 18.656331963380758)
(None, 1, 18.65796153793522)
(None, 1, 18.660822701376187)
(None, 1, 18.663201492503273)
(None, 1, 18.66467141664652)
(None, 1, 18.666562703839364)
(None, 1, 18.668069689685215)
(None, 1, 18.670275146080126)
(None, 1, 18.672818149058745)
(None, 1, 18.674468250094648)
(None, 1, 18.67606190330659)
(None, 1, 18.678421308312313)
(None, 1, 18.680959179670573)
(None, 1, 18.68242853363378)
(None, 1, 18.685154564405256)
(None, 1, 18.687003088095096)
(None, 1, 18.690118551833926)
(None, 1, 18.69186843437684)
(None, 1, 18.69347349118958)
(None, 1, 18.69648233126092)
(None, 1, 18.698918710572052)
(None, 1, 18.70039604705582)
(None, 1, 18.70248917798284)
(None, 1, 18.704046909852256)
(None, 1, 18.706222716885083)
(None, 1, 18.708668219076856)
(None, 1, 18.710145555560622)
(None, 1, 18.71242912662102)
(None, 1, 18.713953788048116)
(None, 1, 18.71703047954422)
(None, 1, 18.71899132870195)
(None, 1, 18.72128288228291)
(None, 1, 18.722863421353928)
(None, 1, 18.72588879664643)
(None, 1, 18.72776468897819)
(None, 1, 18.730066505799872)
(None, 1, 18.73326749654471)
(None, 1, 18.735964448134144)
(None, 1, 18.73754897846544)
(None, 1, 18.739433993677842)
(None, 1, 18.740959225284975)
(None, 1, 18.744622632042294)
(None, 1, 18.746276724338475)
(None, 1, 18.748478189473108)
(None, 1, 18.7499914472994)
(None, 1, 18.75218778081367)
(None, 1, 18.75406253278535)
(None, 1, 18.755612282134205)
(None, 1, 18.75796769587965)
(None, 1, 18.76047933895607)
(None, 1, 18.76316602730478)
(None, 1, 18.764830953021725)
(None, 1, 18.766417193893144)
(None, 1, 18.769121557823098)
(None, 1, 18.771280259454727)
(None, 1, 18.772760446838692)
(None, 1, 18.774646032231136)
(None, 1, 18.776164421677787)
(None, 1, 18.778500449301873)
(None, 1, 18.78147051713049)
(None, 1, 18.78333728658161)
(None, 1, 18.784885895570387)
(None, 1, 18.7866614362151)
(None, 1, 18.789600144141513)
(None, 1, 18.791115112507924)
(None, 1, 18.79310846192794)
(None, 1, 18.794791633406163)
(None, 1, 18.797480602475037)
(None, 1, 18.799391845969282)
(None, 1, 18.80109440356887)
(None, 1, 18.804376359879395)
(None, 1, 18.806690150481916)
(None, 1, 18.808493629948593)
(None, 1, 18.810282284734228)
(None, 1, 18.812722655305638)
(None, 1, 18.815662503592133)
(None, 1, 18.818097172363146)
(None, 1, 18.820036354679353)
(None, 1, 18.82159237600865)
(None, 1, 18.824078931163303)
(None, 1, 18.826415528967427)
(None, 1, 18.828941426544844)
(None, 1, 18.830434728069736)
(None, 1, 18.832626500143686)
(None, 1, 18.834793754475914)
(None, 1, 18.83626538915928)
(None, 1, 18.838064877365678)
(None, 1, 18.841303499993156)
(None, 1, 18.84353632502999)
(None, 1, 18.84559068371429)
(None, 1, 18.847216837188512)
(None, 1, 18.84891426316774)
(None, 1, 18.85252008174101)
(None, 1, 18.8540190850663)
(None, 1, 18.855895547578104)
(None, 1, 18.857444726746916)
(None, 1, 18.85965645512227)
(None, 1, 18.862161826218248)
(None, 1, 18.863627759101213)
(None, 1, 18.86624203458484)
(None, 1, 18.868678984076013)
(None, 1, 18.870862203449363)
(None, 1, 18.872432479279656)
(None, 1, 18.87443894284059)
(None, 1, 18.876086192976295)
(None, 1, 18.88976595249716)
(None, 1, 18.891766144077653)
(None, 1, 18.894152347545262)
(None, 1, 18.89735675937034)
(None, 1, 18.900231036952228)
(None, 1, 18.90244618640782)
(None, 1, 18.905014847488243)
(None, 1, 18.907568113707583)
(None, 1, 18.909046590551434)
(None, 1, 18.911040510151487)
(None, 1, 18.914605275761875)
(None, 1, 18.91684551313923)
(None, 1, 18.918527544257376)
(None, 1, 18.920267733739607)
(None, 1, 18.922558717140525)
(None, 1, 18.925315537634162)
(None, 1, 18.927038051535153)
(None, 1, 18.929725310063905)
(None, 1, 18.93311959184232)
(None, 1, 18.935953386641366)
(None, 1, 18.93828086156485)
(None, 1, 18.940146490655888)
(None, 1, 18.942607387708744)
(None, 1, 18.944916616870945)
(None, 1, 18.94706619562193)
(None, 1, 18.949750603250482)
(None, 1, 18.951989700267756)
(None, 1, 18.95365804706494)
(None, 1, 18.955199813893234)
(None, 1, 18.956821405927137)
(None, 1, 18.95893905459588)
(None, 1, 18.961632014925033)
(None, 1, 18.96330606352262)
(None, 1, 18.965347308065994)
(None, 1, 18.967645703807435)
(None, 1, 18.969969757650677)
(None, 1, 18.971441962514085)
(None, 1, 18.974315099735893)
(None, 1, 18.97611743884249)
(None, 1, 18.97875794260796)
(None, 1, 18.980707958344926)
(None, 1, 18.98349385802061)
(None, 1, 18.98742068795643)
(None, 1, 18.989581670308215)
(None, 1, 18.991250587285442)
(None, 1, 18.99295998704551)
(None, 1, 18.995688868717185)
(None, 1, 18.99760182275155)
(None, 1, 18.99965903233605)
(None, 1, 19.001653522116143)
(None, 1, 19.003416518799977)
(None, 1, 19.005509649727)
(None, 1, 19.00725097956931)
(None, 1, 19.008974633830377)
(None, 1, 19.011360267117944)
(None, 1, 19.013581688553977)
(None, 1, 19.016043725966913)
(None, 1, 19.01751764137044)
(None, 1, 19.019435156845127)
(None, 1, 19.021177627047518)
(None, 1, 19.02430677510731)
(None, 1, 19.025777839610637)
(None, 1, 19.02777917155121)
(None, 1, 19.030524018264007)
(None, 1, 19.03287316002901)
(None, 1, 19.035336337802025)
(None, 1, 19.037569162838857)
(None, 1, 19.040789539705056)
(None, 1, 19.042937407915925)
(None, 1, 19.04485948483093)
(None, 1, 19.04741731249059)
(None, 1, 19.049967727809733)
(None, 1, 19.051924585707184)
(None, 1, 19.05338709750991)
(None, 1, 19.055300051544275)
(None, 1, 19.058843150313145)
(None, 1, 19.06181321814176)
(None, 1, 19.063734154696686)
(None, 1, 19.065442414096676)
(None, 1, 19.06781550342336)
(None, 1, 19.070395568104583)
(None, 1, 19.071862641347632)
(None, 1, 19.074109150705425)
(None, 1, 19.07692241902303)
(None, 1, 19.078938005464604)
(None, 1, 19.08058810650051)
(None, 1, 19.082633912484205)
(None, 1, 19.08430682072171)
(None, 1, 19.087355573395854)
(None, 1, 19.08925085184898)
(None, 1, 19.091317184314118)
(None, 1, 19.09305224217599)
(None, 1, 19.096274329582307)
(None, 1, 19.09812228309211)
(None, 1, 19.099753568186692)
(None, 1, 19.101523977211045)
(None, 1, 19.10460066870715)
(None, 1, 19.10679871276154)
(None, 1, 19.108463068298445)
(None, 1, 19.11014395905651)
(None, 1, 19.113052447440804)
(None, 1, 19.11498307705641)
(None, 1, 19.11644729939926)
(None, 1, 19.11878218666326)
(None, 1, 19.12060961369162)
(None, 1, 19.12374959517217)
(None, 1, 19.12523092291622)
(None, 1, 19.127271597279556)
(None, 1, 19.129105866468397)
(None, 1, 19.131952205228323)
(None, 1, 19.13408581893819)
(None, 1, 19.135810613559336)
(None, 1, 19.137786287398107)
(None, 1, 19.1411646041354)
(None, 1, 19.14322922606042)
(None, 1, 19.145576087105265)
(None, 1, 19.147516979961594)
(None, 1, 19.15052125859261)
(None, 1, 19.152032235698744)
(None, 1, 19.153861373267222)
(None, 1, 19.155864985927956)
(None, 1, 19.15834013748181)
(None, 1, 19.160493137313036)
(None, 1, 19.162333678482316)
(None, 1, 19.164916023883702)
(None, 1, 19.16891241578441)
(None, 1, 19.170676552828322)
(None, 1, 19.172580954162086)
(None, 1, 19.174078246947257)
(None, 1, 19.176678838109922)
(None, 1, 19.17941684266224)
(None, 1, 19.181097733420305)
(None, 1, 19.182843624702937)
(None, 1, 19.185955667361526)
(None, 1, 19.18761032983775)
(None, 1, 19.18910990334308)
(None, 1, 19.191617555159215)
(None, 1, 19.194392051234097)
(None, 1, 19.19640022533515)
(None, 1, 19.19786330731792)
(None, 1, 19.199757445410963)
(None, 1, 19.201257589096333)
(None, 1, 19.20491700459337)
(None, 1, 19.20653118428675)
(None, 1, 19.208294751150625)
(None, 1, 19.21114394081075)
(None, 1, 19.21470471516086)
(None, 1, 19.216401000780007)
(None, 1, 19.218035136774787)
(None, 1, 19.220405375201274)
(None, 1, 19.22327395098276)
(None, 1, 19.224929753819065)
(None, 1, 19.227562845244016)
(None, 1, 19.230423438504943)
(None, 1, 19.232669377682697)
(None, 1, 19.234357680781283)
(None, 1, 19.235902298509778)
(None, 1, 19.238750917989865)
(None, 1, 19.241166200639515)
(None, 1, 19.24262985280232)
(None, 1, 19.245001801768925)
(None, 1, 19.24650422617446)
(None, 1, 19.248797490295537)
(None, 1, 19.251221325645787)
(None, 1, 19.252911909464533)
(None, 1, 19.254675476328405)
(None, 1, 19.2571825579645)
(None, 1, 19.259152530002872)
(None, 1, 19.26084482436174)
(None, 1, 19.26313808848282)
(None, 1, 19.2649643751511)
(None, 1, 19.267676151421572)
(None, 1, 19.269540640152535)
(None, 1, 19.271178197227556)
(None, 1, 19.27285623708542)
(None, 1, 19.275762444749553)
(None, 1, 19.277941672862625)
(None, 1, 19.27966760784385)
(None, 1, 19.281720826168073)
(None, 1, 19.284097906755036)
(None, 1, 19.286697927737663)
(None, 1, 19.288420441638653)
(None, 1, 19.28998615602863)
(None, 1, 19.29188770646219)
(None, 1, 19.295117776389073)
(None, 1, 19.296756473824175)
(None, 1, 19.298820525569155)
(None, 1, 19.30063997007695)
(None, 1, 19.30328845636298)
(None, 1, 19.30522991939935)
(None, 1, 19.306871467734652)
(None, 1, 19.308533542551395)
(None, 1, 19.311534970282217)
(None, 1, 19.3136446364304)
(None, 1, 19.315211491180456)
(None, 1, 19.31676580196963)
(None, 1, 19.31838283256321)
(None, 1, 19.32069320208549)
(None, 1, 19.323179187060106)
(None, 1, 19.324712971367838)
(None, 1, 19.32668864520661)
(None, 1, 19.329498492443975)
(None, 1, 19.332300357160776)
(None, 1, 19.333764579503622)
(None, 1, 19.336079510466224)
(None, 1, 19.338636767945847)
(None, 1, 19.340627836645698)
(None, 1, 19.342088067728266)
(None, 1, 19.344251330800212)
(None, 1, 19.345744062145062)
(None, 1, 19.34871812123396)
(None, 1, 19.350706909213653)
(None, 1, 19.352367273490277)
(None, 1, 19.35401851488626)
(None, 1, 19.356507350761078)
(None, 1, 19.35944092706713)
(None, 1, 19.36140063586478)
(None, 1, 19.36291674459127)
(None, 1, 19.365715188227835)
(None, 1, 19.36794459218443)
(None, 1, 19.36942934100872)
(None, 1, 19.371437515109772)
(None, 1, 19.373348758604017)
(None, 1, 19.376194527183905)
(None, 1, 19.37855507254971)
(None, 1, 19.380227410607173)
(None, 1, 19.381963608829125)
(None, 1, 19.38516174867376)
(None, 1, 19.38666816433957)
(None, 1, 19.388113000561056)
(None, 1, 19.3900099895543)
(None, 1, 19.39196855799187)
(None, 1, 19.39538450661181)
(None, 1, 19.397099608172276)
(None, 1, 19.39871663876586)
(None, 1, 19.400680338823786)
(None, 1, 19.403799223642856)
(None, 1, 19.405359806412473)
(None, 1, 19.40751394660378)
(None, 1, 19.40924045176505)
(None, 1, 19.412783550533916)
(None, 1, 19.414512336415346)
(None, 1, 19.416096866746646)
(None, 1, 19.417811968307113)
(None, 1, 19.420734141012368)
(None, 1, 19.422686437469494)
(None, 1, 19.42414324747182)
(None, 1, 19.426064754206788)
(None, 1, 19.42781007530938)
(None, 1, 19.43083259970168)
(None, 1, 19.43256024522303)
(None, 1, 19.434590656345648)
(None, 1, 19.436068563009457)
(None, 1, 19.43829967750617)
(None, 1, 19.44046180021804)
(None, 1, 19.442174621058346)
(None, 1, 19.444684553594644)
(None, 1, 19.446433865957516)
(None, 1, 19.448550944446218)
(None, 1, 19.45064122447304)
(None, 1, 19.45225426380634)
(None, 1, 19.453959672306127)
(None, 1, 19.45743263893007)
(None, 1, 19.45929370658079)
(None, 1, 19.46137372336689)
(None, 1, 19.46402220965292)
(None, 1, 19.46772438865296)
(None, 1, 19.47033581323639)
(None, 1, 19.471892404745724)
(None, 1, 19.47370044565272)
(None, 1, 19.47647551190764)
(None, 1, 19.478149560505226)
(None, 1, 19.480373832841458)
(None, 1, 19.48199827577556)
(None, 1, 19.484292110076677)
(None, 1, 19.486216467711845)
(None, 1, 19.487811261283863)
(None, 1, 19.490049788121098)
(None, 1, 19.492457088250188)
(None, 1, 19.495066802293493)
(None, 1, 19.496749973771717)
(None, 1, 19.49826608249821)
(None, 1, 19.50024517741722)
(None, 1, 19.503289938831085)
(None, 1, 19.50496683832887)
(None, 1, 19.506447025712838)
(None, 1, 19.50793462543733)
(None, 1, 19.509596700254072)
(None, 1, 19.512123738191573)
(None, 1, 19.51415471949423)
(None, 1, 19.516211358898687)
(None, 1, 19.517925320099074)
(None, 1, 19.520469463437774)
(None, 1, 19.522433163495705)
(None, 1, 19.524079843451368)
(None, 1, 19.527412545785456)
(None, 1, 19.530422526216878)
(None, 1, 19.5332403559748)
(None, 1, 19.534745631280533)
(None, 1, 19.536244064425784)
(None, 1, 19.53897579699766)
(None, 1, 19.5408243206875)
(None, 1, 19.542795433085953)
(None, 1, 19.544925055535536)
(None, 1, 19.546705157620572)
(None, 1, 19.54886328907216)
(None, 1, 19.55098435882114)
(None, 1, 19.55292810257767)
(None, 1, 19.554468158865845)
(None, 1, 19.556771116047603)
(None, 1, 19.5588311765323)
(None, 1, 19.56155093532334)
(None, 1, 19.563765514598888)
(None, 1, 19.566234394172305)
(None, 1, 19.568182699369153)
(None, 1, 19.569920037951185)
(None, 1, 19.573148397337942)
(None, 1, 19.57587784918966)
(None, 1, 19.578368395604596)
(None, 1, 19.580569860739228)
(None, 1, 19.58333979537379)
(None, 1, 19.585758499103676)
(None, 1, 19.588600846603324)
(None, 1, 19.591950084158572)
(None, 1, 19.59533125179607)
(None, 1, 19.59707030091822)
(None, 1, 19.59983567411246)
(None, 1, 19.602652933690344)
(None, 1, 19.60413084035415)
(None, 1, 19.606030680247596)
(None, 1, 19.60759525427749)
(None, 1, 19.61231121338874)
(None, 1, 19.615346851921963)
